household_key,primer_dia,ultimo_dia,frecuencia_cestas,clv_historico,n_lineas,recencia_dias,tenencia_dias,gasto_medio_cesta,tenencia_corta,n_categorias_distintas,log_clv_historico,gasto_medio_semanal_base,gasto_medio_semanal_reciente,tendencia_no_disponible,tendencia_relativa,AGE_DESC,MARITAL_STATUS_CODE,INCOME_DESC,HOMEOWNER_DESC,HH_COMP_DESC,KID_CATEGORY_DESC,AGE_DESC_cod,MARITAL_STATUS_CODE_cod,INCOME_DESC_cod,HOMEOWNER_DESC_cod,HH_COMP_DESC_cod,KID_CATEGORY_DESC_cod,tamano_medio_cesta,descuento_total,target_campana,n_campanas,nivel_valor,nivel_tendencia,cuadrante
1,51,697,85,4248.87,1697,8,647,49.98670588235294,False,127,8.354643673215339,47.60450704225352,46.25833333333333,False,-0.028278282720695613,65+,A,35-49K,Homeowner,2 Adults No Kids,None/Unknown,5.0,0.0,3.0,0.0,2.0,3.0,19.96470588235294,790.9599999999999,1,8,Alto,Descendente,Alto valor / Descendente
2,103,668,45,1954.34,714,37,566,43.42977777777777,False,141,7.578319370341824,23.140281690140846,17.805833333333332,False,-0.23052650906493977,Sin dato,Sin dato,Sin dato,Sin dato,Sin dato,Sin dato,6.0,2.0,12.0,4.0,3.0,4.0,15.866666666666667,343.99,1,1,Bajo,Descendente,Bajo valor / Descendente
3,113,703,47,2653.21,922,2,591,56.45127659574468,False,109,7.883902337609645,35.02422535211267,8.185833333333333,False,-0.7662808170334148,Sin dato,Sin dato,Sin dato,Sin dato,Sin dato,Sin dato,6.0,2.0,12.0,4.0,3.0,4.0,19.617021276595743,756.1499999999999,1,3,Alto,Descendente,Alto valor / Descendente
4,104,627,30,1200.1100000000001,301,78,524,40.00366666666667,False,63,7.091001408227227,14.773521126760565,2.079166666666667,False,-0.8592639731024927,Sin dato,Sin dato,Sin dato,Sin dato,Sin dato,Sin dato,6.0,2.0,12.0,4.0,3.0,4.0,10.033333333333333,118.15,1,1,Bajo,Descendente,Bajo valor / Descendente
5,85,703,40,779.0600000000001,222,2,619,19.4765,False,76,6.659370839802133,8.547323943661972,2.4975,False,-0.7078032824704215,Sin dato,Sin dato,Sin dato,Sin dato,Sin dato,Sin dato,6.0,2.0,12.0,4.0,3.0,4.0,5.55,118.33,0,0,Bajo,Descendente,Bajo valor / Descendente
6,118,696,247,5901.12,1770,9,579,23.891174089068826,False,151,8.683066887387007,73.90859154929578,49.97083333333333,False,-0.32388329575995733,Sin dato,Sin dato,Sin dato,Sin dato,Sin dato,Sin dato,6.0,2.0,12.0,4.0,3.0,4.0,7.165991902834008,819.62,1,4,Alto,Descendente,Alto valor / Descendente
7,23,701,57,3340.07,1266,4,679,58.597719298245615,False,154,8.114046393948106,31.003380281690145,76.66250000000001,False,1.4727142428812852,45-54,A,50-74K,Homeowner,2 Adults No Kids,None/Unknown,3.0,0.0,4.0,0.0,2.0,3.0,22.210526315789473,514.66,1,4,Alto,Ascendente,Alto valor / Ascendente
8,65,699,112,5482.31,1958,6,635,48.94919642857143,False,179,8.609464212197205,55.695915492957745,91.24666666666667,False,0.6383008674703264,25-34,U,25-34K,Unknown,2 Adults Kids,1,1.0,3.0,2.0,5.0,1.0,0.0,17.482142857142858,1096.9199999999998,1,10,Alto,Ascendente,Alto valor / Ascendente
9,104,689,20,797.42,220,16,586,39.870999999999995,False,72,6.682634774783706,7.904647887323944,14.586666666666666,False,0.8453278216298723,Sin dato,Sin dato,Sin dato,Sin dato,Sin dato,Sin dato,6.0,2.0,12.0,4.0,3.0,4.0,11.0,183.1,0,0,Bajo,Ascendente,Bajo valor / Ascendente
10,114,685,9,234.34,70,20,572,26.037777777777777,False,40,5.461031277035783,1.5407042253521126,5.866666666666667,False,2.80778255172624,Sin dato,Sin dato,Sin dato,Sin dato,Sin dato,Sin dato,6.0,2.0,12.0,4.0,3.0,4.0,7.777777777777778,24.84,0,0,Bajo,Ascendente,Bajo valor / Ascendente
11,110,412,5,33.39,18,293,303,6.678,True,14,3.537765824444175,0.216056338028169,0.0,True,,Sin dato,Sin dato,Sin dato,Sin dato,Sin dato,Sin dato,6.0,2.0,12.0,4.0,3.0,4.0,3.6,10.98,0,0,Bajo,Sin tendencia disponible,Sin tendencia disponible
12,72,504,7,266.21,88,201,433,38.029999999999994,False,48,5.5880348661118875,2.9877464788732393,0.0,False,-1.0,Sin dato,Sin dato,Sin dato,Sin dato,Sin dato,Sin dato,6.0,2.0,12.0,4.0,3.0,4.0,12.571428571428571,32.7,0,0,Bajo,Descendente,Bajo valor / Descendente
13,101,705,273,13100.18,2328,0,605,47.986007326007325,False,161,9.48045758146849,149.19830985915493,164.99333333333334,False,0.10586596784567537,25-34,U,75-99K,Homeowner,2 Adults Kids,2,1.0,3.0,5.0,0.0,1.0,1.0,8.527472527472527,2001.5100000000002,1,10,Alto,Ascendente,Alto valor / Ascendente
14,4,704,140,2761.19,927,1,701,19.722785714285713,False,114,7.923779122334618,26.453521126760563,37.48166666666666,False,0.4168876229013593,Sin dato,Sin dato,Sin dato,Sin dato,Sin dato,Sin dato,6.0,2.0,12.0,4.0,3.0,4.0,6.621428571428571,611.3100000000001,1,5,Alto,Ascendente,Alto valor / Ascendente
15,22,705,55,972.53,309,0,684,17.682363636363636,False,91,6.880928640978418,9.50169014084507,14.744166666666667,False,0.5517414742126431,Sin dato,Sin dato,Sin dato,Sin dato,Sin dato,Sin dato,6.0,2.0,12.0,4.0,3.0,4.0,5.618181818181818,161.09,0,0,Bajo,Ascendente,Bajo valor / Ascendente
16,98,690,98,1512.02,517,15,593,15.428775510204082,False,109,7.321862932471643,17.136478873239437,2.1666666666666665,False,-0.8735640686343003,45-54,B,50-74K,Homeowner,Single Female,None/Unknown,3.0,1.0,4.0,0.0,4.0,3.0,5.275510204081633,172.29,1,2,Bajo,Descendente,Bajo valor / Descendente
17,24,689,124,5139.63,1032,16,666,41.44862903225807,False,122,8.54493091903174,51.98112676056338,22.4325,False,-0.5684491391783583,65+,B,Under 15K,Homeowner,2 Adults No Kids,None/Unknown,5.0,1.0,0.0,0.0,2.0,3.0,8.32258064516129,1186.06,1,5,Alto,Descendente,Alto valor / Descendente
18,94,704,161,6988.28,1857,1,611,43.405465838509315,False,143,8.852132825630704,76.35887323943663,118.92333333333333,False,0.5574265083827046,45-54,A,100-124K,Homeowner,2 Adults No Kids,None/Unknown,3.0,0.0,6.0,0.0,2.0,3.0,11.53416149068323,1016.8,1,4,Alto,Ascendente,Alto valor / Ascendente
19,73,704,419,11263.69,4640,1,632,26.882315035799525,False,176,9.329428333623957,128.78774647887323,119.98916666666666,False,-0.06831845461050844,35-44,B,15-24K,Unknown,Single Female,None/Unknown,2.0,1.0,1.0,5.0,4.0,3.0,11.073985680190932,3061.5800000000004,1,9,Alto,Descendente,Alto valor / Descendente
20,81,705,381,7383.24,2016,0,625,19.378582677165355,False,115,8.907103278363046,85.77352112676057,101.24000000000001,False,0.18031763964058642,25-34,A,75-99K,Renter,2 Adults No Kids,None/Unknown,1.0,0.0,5.0,3.0,2.0,3.0,5.291338582677166,832.59,1,7,Alto,Ascendente,Alto valor / Ascendente
21,72,682,27,870.11,278,23,611,32.2262962962963,False,86,6.769768260497217,10.172535211267606,6.753333333333334,False,-0.33612091842621433,Sin dato,Sin dato,Sin dato,Sin dato,Sin dato,Sin dato,6.0,2.0,12.0,4.0,3.0,4.0,10.296296296296296,166.66,0,0,Bajo,Descendente,Bajo valor / Descendente
22,25,703,134,6187.63,1613,2,679,46.17634328358209,False,143,8.730469016465426,60.96070422535211,81.94416666666667,False,0.3442129271299993,45-54,A,75-99K,Homeowner,2 Adults No Kids,None/Unknown,3.0,0.0,5.0,0.0,2.0,3.0,12.037313432835822,866.43,1,8,Alto,Ascendente,Alto valor / Ascendente
23,109,697,108,3113.42,746,8,589,28.827962962962964,False,127,8.043798218058313,35.73788732394366,22.44666666666667,False,-0.3719084045679483,Sin dato,Sin dato,Sin dato,Sin dato,Sin dato,Sin dato,6.0,2.0,12.0,4.0,3.0,4.0,6.907407407407407,278.5,1,3,Alto,Descendente,Alto valor / Descendente
24,59,698,73,1820.62,589,7,640,24.939999999999998,False,92,7.507481494048062,10.171971830985916,41.90833333333333,False,3.1199812612213433,Sin dato,Sin dato,Sin dato,Sin dato,Sin dato,Sin dato,6.0,2.0,12.0,4.0,3.0,4.0,8.068493150684931,426.99,0,0,Bajo,Ascendente,Bajo valor / Ascendente
25,11,705,94,3149.65,1019,0,695,33.50691489361702,False,115,8.05536405973896,34.76845070422535,28.8325,False,-0.17072807628739023,35-44,U,50-74K,Unknown,Unknown,None/Unknown,2.0,3.0,4.0,5.0,6.0,3.0,10.840425531914894,567.32,1,4,Alto,Descendente,Alto valor / Descendente
26,50,705,113,1937.39,826,0,656,17.145044247787613,False,118,7.569613010595075,18.71647887323944,28.949166666666667,False,0.546720772786904,Sin dato,Sin dato,Sin dato,Sin dato,Sin dato,Sin dato,6.0,2.0,12.0,4.0,3.0,4.0,7.3097345132743365,321.64,1,1,Bajo,Ascendente,Bajo valor / Ascendente
27,35,705,401,5643.97,2463,0,671,14.074738154613467,False,88,8.638520162132085,65.02126760563381,72.4825,False,0.11475064496773528,45-54,U,25-34K,Probable Renter,Single Female,None/Unknown,3.0,3.0,2.0,2.0,4.0,3.0,6.14214463840399,493.13,1,7,Alto,Ascendente,Alto valor / Ascendente
28,115,702,125,2119.62,637,3,588,16.95696,False,113,7.659463777740254,25.734225352112677,20.836666666666666,False,-0.19031304103521193,Sin dato,Sin dato,Sin dato,Sin dato,Sin dato,Sin dato,6.0,2.0,12.0,4.0,3.0,4.0,5.096,311.19,1,4,Bajo,Descendente,Bajo valor / Descendente
29,34,684,67,1310.32,465,21,651,19.557014925373135,False,84,7.178789542461027,13.976338028169014,7.791666666666667,False,-0.44251014457701815,Sin dato,Sin dato,Sin dato,Sin dato,Sin dato,Sin dato,6.0,2.0,12.0,4.0,3.0,4.0,6.940298507462686,298.7,1,5,Bajo,Descendente,Bajo valor / Descendente
30,77,692,27,571.46,135,13,616,21.165185185185187,False,66,6.349942863991809,3.4343661971830985,6.541666666666667,False,0.9047667869641296,Sin dato,Sin dato,Sin dato,Sin dato,Sin dato,Sin dato,6.0,2.0,12.0,4.0,3.0,4.0,5.0,97.59,0,0,Bajo,Ascendente,Bajo valor / Ascendente
31,99,705,66,4314.95,1079,0,607,65.3780303030303,False,136,8.37007274151018,41.53633802816901,107.54,False,1.589058282583043,35-44,B,35-49K,Homeowner,2 Adults No Kids,None/Unknown,2.0,1.0,3.0,0.0,2.0,3.0,16.348484848484848,1282.65,1,2,Alto,Ascendente,Alto valor / Ascendente
32,49,701,115,3345.28,976,4,653,29.089391304347828,False,153,8.115604560053994,33.260140845070424,28.246666666666666,False,-0.15073520589576272,Sin dato,Sin dato,Sin dato,Sin dato,Sin dato,Sin dato,6.0,2.0,12.0,4.0,3.0,4.0,8.486956521739131,391.99,1,6,Alto,Descendente,Alto valor / Descendente
33,110,690,49,1151.52,317,15,581,23.500408163265305,False,75,7.049706128299408,12.017464788732395,11.144166666666665,False,-0.07266908099323383,Sin dato,Sin dato,Sin dato,Sin dato,Sin dato,Sin dato,6.0,2.0,12.0,4.0,3.0,4.0,6.469387755102041,273.6,0,0,Bajo,Descendente,Bajo valor / Descendente
34,4,694,34,383.23,130,11,691,11.271470588235294,False,55,5.951241331617111,3.628450704225352,7.767500000000001,False,1.1407208291281736,Sin dato,Sin dato,Sin dato,Sin dato,Sin dato,Sin dato,6.0,2.0,12.0,4.0,3.0,4.0,3.823529411764706,69.55,0,0,Bajo,Ascendente,Bajo valor / Ascendente
35,21,687,59,1022.0600000000001,286,18,667,17.32305084745763,False,80,6.930553415258116,11.644929577464788,6.010833333333333,False,-0.48382398593758186,Sin dato,Sin dato,Sin dato,Sin dato,Sin dato,Sin dato,6.0,2.0,12.0,4.0,3.0,4.0,4.8474576271186445,135.4,0,0,Bajo,Descendente,Bajo valor / Descendente
36,88,704,220,4896.25,1358,1,617,22.255681818181817,False,128,8.49642910206351,50.416197183098596,83.41666666666667,False,0.654560861933297,Sin dato,Sin dato,Sin dato,Sin dato,Sin dato,Sin dato,6.0,2.0,12.0,4.0,3.0,4.0,6.172727272727273,868.76,1,3,Alto,Ascendente,Alto valor / Ascendente
37,87,705,62,2936.76,366,0,619,47.36709677419355,False,82,7.9854026651738765,30.353380281690143,52.240833333333335,False,0.7210878277318657,Sin dato,Sin dato,Sin dato,Sin dato,Sin dato,Sin dato,6.0,2.0,12.0,4.0,3.0,4.0,5.903225806451613,542.44,1,2,Alto,Ascendente,Alto valor / Ascendente
38,102,551,27,706.13,145,154,450,26.152962962962963,False,68,6.561214524523949,9.191267605633803,0.0,False,-1.0,Sin dato,Sin dato,Sin dato,Sin dato,Sin dato,Sin dato,6.0,2.0,12.0,4.0,3.0,4.0,5.37037037037037,61.66,1,1,Bajo,Descendente,Bajo valor / Descendente
39,26,685,64,5033.66,1859,20,660,78.6509375,False,172,8.524101275563753,46.42915492957747,46.321666666666665,False,-0.002315102720991615,35-44,A,125-149K,Homeowner,2 Adults No Kids,None/Unknown,2.0,0.0,7.0,0.0,2.0,3.0,29.046875,833.55,1,5,Alto,Descendente,Alto valor / Descendente
40,75,702,394,12714.69,3706,3,628,32.27078680203046,False,194,9.450591942998075,141.50169014084508,169.09666666666666,False,0.19501517259867815,45-54,U,Under 15K,Homeowner,2 Adults No Kids,None/Unknown,3.0,3.0,0.0,0.0,2.0,3.0,9.406091370558375,1287.2600000000002,1,11,Alto,Ascendente,Alto valor / Ascendente
41,71,698,72,3065.15,1036,7,628,42.57152777777778,False,89,8.028177981914096,32.511408450704224,48.086666666666666,False,0.47907054656148157,Sin dato,Sin dato,Sin dato,Sin dato,Sin dato,Sin dato,6.0,2.0,12.0,4.0,3.0,4.0,14.38888888888889,605.26,1,1,Alto,Ascendente,Alto valor / Ascendente
42,100,705,88,1982.6200000000001,951,0,606,22.52977272727273,False,76,7.5926787372421085,22.424647887323946,23.423333333333332,False,0.04453516733138611,65+,U,50-74K,Unknown,Single Male,None/Unknown,5.0,3.0,4.0,5.0,5.0,3.0,10.806818181818182,561.5799999999999,1,3,Bajo,Ascendente,Bajo valor / Ascendente
43,115,688,103,869.7,379,17,574,8.44368932038835,False,70,6.76929748583457,11.60169014084507,2.584166666666667,False,-0.7772594651904369,35-44,B,15-24K,Homeowner,2 Adults Kids,3+,2.0,1.0,1.0,0.0,1.0,2.0,3.679611650485437,95.58999999999999,1,5,Bajo,Descendente,Bajo valor / Descendente
44,81,628,32,877.76,329,77,548,27.43,False,91,6.778511822860978,10.755070422535212,4.848333333333334,False,-0.5492048733428495,Sin dato,Sin dato,Sin dato,Sin dato,Sin dato,Sin dato,6.0,2.0,12.0,4.0,3.0,4.0,10.28125,133.74,0,0,Bajo,Descendente,Bajo valor / Descendente
45,100,587,57,807.09,237,118,488,14.159473684210527,False,64,6.694673438456734,9.453802816901408,0.0,False,-1.0,Sin dato,Sin dato,Sin dato,Sin dato,Sin dato,Sin dato,6.0,2.0,12.0,4.0,3.0,4.0,4.157894736842105,66.5,1,1,Bajo,Descendente,Bajo valor / Descendente
46,14,704,135,8264.460000000001,2038,1,691,61.21822222222223,False,196,9.0198406650887,91.80802816901408,118.46583333333332,False,0.29036464126256506,45-54,A,150-174K,Homeowner,2 Adults Kids,3+,3.0,0.0,8.0,0.0,1.0,2.0,15.096296296296297,1523.57,1,9,Alto,Ascendente,Alto valor / Ascendente
47,109,697,110,2326.45,626,8,589,21.149545454545454,False,135,7.752528526643354,27.888450704225352,23.270833333333332,False,-0.1655745390758623,Sin dato,Sin dato,Sin dato,Sin dato,Sin dato,Sin dato,6.0,2.0,12.0,4.0,3.0,4.0,5.6909090909090905,293.55,1,3,Alto,Descendente,Alto valor / Descendente
48,112,689,49,1103.91,336,16,578,22.528775510204085,False,84,7.007519162670987,12.545492957746479,14.9925,False,0.19505068876090395,19-24,U,35-49K,Homeowner,2 Adults No Kids,None/Unknown,0.0,3.0,3.0,0.0,2.0,3.0,6.857142857142857,203.69,1,2,Bajo,Ascendente,Bajo valor / Ascendente
49,61,702,121,6445.03,1722,3,642,53.26471074380165,False,162,8.771219716413576,69.46169014084506,100.2275,False,0.4429176686713521,35-44,A,35-49K,Homeowner,2 Adults No Kids,None/Unknown,2.0,0.0,3.0,0.0,2.0,3.0,14.231404958677686,1467.6399999999999,1,6,Alto,Ascendente,Alto valor / Ascendente
50,113,675,15,351.39,126,30,563,23.426,False,53,5.864738516814899,2.816056338028169,8.915833333333333,False,2.166070654529692,Sin dato,Sin dato,Sin dato,Sin dato,Sin dato,Sin dato,6.0,2.0,12.0,4.0,3.0,4.0,8.4,38.3,0,0,Bajo,Ascendente,Bajo valor / Ascendente
51,14,698,82,2946.63,898,7,685,35.934512195121954,False,110,7.988756736612798,33.43014084507042,18.61,False,-0.44331673365521534,Sin dato,Sin dato,Sin dato,Sin dato,Sin dato,Sin dato,6.0,2.0,12.0,4.0,3.0,4.0,10.951219512195122,343.56,1,4,Alto,Descendente,Alto valor / Descendente
52,13,697,137,5308.29,1606,8,685,38.746642335766424,False,178,8.57721339531484,60.732112676056346,59.45249999999999,False,-0.021069786965616958,45-54,B,50-74K,Homeowner,2 Adults No Kids,None/Unknown,3.0,1.0,4.0,0.0,2.0,3.0,11.722627737226277,553.54,1,6,Alto,Descendente,Alto valor / Descendente
53,73,691,54,1874.26,552,14,619,34.70851851851852,False,100,7.536502595457844,21.436901408450705,21.714166666666667,False,0.01293401751181543,Sin dato,Sin dato,Sin dato,Sin dato,Sin dato,Sin dato,6.0,2.0,12.0,4.0,3.0,4.0,10.222222222222221,365.75,0,0,Bajo,Ascendente,Bajo valor / Ascendente
54,34,495,11,103.09,34,210,462,9.371818181818183,False,19,4.645255909527377,1.1407042253521127,0.0,False,-1.0,Sin dato,Sin dato,Sin dato,Sin dato,Sin dato,Sin dato,6.0,2.0,12.0,4.0,3.0,4.0,3.090909090909091,18.53,0,0,Bajo,Descendente,Bajo valor / Descendente
55,67,703,141,1072.79,385,2,637,7.6084397163120565,False,83,6.978949725223928,10.932957746478873,16.611666666666668,False,0.5194119516300801,65+,A,35-49K,Homeowner,2 Adults No Kids,None/Unknown,5.0,0.0,3.0,0.0,2.0,3.0,2.730496453900709,194.34,1,4,Bajo,Ascendente,Bajo valor / Ascendente
56,96,701,200,6631.16,2336,4,606,33.1558,False,180,8.79968582197647,75.53929577464788,89.575,False,0.18580665971819546,55-64,A,100-124K,Homeowner,2 Adults Kids,2,4.0,0.0,6.0,0.0,1.0,1.0,11.68,1272.45,1,2,Alto,Ascendente,Alto valor / Ascendente
57,52,705,193,3097.75,906,0,654,16.050518134715027,False,145,8.038754083349401,29.658873239436623,43.05083333333334,False,0.45153300281447567,45-54,B,35-49K,Homeowner,2 Adults No Kids,None/Unknown,3.0,1.0,3.0,0.0,2.0,3.0,4.694300518134715,505.61999999999995,1,4,Alto,Ascendente,Alto valor / Ascendente
58,81,704,266,10237.19,2877,1,624,38.485676691729324,False,183,9.233880125157496,115.66239436619719,98.98083333333334,False,-0.14422631594542806,25-34,A,150-174K,Homeowner,2 Adults Kids,2,1.0,0.0,8.0,0.0,1.0,1.0,10.81578947368421,1576.53,1,10,Alto,Descendente,Alto valor / Descendente
59,67,684,44,1688.33,493,21,618,38.37113636363636,False,122,7.432087279606017,17.846760563380283,21.214166666666667,False,0.18868444451459476,Sin dato,Sin dato,Sin dato,Sin dato,Sin dato,Sin dato,6.0,2.0,12.0,4.0,3.0,4.0,11.204545454545455,404.48,0,0,Bajo,Ascendente,Bajo valor / Ascendente
60,91,697,8,400.94,107,8,607,50.1175,False,57,5.996302823748231,0.44450704225352117,8.680000000000001,True,,Sin dato,Sin dato,Sin dato,Sin dato,Sin dato,Sin dato,6.0,2.0,12.0,4.0,3.0,4.0,13.375,216.37,0,0,Bajo,Sin tendencia disponible,Sin tendencia disponible
61,78,695,11,183.8,40,10,618,16.70909090909091,False,23,5.2192741592075835,1.6763380281690143,1.3541666666666667,False,-0.1921875875203048,Sin dato,Sin dato,Sin dato,Sin dato,Sin dato,Sin dato,6.0,2.0,12.0,4.0,3.0,4.0,3.6363636363636362,52.910000000000004,0,0,Bajo,Descendente,Bajo valor / Descendente
62,66,669,33,359.29,246,36,604,10.887575757575759,False,85,5.886909262719977,4.220140845070422,1.5691666666666666,False,-0.6281719676489893,Sin dato,Sin dato,Sin dato,Sin dato,Sin dato,Sin dato,6.0,2.0,12.0,4.0,3.0,4.0,7.454545454545454,75.33999999999999,0,0,Bajo,Descendente,Bajo valor / Descendente
63,85,675,32,573.67,116,30,591,17.9271875,False,33,6.353795963002743,5.510140845070423,4.890833333333334,False,-0.11239413458752959,Sin dato,Sin dato,Sin dato,Sin dato,Sin dato,Sin dato,6.0,2.0,12.0,4.0,3.0,4.0,3.625,70.69,0,0,Bajo,Descendente,Bajo valor / Descendente
64,10,703,256,3734.6,1351,2,694,14.58828125,False,145,8.225663727235563,35.88183098591549,65.51666666666667,False,0.8259008770311521,Sin dato,Sin dato,Sin dato,Sin dato,Sin dato,Sin dato,6.0,2.0,12.0,4.0,3.0,4.0,5.27734375,544.92,1,4,Alto,Ascendente,Alto valor / Ascendente
65,36,671,122,2042.17,530,34,636,16.73909836065574,False,121,7.62225780232005,23.90394366197183,11.724166666666667,False,-0.5095300243148438,Sin dato,Sin dato,Sin dato,Sin dato,Sin dato,Sin dato,6.0,2.0,12.0,4.0,3.0,4.0,4.344262295081967,239.94,1,6,Bajo,Descendente,Bajo valor / Descendente
66,118,685,29,395.95,183,20,568,13.653448275862068,False,70,5.983810328171122,4.414647887323944,2.689166666666667,False,-0.3908536455674663,Sin dato,Sin dato,Sin dato,Sin dato,Sin dato,Sin dato,6.0,2.0,12.0,4.0,3.0,4.0,6.310344827586207,82.78,0,0,Bajo,Descendente,Bajo valor / Descendente
67,103,704,225,9599.6,2776,1,602,42.66488888888889,False,195,9.169580875502884,93.98788732394367,202.23166666666668,False,1.1516779706904596,45-54,A,Under 15K,Homeowner,2 Adults Kids,3+,3.0,0.0,0.0,0.0,1.0,2.0,12.337777777777777,2755.02,1,8,Alto,Ascendente,Alto valor / Ascendente
68,5,699,551,4957.8,2195,6,695,8.9978221415608,False,166,8.508919054963991,54.13901408450704,48.0025,False,-0.11334735565979077,Sin dato,Sin dato,Sin dato,Sin dato,Sin dato,Sin dato,6.0,2.0,12.0,4.0,3.0,4.0,3.983666061705989,1013.75,1,10,Alto,Descendente,Alto valor / Descendente
69,86,705,180,5667.8,2076,0,620,31.48777777777778,False,155,8.642732734111208,64.92521126760565,78.5475,False,0.20981508517926342,Sin dato,Sin dato,Sin dato,Sin dato,Sin dato,Sin dato,6.0,2.0,12.0,4.0,3.0,4.0,11.533333333333333,1035.81,1,7,Alto,Ascendente,Alto valor / Ascendente
70,8,705,32,76.4,47,0,698,2.3875,False,12,4.3489867805956814,0.7049295774647887,0.5408333333333334,True,,Sin dato,Sin dato,Sin dato,Sin dato,Sin dato,Sin dato,6.0,2.0,12.0,4.0,3.0,4.0,1.46875,10.71,0,0,Bajo,Sin tendencia disponible,Sin tendencia disponible
71,63,700,88,3338.76,656,5,638,37.94045454545455,False,108,8.113654227101534,34.67661971830986,26.378333333333334,False,-0.23930493953523632,35-44,A,25-34K,Homeowner,Single Female,None/Unknown,2.0,0.0,2.0,0.0,4.0,3.0,7.454545454545454,554.22,1,2,Alto,Descendente,Alto valor / Descendente
72,74,694,107,6473.43,2587,11,621,60.499345794392525,False,170,8.775615851804762,81.64140845070422,21.765833333333333,False,-0.7333971357625986,Sin dato,Sin dato,Sin dato,Sin dato,Sin dato,Sin dato,6.0,2.0,12.0,4.0,3.0,4.0,24.177570093457945,1018.7499999999999,1,7,Alto,Descendente,Alto valor / Descendente
73,59,662,164,2864.18,737,43,604,17.46451219512195,False,114,7.960386454400424,36.820845070422536,9.61,False,-0.7390065333476139,Sin dato,Sin dato,Sin dato,Sin dato,Sin dato,Sin dato,6.0,2.0,12.0,4.0,3.0,4.0,4.4939024390243905,243.29000000000002,1,4,Alto,Descendente,Alto valor / Descendente
74,33,656,131,2047.64,1045,49,624,15.630839694656489,False,109,7.624931437341444,22.49732394366197,7.7725,False,-0.6545144649441874,65+,A,15-24K,Homeowner,2 Adults No Kids,None/Unknown,5.0,0.0,1.0,0.0,2.0,3.0,7.977099236641221,884.83,1,5,Bajo,Descendente,Bajo valor / Descendente
75,89,701,63,1122.95,230,4,613,17.824603174603176,False,54,7.02460454547843,10.966056338028169,26.031666666666666,False,1.3738403181820127,Sin dato,Sin dato,Sin dato,Sin dato,Sin dato,Sin dato,6.0,2.0,12.0,4.0,3.0,4.0,3.6507936507936507,189.25,0,0,Bajo,Ascendente,Bajo valor / Ascendente
76,44,649,15,298.95,105,56,606,19.93,False,61,5.703615794099102,2.2540845070422533,2.3816666666666664,False,0.056600433225027065,Sin dato,Sin dato,Sin dato,Sin dato,Sin dato,Sin dato,6.0,2.0,12.0,4.0,3.0,4.0,7.0,76.57000000000001,0,0,Bajo,Ascendente,Bajo valor / Ascendente
77,5,702,86,6056.84,2408,3,698,70.42837209302326,False,169,8.709108579881514,49.09323943661972,68.16333333333334,False,0.38844643611944707,35-44,A,100-124K,Homeowner,2 Adults Kids,3+,2.0,0.0,6.0,0.0,1.0,2.0,28.0,1263.91,1,2,Alto,Ascendente,Alto valor / Ascendente
78,88,703,206,2465.39,1023,2,616,11.967912621359222,False,92,7.810510822071343,27.62154929577465,40.065000000000005,False,0.450497927215432,55-64,U,25-34K,Unknown,Single Male,None/Unknown,4.0,3.0,2.0,5.0,5.0,3.0,4.966019417475728,394.58,1,5,Alto,Ascendente,Alto valor / Ascendente
79,102,705,152,3927.7,1235,0,604,25.840131578947368,False,171,8.276063861336551,45.93281690140845,52.696666666666665,False,0.1472552789387235,Sin dato,Sin dato,Sin dato,Sin dato,Sin dato,Sin dato,6.0,2.0,12.0,4.0,3.0,4.0,8.125,837.25,1,1,Alto,Ascendente,Alto valor / Ascendente
80,53,694,94,3002.09,1192,11,642,31.937127659574468,False,145,8.007397037564209,32.04746478873239,37.16416666666667,False,0.15966011388623985,45-54,U,50-74K,Homeowner,2 Adults No Kids,None/Unknown,3.0,3.0,4.0,0.0,2.0,3.0,12.680851063829786,873.91,1,2,Alto,Ascendente,Alto valor / Ascendente
81,48,703,151,5551.46,2069,2,656,36.7646357615894,False,160,8.621996351780455,55.807464788732396,21.294166666666666,False,-0.6184351547363968,Sin dato,Sin dato,Sin dato,Sin dato,Sin dato,Sin dato,6.0,2.0,12.0,4.0,3.0,4.0,13.701986754966887,1231.5800000000002,1,4,Alto,Descendente,Alto valor / Descendente
82,81,692,50,555.39,122,13,612,11.1078,False,30,6.321469487206254,5.645915492957747,4.959166666666667,False,-0.12163639841008494,Sin dato,Sin dato,Sin dato,Sin dato,Sin dato,Sin dato,6.0,2.0,12.0,4.0,3.0,4.0,2.44,88.88,0,0,Bajo,Descendente,Bajo valor / Descendente
83,40,704,109,1179.25,360,1,665,10.818807339449542,False,94,7.073481559426396,13.65338028169014,7.8566666666666665,False,-0.42456252557450214,Sin dato,Sin dato,Sin dato,Sin dato,Sin dato,Sin dato,6.0,2.0,12.0,4.0,3.0,4.0,3.302752293577982,183.92000000000002,1,1,Bajo,Descendente,Bajo valor / Descendente
84,45,696,52,1208.09,463,9,652,23.232499999999998,False,105,7.097623289531493,12.005352112676055,12.986666666666666,False,0.0817397561338058,Sin dato,Sin dato,Sin dato,Sin dato,Sin dato,Sin dato,6.0,2.0,12.0,4.0,3.0,4.0,8.903846153846153,152.85,0,0,Bajo,Ascendente,Bajo valor / Ascendente
85,17,705,281,4650.71,1722,0,689,16.550569395017792,False,163,8.444990172916393,48.06295774647887,48.52166666666667,False,0.009543917846408468,25-34,U,35-49K,Unknown,Single Male,None/Unknown,1.0,3.0,3.0,5.0,5.0,3.0,6.128113879003559,943.96,1,8,Alto,Ascendente,Alto valor / Ascendente
86,68,673,46,4019.44,1069,32,606,87.37913043478261,False,153,8.299146628359871,47.04704225352113,23.924166666666668,False,-0.49148415031603565,65+,B,35-49K,Homeowner,Single Male,None/Unknown,5.0,1.0,3.0,0.0,5.0,3.0,23.23913043478261,518.88,1,2,Alto,Descendente,Alto valor / Descendente
87,85,694,44,1170.5,342,11,610,26.602272727272727,False,70,7.066040257947851,12.03718309859155,16.6875,False,0.3863293316484133,Sin dato,Sin dato,Sin dato,Sin dato,Sin dato,Sin dato,6.0,2.0,12.0,4.0,3.0,4.0,7.7727272727272725,85.0,0,0,Bajo,Ascendente,Bajo valor / Ascendente
88,87,705,228,11607.64,5088,0,619,50.91070175438596,False,186,9.359504927434255,130.6088732394366,126.45333333333333,False,-0.031816673730009105,Sin dato,Sin dato,Sin dato,Sin dato,Sin dato,Sin dato,6.0,2.0,12.0,4.0,3.0,4.0,22.31578947368421,2381.6800000000003,1,12,Alto,Descendente,Alto valor / Descendente
89,110,638,11,177.56,47,67,529,16.14181818181818,False,21,5.184924679192946,2.043943661971831,1.1833333333333333,False,-0.4210538404998163,Sin dato,Sin dato,Sin dato,Sin dato,Sin dato,Sin dato,6.0,2.0,12.0,4.0,3.0,4.0,4.2727272727272725,9.93,0,0,Bajo,Descendente,Bajo valor / Descendente
90,89,677,10,490.41,154,28,589,49.041000000000004,False,45,6.19727880990037,4.494929577464789,10.523333333333333,False,1.3411564412692445,Sin dato,Sin dato,Sin dato,Sin dato,Sin dato,Sin dato,6.0,2.0,12.0,4.0,3.0,4.0,15.4,57.21,0,0,Bajo,Ascendente,Bajo valor / Ascendente
91,56,704,179,2870.7200000000003,816,1,649,16.037541899441344,False,125,7.962666432379148,28.625352112676058,34.920833333333334,False,0.2199267696647641,Sin dato,Sin dato,Sin dato,Sin dato,Sin dato,Sin dato,6.0,2.0,12.0,4.0,3.0,4.0,4.558659217877095,300.55,1,2,Alto,Ascendente,Alto valor / Ascendente
92,101,705,57,1587.38,744,0,605,27.848771929824565,False,133,7.370469907890996,18.091267605633803,21.610833333333332,False,0.19454500394452742,Sin dato,Sin dato,Sin dato,Sin dato,Sin dato,Sin dato,6.0,2.0,12.0,4.0,3.0,4.0,13.052631578947368,441.19,1,1,Bajo,Ascendente,Bajo valor / Ascendente
93,8,551,106,3346.7200000000003,1273,154,544,31.572830188679248,False,106,8.116034796092897,39.09478873239436,0.0,False,-1.0,Sin dato,Sin dato,Sin dato,Sin dato,Sin dato,Sin dato,6.0,2.0,12.0,4.0,3.0,4.0,12.00943396226415,738.37,1,12,Alto,Descendente,Alto valor / Descendente
94,87,698,36,442.64,140,7,612,12.295555555555556,False,57,6.095013422736541,3.984647887323944,8.229166666666666,False,1.0652180316472846,Sin dato,Sin dato,Sin dato,Sin dato,Sin dato,Sin dato,6.0,2.0,12.0,4.0,3.0,4.0,3.888888888888889,110.77,0,0,Bajo,Ascendente,Bajo valor / Ascendente
95,88,704,305,6428.75,2097,1,617,21.077868852459016,False,162,8.768690936226974,70.08830985915493,86.93666666666667,False,0.24038754595979178,Sin dato,Sin dato,Sin dato,Sin dato,Sin dato,Sin dato,6.0,2.0,12.0,4.0,3.0,4.0,6.8754098360655735,1972.72,1,5,Alto,Ascendente,Alto valor / Ascendente
96,21,405,57,1155.0,324,300,385,20.263157894736842,False,83,7.052721049232323,9.991971830985916,0.0,False,-1.0,Sin dato,Sin dato,Sin dato,Sin dato,Sin dato,Sin dato,6.0,2.0,12.0,4.0,3.0,4.0,5.684210526315789,163.53,1,2,Bajo,Descendente,Bajo valor / Descendente
97,43,697,178,5294.43,1812,8,655,29.743988764044946,False,139,8.5745994634257,56.50450704225352,58.6325,False,0.037660587962570595,45-54,U,75-99K,Unknown,Single Female,None/Unknown,3.0,3.0,5.0,5.0,4.0,3.0,10.179775280898877,982.5300000000001,1,4,Alto,Ascendente,Alto valor / Ascendente
98,1,705,202,2507.76,1320,0,705,12.414653465346536,False,136,7.827543886151433,24.483661971830983,54.76083333333333,False,1.236627568063018,35-44,U,35-49K,Unknown,1 Adult Kids,1,2.0,3.0,3.0,5.0,0.0,0.0,6.534653465346534,518.78,1,2,Alto,Ascendente,Alto valor / Ascendente
99,86,704,254,6908.0,2801,1,619,27.19685039370079,False,189,8.840580188488795,66.6787323943662,52.35583333333333,False,-0.2148046093066255,Sin dato,Sin dato,Sin dato,Sin dato,Sin dato,Sin dato,6.0,2.0,12.0,4.0,3.0,4.0,11.027559055118111,1225.98,1,4,Alto,Descendente,Alto valor / Descendente
100,6,691,33,2294.62,644,14,686,69.53393939393939,False,98,7.738758238515475,25.21169014084507,21.093333333333334,False,-0.16335107977706148,Sin dato,Sin dato,Sin dato,Sin dato,Sin dato,Sin dato,6.0,2.0,12.0,4.0,3.0,4.0,19.515151515151516,394.27,0,0,Alto,Descendente,Alto valor / Descendente
101,116,701,239,6554.38,1156,4,586,27.42418410041841,False,122,8.788041365532038,74.25746478873239,106.50833333333333,False,0.43431146803027654,45-54,A,Under 15K,Homeowner,2 Adults Kids,2,3.0,0.0,0.0,0.0,1.0,1.0,4.836820083682008,2139.73,1,5,Alto,Ascendente,Alto valor / Ascendente
102,48,179,8,304.84000000000003,106,526,132,38.105000000000004,True,45,5.723062089388158,0.8771830985915493,0.0,True,,Sin dato,Sin dato,Sin dato,Sin dato,Sin dato,Sin dato,6.0,2.0,12.0,4.0,3.0,4.0,13.25,55.66,0,0,Bajo,Sin tendencia disponible,Sin tendencia disponible
103,91,697,49,536.14,244,8,607,10.941632653061225,False,83,6.286258768165544,6.527605633802817,4.859166666666666,False,-0.25559739064140746,Sin dato,Sin dato,Sin dato,Sin dato,Sin dato,Sin dato,6.0,2.0,12.0,4.0,3.0,4.0,4.979591836734694,107.21000000000001,1,1,Bajo,Descendente,Bajo valor / Descendente
104,112,705,125,6455.24,2349,0,594,51.64192,False,151,8.77280238398001,58.24774647887324,189.0375,False,2.245404525110081,35-44,A,35-49K,Homeowner,2 Adults Kids,3+,2.0,0.0,3.0,0.0,1.0,2.0,18.792,1739.8799999999999,1,8,Alto,Ascendente,Alto valor / Ascendente
105,8,704,162,4480.66,2318,1,697,27.658395061728395,False,143,8.407748792491912,44.242253521126756,51.163333333333334,False,0.1564359692686448,25-34,B,Under 15K,Homeowner,1 Adult Kids,2,1.0,1.0,0.0,0.0,0.0,1.0,14.308641975308642,1343.22,1,8,Alto,Ascendente,Alto valor / Ascendente
106,98,705,67,2014.66,465,0,608,30.069552238805972,False,115,7.608701964174464,12.509577464788734,83.85333333333334,False,5.703130746770549,Sin dato,Sin dato,Sin dato,Sin dato,Sin dato,Sin dato,6.0,2.0,12.0,4.0,3.0,4.0,6.940298507462686,200.38,0,0,Bajo,Ascendente,Bajo valor / Ascendente
107,66,682,41,1222.83,262,23,617,29.82512195121951,False,77,7.109740564537428,8.238591549295775,0.4533333333333333,False,-0.9449744133301421,Sin dato,Sin dato,Sin dato,Sin dato,Sin dato,Sin dato,6.0,2.0,12.0,4.0,3.0,4.0,6.390243902439025,173.37,0,0,Bajo,Descendente,Bajo valor / Descendente
108,84,689,62,2671.16,882,16,606,43.08322580645161,False,156,7.890642413103307,34.056901408450706,12.683333333333332,False,-0.6275840487888263,Sin dato,Sin dato,Sin dato,Sin dato,Sin dato,Sin dato,6.0,2.0,12.0,4.0,3.0,4.0,14.225806451612904,374.77,1,4,Alto,Descendente,Alto valor / Descendente
109,115,700,102,3433.01,1413,5,586,33.656960784313725,False,152,8.141483953509093,40.19380281690141,44.318333333333335,False,0.10261608077296852,25-34,A,15-24K,Homeowner,Single Female,None/Unknown,1.0,0.0,1.0,0.0,4.0,3.0,13.852941176470589,447.38,1,4,Alto,Ascendente,Alto valor / Ascendente
110,67,705,182,3419.61,1421,0,639,18.789065934065935,False,161,8.137574176725037,40.11577464788732,25.507500000000004,False,-0.36415287442683486,25-34,U,35-49K,Homeowner,Single Female,None/Unknown,1.0,3.0,3.0,0.0,4.0,3.0,7.8076923076923075,595.7,1,4,Alto,Descendente,Alto valor / Descendente
111,13,687,51,1515.65,597,18,675,29.718627450980392,False,133,7.324259234205518,15.538169014084508,8.710833333333333,False,-0.43939126125881145,Sin dato,Sin dato,Sin dato,Sin dato,Sin dato,Sin dato,6.0,2.0,12.0,4.0,3.0,4.0,11.705882352941176,374.8,1,1,Bajo,Descendente,Bajo valor / Descendente
112,42,698,80,1342.65,234,7,657,16.783125000000002,False,72,7.20314507050212,13.829859154929578,20.871666666666666,False,0.5091742029221661,Sin dato,Sin dato,Sin dato,Sin dato,Sin dato,Sin dato,6.0,2.0,12.0,4.0,3.0,4.0,2.925,86.27,1,1,Bajo,Ascendente,Bajo valor / Ascendente
113,96,705,222,15295.33,4412,0,610,68.89788288288288,False,215,9.635368209326243,169.2798591549296,198.69083333333333,False,0.173741721698185,35-44,A,125-149K,Homeowner,2 Adults Kids,2,2.0,0.0,7.0,0.0,1.0,1.0,19.873873873873872,2294.7400000000002,1,11,Alto,Ascendente,Alto valor / Ascendente
114,7,690,87,3251.91,1042,15,684,37.37827586206896,False,141,8.087305259321482,26.968028169014083,44.975,False,0.6677155525844376,25-34,U,35-49K,Homeowner,2 Adults No Kids,None/Unknown,1.0,3.0,3.0,0.0,2.0,3.0,11.977011494252874,519.54,1,4,Alto,Ascendente,Alto valor / Ascendente
115,39,700,199,13160.77,2996,5,662,66.13452261306533,False,181,9.485071694315442,140.11281690140845,176.55666666666664,False,0.2601036120121845,Sin dato,Sin dato,Sin dato,Sin dato,Sin dato,Sin dato,6.0,2.0,12.0,4.0,3.0,4.0,15.055276381909549,1751.6999999999998,1,10,Alto,Ascendente,Alto valor / Ascendente
116,45,701,82,642.37,307,4,657,7.833780487804878,False,62,6.466719986425331,7.00281690140845,5.400833333333334,False,-0.22876273799946353,Sin dato,Sin dato,Sin dato,Sin dato,Sin dato,Sin dato,6.0,2.0,12.0,4.0,3.0,4.0,3.7439024390243905,270.68,1,2,Bajo,Descendente,Bajo valor / Descendente
117,30,703,93,2542.15,1364,2,674,27.33494623655914,False,133,7.841158749132802,29.064084507042256,16.5525,False,-0.4304826633713747,65+,B,35-49K,Probable Owner,2 Adults No Kids,None/Unknown,5.0,1.0,3.0,1.0,2.0,3.0,14.666666666666666,558.0,1,7,Alto,Descendente,Alto valor / Descendente
118,101,703,89,4513.29,1548,2,603,50.71112359550562,False,134,8.415003199886328,50.37478873239437,56.0225,False,0.11211384523333538,45-54,B,35-49K,Homeowner,Single Female,None/Unknown,3.0,1.0,3.0,0.0,4.0,3.0,17.39325842696629,541.99,1,5,Alto,Ascendente,Alto valor / Ascendente
119,60,693,61,2582.69,761,12,634,42.33918032786885,False,150,7.856973888665384,28.36281690140845,37.91416666666667,False,0.33675603514486996,45-54,U,125-149K,Unknown,Single Male,None/Unknown,3.0,3.0,7.0,5.0,5.0,3.0,12.475409836065573,216.48000000000002,1,2,Alto,Ascendente,Alto valor / Ascendente
120,52,653,19,242.32,32,52,602,12.753684210526316,False,15,5.494377449452505,2.2347887323943665,1.3425,False,-0.39927207411609006,Sin dato,Sin dato,Sin dato,Sin dato,Sin dato,Sin dato,6.0,2.0,12.0,4.0,3.0,4.0,1.6842105263157894,6.75,0,0,Bajo,Descendente,Bajo valor / Descendente
121,114,669,112,2225.58,863,36,556,19.87125,False,117,7.708222054949406,28.717323943661974,9.851666666666667,False,-0.6569434294785337,45-54,U,25-34K,Unknown,2 Adults Kids,1,3.0,3.0,2.0,5.0,1.0,0.0,7.705357142857143,405.87,1,3,Alto,Descendente,Alto valor / Descendente
122,3,671,132,2354.22,741,34,669,17.834999999999997,False,135,7.764389420346328,16.483802816901406,6.235,False,-0.6217499038749091,Sin dato,Sin dato,Sin dato,Sin dato,Sin dato,Sin dato,6.0,2.0,12.0,4.0,3.0,4.0,5.613636363636363,688.7099999999999,1,5,Alto,Descendente,Alto valor / Descendente
123,82,691,174,3222.65,1272,14,610,18.520977011494253,False,118,8.078269536939326,38.22915492957746,15.135,False,-0.6040979710935169,45-54,B,35-49K,Homeowner,2 Adults No Kids,None/Unknown,3.0,1.0,3.0,0.0,2.0,3.0,7.310344827586207,744.26,1,3,Alto,Descendente,Alto valor / Descendente
124,62,695,60,669.8,228,10,634,11.163333333333332,False,64,6.508471029949054,5.0584507042253515,7.484166666666667,False,0.479537333518957,Sin dato,Sin dato,Sin dato,Sin dato,Sin dato,Sin dato,6.0,2.0,12.0,4.0,3.0,4.0,3.8,149.86999999999998,0,0,Bajo,Ascendente,Bajo valor / Ascendente
125,12,704,358,10601.5,2483,1,693,29.613128491620113,False,188,9.268845101348745,110.00478873239437,110.22333333333334,False,0.001986682611341737,Sin dato,Sin dato,Sin dato,Sin dato,Sin dato,Sin dato,6.0,2.0,12.0,4.0,3.0,4.0,6.935754189944134,2101.71,1,10,Alto,Ascendente,Alto valor / Ascendente
126,88,699,31,853.45,320,6,612,27.530645161290323,False,91,6.7504579870929176,9.656760563380281,10.8675,False,0.12537739013753776,Sin dato,Sin dato,Sin dato,Sin dato,Sin dato,Sin dato,6.0,2.0,12.0,4.0,3.0,4.0,10.32258064516129,184.9,0,0,Bajo,Ascendente,Bajo valor / Ascendente
127,96,702,188,4534.04,1430,3,607,24.117234042553193,False,154,8.419589182796997,54.13478873239437,56.0875,False,0.03607128268770951,45-54,U,25-34K,Unknown,Single Female,None/Unknown,3.0,3.0,2.0,5.0,4.0,3.0,7.6063829787234045,1404.7600000000002,1,4,Alto,Ascendente,Alto valor / Ascendente
128,19,703,40,1334.06,476,2,685,33.3515,False,84,7.1967315136446315,7.879295774647886,56.595,False,6.182748511878162,Sin dato,Sin dato,Sin dato,Sin dato,Sin dato,Sin dato,6.0,2.0,12.0,4.0,3.0,4.0,11.9,190.29,0,0,Bajo,Ascendente,Bajo valor / Ascendente
129,115,690,40,475.73,259,15,576,11.89325,False,67,6.166950292892655,6.173802816901408,2.2191666666666667,False,-0.6405510942799348,Sin dato,Sin dato,Sin dato,Sin dato,Sin dato,Sin dato,6.0,2.0,12.0,4.0,3.0,4.0,6.475,77.26,0,0,Bajo,Descendente,Bajo valor / Descendente
130,26,338,20,511.62,151,367,313,25.581,True,54,6.2395348299460505,2.337887323943662,0.0,False,-1.0,Sin dato,Sin dato,Sin dato,Sin dato,Sin dato,Sin dato,6.0,2.0,12.0,4.0,3.0,4.0,7.55,55.73,0,0,Bajo,Descendente,Bajo valor / Descendente
131,25,699,353,6153.84,2028,6,675,17.43297450424929,False,194,8.72499404315476,55.445774647887326,53.64416666666667,False,-0.03249315196084654,45-54,U,50-74K,Unknown,2 Adults No Kids,None/Unknown,3.0,3.0,4.0,5.0,2.0,3.0,5.745042492917847,1287.32,1,7,Alto,Descendente,Alto valor / Descendente
132,36,705,98,2875.2400000000002,1066,0,670,29.33918367346939,False,123,7.964239164594292,29.662676056338032,28.8225,False,-0.028324351273711534,Sin dato,Sin dato,Sin dato,Sin dato,Sin dato,Sin dato,6.0,2.0,12.0,4.0,3.0,4.0,10.877551020408163,497.04,1,6,Alto,Descendente,Alto valor / Descendente
133,103,702,74,3763.23,1127,3,600,50.85445945945946,False,150,8.233298604045649,44.613661971830986,45.333333333333336,False,0.016131187840100404,45-54,A,Under 15K,Homeowner,Single Male,None/Unknown,3.0,0.0,0.0,0.0,5.0,3.0,15.22972972972973,894.88,1,4,Alto,Ascendente,Alto valor / Ascendente
134,35,705,84,5343.4800000000005,1545,0,671,63.61285714285715,False,160,8.583819531542156,57.867605633802825,38.060833333333335,False,-0.3422773775333042,55-64,A,25-34K,Homeowner,Single Female,None/Unknown,4.0,0.0,2.0,0.0,4.0,3.0,18.392857142857142,1199.2,1,6,Alto,Descendente,Alto valor / Descendente
135,74,702,72,695.49,292,3,629,9.659583333333334,False,74,6.546053435614996,6.914084507042254,11.259166666666667,False,0.6284392612208867,Sin dato,Sin dato,Sin dato,Sin dato,Sin dato,Sin dato,6.0,2.0,12.0,4.0,3.0,4.0,4.055555555555555,105.11,0,0,Bajo,Ascendente,Bajo valor / Ascendente
136,110,694,77,2804.82,1233,11,585,36.42623376623377,False,132,7.939451110351077,36.10450704225352,16.470833333333335,False,-0.5438011848754138,45-54,U,50-74K,Unknown,Unknown,None/Unknown,3.0,3.0,4.0,5.0,6.0,3.0,16.01298701298701,613.16,1,3,Alto,Descendente,Alto valor / Descendente
137,100,626,38,1062.17,374,79,527,27.95184210526316,False,103,6.969010290296648,12.920704225352113,2.5308333333333333,False,-0.8041257435204261,Sin dato,Sin dato,Sin dato,Sin dato,Sin dato,Sin dato,6.0,2.0,12.0,4.0,3.0,4.0,9.842105263157896,289.43,1,1,Bajo,Descendente,Bajo valor / Descendente
138,71,705,67,3524.52,1093,0,635,52.604776119402985,False,160,8.167783222097196,40.72492957746479,29.8875,False,-0.2661129114256763,Sin dato,Sin dato,Sin dato,Sin dato,Sin dato,Sin dato,6.0,2.0,12.0,4.0,3.0,4.0,16.313432835820894,760.58,1,2,Alto,Descendente,Alto valor / Descendente
139,75,700,82,3042.0,1067,5,626,37.09756097560975,False,130,8.02059914989697,34.18591549295775,45.219166666666666,False,0.3227425977807075,35-44,B,75-99K,Homeowner,Single Male,None/Unknown,2.0,1.0,5.0,0.0,5.0,3.0,13.012195121951219,517.94,1,2,Alto,Ascendente,Alto valor / Ascendente
140,38,692,140,1720.64,696,13,655,12.290285714285716,False,101,7.451032603898299,16.143661971830987,2.9,False,-0.8203629384051648,Sin dato,Sin dato,Sin dato,Sin dato,Sin dato,Sin dato,6.0,2.0,12.0,4.0,3.0,4.0,4.9714285714285715,345.0,1,3,Bajo,Descendente,Bajo valor / Descendente
141,47,698,51,439.26,195,7,652,8.612941176470589,False,67,6.087365461485185,4.724647887323943,5.473333333333334,False,0.15846375515476738,Sin dato,Sin dato,Sin dato,Sin dato,Sin dato,Sin dato,6.0,2.0,12.0,4.0,3.0,4.0,3.823529411764706,60.43,0,0,Bajo,Ascendente,Bajo valor / Ascendente
142,18,703,173,2290.63,829,2,686,13.24063583815029,False,73,7.737018633738661,22.139014084507043,24.367500000000003,False,0.10065876949111581,Sin dato,Sin dato,Sin dato,Sin dato,Sin dato,Sin dato,6.0,2.0,12.0,4.0,3.0,4.0,4.791907514450867,390.03000000000003,1,7,Alto,Ascendente,Alto valor / Ascendente
143,98,703,405,6553.47,2538,2,606,16.18140740740741,False,173,8.787902538619226,88.09845070422534,16.616666666666667,False,-0.8113852566777351,Sin dato,Sin dato,Sin dato,Sin dato,Sin dato,Sin dato,6.0,2.0,12.0,4.0,3.0,4.0,6.266666666666667,1618.6299999999999,1,6,Alto,Descendente,Alto valor / Descendente
144,95,649,88,2126.31,625,56,555,24.162613636363634,False,125,7.6626135497614465,28.915915492957748,3.215,False,-0.8888155555447315,Sin dato,Sin dato,Sin dato,Sin dato,Sin dato,Sin dato,6.0,2.0,12.0,4.0,3.0,4.0,7.1022727272727275,462.78000000000003,1,4,Bajo,Descendente,Bajo valor / Descendente
145,65,704,59,1470.49,475,1,640,24.9235593220339,False,113,7.294030771863824,14.846760563380283,27.089166666666667,False,0.8245843294248598,Sin dato,Sin dato,Sin dato,Sin dato,Sin dato,Sin dato,6.0,2.0,12.0,4.0,3.0,4.0,8.05084745762712,382.95000000000005,1,1,Bajo,Ascendente,Bajo valor / Ascendente
146,27,705,41,843.02,368,0,679,20.561463414634147,False,92,6.73817619099766,9.3456338028169,4.2725,False,-0.5428346444826234,Sin dato,Sin dato,Sin dato,Sin dato,Sin dato,Sin dato,6.0,2.0,12.0,4.0,3.0,4.0,8.975609756097562,217.76,0,0,Bajo,Descendente,Bajo valor / Descendente
147,64,695,36,1487.21,717,10,632,41.31138888888889,False,116,7.3053293344675305,16.16760563380282,6.238333333333333,False,-0.6141461219037664,Sin dato,Sin dato,Sin dato,Sin dato,Sin dato,Sin dato,6.0,2.0,12.0,4.0,3.0,4.0,19.916666666666668,717.75,0,0,Bajo,Descendente,Bajo valor / Descendente
148,93,699,55,1231.76,380,6,607,22.395636363636363,False,98,7.117010837016172,14.076056338028168,15.171666666666667,False,0.07783503435394576,Sin dato,Sin dato,Sin dato,Sin dato,Sin dato,Sin dato,6.0,2.0,12.0,4.0,3.0,4.0,6.909090909090909,136.34,0,0,Bajo,Ascendente,Bajo valor / Ascendente
149,42,651,215,11920.93,3082,54,610,55.44618604651163,False,168,9.386134840264564,135.55197183098593,79.58833333333332,False,-0.41285742834808276,45-54,U,35-49K,Homeowner,2 Adults No Kids,None/Unknown,3.0,3.0,3.0,0.0,2.0,3.0,14.334883720930232,1263.38,1,8,Alto,Descendente,Alto valor / Descendente
150,85,608,6,230.35,70,97,524,38.391666666666666,False,41,5.443931715353009,2.8530985915492955,0.0,False,-1.0,Sin dato,Sin dato,Sin dato,Sin dato,Sin dato,Sin dato,6.0,2.0,12.0,4.0,3.0,4.0,11.666666666666666,52.18,0,0,Bajo,Descendente,Bajo valor / Descendente
151,116,682,48,1217.44,412,23,567,25.363333333333333,False,93,7.105326630982968,14.55338028169014,12.146666666666667,False,-0.1653714510608509,Sin dato,Sin dato,Sin dato,Sin dato,Sin dato,Sin dato,6.0,2.0,12.0,4.0,3.0,4.0,8.583333333333334,375.56,1,1,Bajo,Descendente,Bajo valor / Descendente
152,38,696,37,1454.28,446,9,659,39.30486486486486,False,113,7.28295360095396,14.168028169014086,13.906666666666666,False,-0.01844727432989054,Sin dato,Sin dato,Sin dato,Sin dato,Sin dato,Sin dato,6.0,2.0,12.0,4.0,3.0,4.0,12.054054054054054,484.26,0,0,Bajo,Descendente,Bajo valor / Descendente
153,77,702,92,1558.65,1114,3,626,16.941847826086956,False,81,7.352216716096984,17.000281690140845,14.01,False,-0.1758960083511458,Sin dato,Sin dato,Sin dato,Sin dato,Sin dato,Sin dato,6.0,2.0,12.0,4.0,3.0,4.0,12.108695652173912,329.33000000000004,0,0,Bajo,Descendente,Bajo valor / Descendente
154,112,637,30,867.1800000000001,274,68,526,28.906000000000002,False,88,6.766399066433375,10.183239436619719,1.7508333333333335,False,-0.8280671544423084,Sin dato,Sin dato,Sin dato,Sin dato,Sin dato,Sin dato,6.0,2.0,12.0,4.0,3.0,4.0,9.133333333333333,134.83,0,0,Bajo,Descendente,Bajo valor / Descendente
155,110,705,52,2101.05,709,0,596,40.4048076923077,False,94,7.6506683380236415,25.720704225352115,4.328333333333333,False,-0.8317179306052194,35-44,B,50-74K,Homeowner,2 Adults Kids,1,2.0,1.0,4.0,0.0,1.0,0.0,13.634615384615385,348.72999999999996,1,2,Bajo,Descendente,Bajo valor / Descendente
156,115,705,584,5188.59,2039,0,591,8.88457191780822,False,179,8.554409974966205,65.08957746478873,43.88333333333333,False,-0.32580091863289884,Sin dato,Sin dato,Sin dato,Sin dato,Sin dato,Sin dato,6.0,2.0,12.0,4.0,3.0,4.0,3.4914383561643834,785.45,1,8,Alto,Descendente,Alto valor / Descendente
157,26,705,170,2708.34,932,0,680,15.931411764705883,False,138,7.904460341777048,29.851267605633804,27.190833333333334,False,-0.08912299160784613,19-24,U,15-24K,Homeowner,2 Adults No Kids,None/Unknown,0.0,3.0,1.0,0.0,2.0,3.0,5.482352941176471,420.97,1,5,Alto,Descendente,Alto valor / Descendente
158,115,704,180,1869.79,568,1,590,10.387722222222221,False,79,7.534116080530624,23.073521126760564,14.269166666666665,False,-0.38157827804975325,45-54,U,50-74K,Homeowner,Unknown,None/Unknown,3.0,3.0,4.0,0.0,6.0,3.0,3.1555555555555554,556.3699999999999,1,4,Bajo,Descendente,Bajo valor / Descendente
159,78,697,86,2143.87,991,8,620,24.928720930232558,False,120,7.670834223464889,22.413380281690138,32.125,False,0.43329562949696815,45-54,U,Under 15K,Homeowner,2 Adults No Kids,None/Unknown,3.0,3.0,0.0,0.0,2.0,3.0,11.523255813953488,427.97,0,0,Bajo,Ascendente,Bajo valor / Ascendente
160,71,703,57,1536.09,526,2,633,26.948947368421052,False,119,7.337646297452128,12.59394366197183,39.915,False,2.169380542849794,Sin dato,Sin dato,Sin dato,Sin dato,Sin dato,Sin dato,6.0,2.0,12.0,4.0,3.0,4.0,9.228070175438596,233.59,1,1,Bajo,Ascendente,Bajo valor / Ascendente
161,101,704,260,5950.35,1971,1,604,22.88596153846154,False,145,8.691373363560164,55.6312676056338,132.37583333333333,False,1.3795221470007915,19-24,A,75-99K,Unknown,2 Adults Kids,1,0.0,0.0,5.0,5.0,1.0,0.0,7.5807692307692305,1199.71,1,3,Alto,Ascendente,Alto valor / Ascendente
162,25,684,70,2955.83,893,21,660,42.226142857142854,False,116,7.99187302749979,28.419154929577466,38.9975,False,0.372225884148759,Sin dato,Sin dato,Sin dato,Sin dato,Sin dato,Sin dato,6.0,2.0,12.0,4.0,3.0,4.0,12.757142857142858,295.96,1,4,Alto,Ascendente,Alto valor / Ascendente
163,64,654,17,272.52,110,51,591,16.03058823529412,False,55,5.611374745331045,2.712112676056338,0.7225,False,-0.7336025135022849,Sin dato,Sin dato,Sin dato,Sin dato,Sin dato,Sin dato,6.0,2.0,12.0,4.0,3.0,4.0,6.470588235294118,36.92,0,0,Bajo,Descendente,Bajo valor / Descendente
164,116,705,115,4206.28,1813,0,590,36.57634782608695,False,165,8.344571637116218,48.61295774647887,60.87166666666667,False,0.2521695755300082,45-54,U,35-49K,Unknown,2 Adults No Kids,None/Unknown,3.0,3.0,3.0,5.0,2.0,3.0,15.765217391304347,1062.81,1,4,Alto,Ascendente,Alto valor / Ascendente
165,47,703,173,2965.4,939,2,657,17.141040462427746,False,118,7.995104375371536,30.32774647887324,24.076666666666668,False,-0.20611751738828232,55-64,A,35-49K,Homeowner,2 Adults No Kids,None/Unknown,4.0,0.0,3.0,0.0,2.0,3.0,5.427745664739884,1019.5,1,7,Alto,Descendente,Alto valor / Descendente
166,55,698,121,2998.05,848,7,644,24.777272727272727,False,127,8.006050850834104,31.51225352112676,52.065,False,0.6522144303356173,25-34,A,50-74K,Homeowner,2 Adults Kids,1,1.0,0.0,4.0,0.0,1.0,0.0,7.008264462809917,365.79,1,2,Alto,Ascendente,Alto valor / Ascendente
167,39,692,19,1186.18,319,13,654,62.43052631578948,False,111,7.079336025910028,12.917887323943662,19.968333333333334,False,0.5457894029096751,Sin dato,Sin dato,Sin dato,Sin dato,Sin dato,Sin dato,6.0,2.0,12.0,4.0,3.0,4.0,16.789473684210527,113.67,0,0,Bajo,Ascendente,Bajo valor / Ascendente
168,22,700,37,510.8,159,5,679,13.805405405405406,False,61,6.237933923725689,6.875211267605634,1.5091666666666665,False,-0.7804915939416288,Sin dato,Sin dato,Sin dato,Sin dato,Sin dato,Sin dato,6.0,2.0,12.0,4.0,3.0,4.0,4.297297297297297,61.12,0,0,Bajo,Descendente,Bajo valor / Descendente
169,67,675,24,255.58,40,30,609,10.649166666666668,False,18,5.547440506821195,3.045492957746479,0.6708333333333334,False,-0.7797291464335815,Sin dato,Sin dato,Sin dato,Sin dato,Sin dato,Sin dato,6.0,2.0,12.0,4.0,3.0,4.0,1.6666666666666667,26.48,0,0,Bajo,Descendente,Bajo valor / Descendente
170,40,693,45,2024.51,759,12,654,44.989111111111114,False,137,7.613576799683138,23.035352112676055,1.0758333333333334,False,-0.9532964233378783,25-34,A,100-124K,Homeowner,2 Adults Kids,2,1.0,0.0,6.0,0.0,1.0,1.0,16.866666666666667,528.48,0,0,Bajo,Descendente,Bajo valor / Descendente
171,89,701,25,740.46,368,4,613,29.6184,False,105,6.608621215416243,4.823802816901408,32.487500000000004,False,5.734831673917487,Sin dato,Sin dato,Sin dato,Sin dato,Sin dato,Sin dato,6.0,2.0,12.0,4.0,3.0,4.0,14.72,171.21,0,0,Bajo,Ascendente,Bajo valor / Ascendente
172,67,695,157,1757.67,357,10,629,11.195350318471338,False,84,7.472313120542584,18.79281690140845,32.6025,False,0.7348383784634525,Sin dato,Sin dato,Sin dato,Sin dato,Sin dato,Sin dato,6.0,2.0,12.0,4.0,3.0,4.0,2.2738853503184715,163.57999999999998,0,0,Bajo,Ascendente,Bajo valor / Ascendente
173,70,394,10,234.97,81,311,325,23.497,True,28,5.463704678301283,3.225211267605634,0.0,False,-1.0,Sin dato,Sin dato,Sin dato,Sin dato,Sin dato,Sin dato,6.0,2.0,12.0,4.0,3.0,4.0,8.1,41.85,0,0,Bajo,Descendente,Bajo valor / Descendente
174,60,669,27,1208.39,467,36,610,44.75518518518519,False,81,7.0978713792420045,12.636760563380282,7.815,False,-0.38156618851773827,Sin dato,Sin dato,Sin dato,Sin dato,Sin dato,Sin dato,6.0,2.0,12.0,4.0,3.0,4.0,17.296296296296298,251.17000000000002,0,0,Bajo,Descendente,Bajo valor / Descendente
175,7,655,51,1154.02,489,50,649,22.627843137254903,False,98,7.05187293882329,13.23323943661972,7.238333333333333,False,-0.4530187889366654,Sin dato,Sin dato,Sin dato,Sin dato,Sin dato,Sin dato,6.0,2.0,12.0,4.0,3.0,4.0,9.588235294117647,188.95,0,0,Bajo,Descendente,Bajo valor / Descendente
176,114,611,23,788.29,220,94,498,34.27347826086957,False,77,6.671133807180152,10.66661971830986,0.0,False,-1.0,Sin dato,Sin dato,Sin dato,Sin dato,Sin dato,Sin dato,6.0,2.0,12.0,4.0,3.0,4.0,9.565217391304348,151.19,0,0,Bajo,Descendente,Bajo valor / Descendente
177,51,692,50,1130.58,366,13,642,22.6116,False,104,7.031370165181439,13.610985915492957,11.588333333333333,False,-0.14860441372269018,Sin dato,Sin dato,Sin dato,Sin dato,Sin dato,Sin dato,6.0,2.0,12.0,4.0,3.0,4.0,7.32,264.62,0,0,Bajo,Descendente,Bajo valor / Descendente
178,25,705,114,1940.75,617,0,681,17.024122807017545,False,99,7.571344907299757,14.890140845070423,70.69,False,3.747436625047295,25-34,A,25-34K,Homeowner,1 Adult Kids,3+,1.0,0.0,2.0,0.0,0.0,2.0,5.412280701754386,336.65,0,0,Bajo,Ascendente,Bajo valor / Ascendente
179,73,522,38,620.5600000000001,193,183,450,16.330526315789474,False,52,6.432232446918533,7.7770422535211265,0.0,False,-1.0,Sin dato,Sin dato,Sin dato,Sin dato,Sin dato,Sin dato,6.0,2.0,12.0,4.0,3.0,4.0,5.078947368421052,142.11,1,1,Bajo,Descendente,Bajo valor / Descendente
180,101,696,68,2103.4,612,9,596,30.93235294117647,False,128,7.651785669856652,25.64056338028169,10.47,False,-0.5916626384250308,Sin dato,Sin dato,Sin dato,Sin dato,Sin dato,Sin dato,6.0,2.0,12.0,4.0,3.0,4.0,9.0,396.48,1,2,Bajo,Descendente,Bajo valor / Descendente
181,45,592,39,1670.82,562,113,548,42.84153846153846,False,106,7.421668132346985,17.671830985915495,0.0,False,-1.0,Sin dato,Sin dato,Sin dato,Sin dato,Sin dato,Sin dato,6.0,2.0,12.0,4.0,3.0,4.0,14.41025641025641,358.7,1,2,Bajo,Descendente,Bajo valor / Descendente
182,29,656,36,1162.34,508,49,628,32.28722222222222,False,72,7.059050457170969,13.720985915492959,9.565,False,-0.30289265954279976,Sin dato,Sin dato,Sin dato,Sin dato,Sin dato,Sin dato,6.0,2.0,12.0,4.0,3.0,4.0,14.11111111111111,274.89,0,0,Bajo,Descendente,Bajo valor / Descendente
183,12,674,136,1560.67,571,31,663,11.475514705882354,False,94,7.353511040473853,13.788450704225353,2.615,False,-0.8103485260168747,Sin dato,Sin dato,Sin dato,Sin dato,Sin dato,Sin dato,6.0,2.0,12.0,4.0,3.0,4.0,4.198529411764706,199.71,1,5,Bajo,Descendente,Bajo valor / Descendente
184,99,699,254,7014.55,1524,6,601,27.616338582677166,False,164,8.855884392884414,79.84887323943663,94.46166666666666,False,0.1830056309424903,45-54,U,25-34K,Unknown,Single Male,None/Unknown,3.0,3.0,2.0,5.0,5.0,3.0,6.0,1065.62,1,5,Alto,Ascendente,Alto valor / Ascendente
185,39,705,68,2137.62,711,0,667,31.435588235294116,False,119,7.667916040191294,21.627183098591548,44.87083333333334,False,1.074742379938306,Sin dato,Sin dato,Sin dato,Sin dato,Sin dato,Sin dato,6.0,2.0,12.0,4.0,3.0,4.0,10.455882352941176,616.39,1,1,Bajo,Ascendente,Bajo valor / Ascendente
186,101,389,2,54.150000000000006,11,316,289,27.075000000000003,True,7,4.0100567456995115,0.5409859154929577,0.0,True,,Sin dato,Sin dato,Sin dato,Sin dato,Sin dato,Sin dato,6.0,2.0,12.0,4.0,3.0,4.0,5.5,2.18,0,0,Bajo,Sin tendencia disponible,Sin tendencia disponible
187,36,705,59,701.0,354,0,670,11.88135593220339,False,91,6.553933404025811,5.133943661971831,11.685,False,1.2760280925077503,Sin dato,Sin dato,Sin dato,Sin dato,Sin dato,Sin dato,6.0,2.0,12.0,4.0,3.0,4.0,6.0,173.24,1,2,Bajo,Ascendente,Bajo valor / Ascendente
188,60,696,43,1847.6200000000001,591,9,637,42.96790697674419,False,98,7.522194693770313,22.11169014084507,11.608333333333334,False,-0.47501374795903845,Sin dato,Sin dato,Sin dato,Sin dato,Sin dato,Sin dato,6.0,2.0,12.0,4.0,3.0,4.0,13.744186046511627,451.4,1,2,Bajo,Descendente,Bajo valor / Descendente
189,79,692,38,801.99,220,13,614,21.105,False,59,6.688342260569094,10.070281690140845,5.949166666666667,False,-0.40923532730061496,Sin dato,Sin dato,Sin dato,Sin dato,Sin dato,Sin dato,6.0,2.0,12.0,4.0,3.0,4.0,5.7894736842105265,86.46,0,0,Bajo,Descendente,Bajo valor / Descendente
190,101,669,23,696.28,231,36,569,30.273043478260867,False,76,6.547187051756255,7.844084507042253,3.285,False,-0.5812130788429425,Sin dato,Sin dato,Sin dato,Sin dato,Sin dato,Sin dato,6.0,2.0,12.0,4.0,3.0,4.0,10.043478260869565,137.98,0,0,Bajo,Descendente,Bajo valor / Descendente
191,23,703,32,543.38,191,2,681,16.980625,False,70,6.299647532409592,4.989154929577465,14.055,False,1.817110352031166,Sin dato,Sin dato,Sin dato,Sin dato,Sin dato,Sin dato,6.0,2.0,12.0,4.0,3.0,4.0,5.96875,147.63,0,0,Bajo,Ascendente,Bajo valor / Ascendente
192,46,705,94,3764.02,1247,0,660,40.04276595744681,False,116,8.233508452304878,38.3130985915493,40.44083333333334,False,0.05553543879255311,45-54,A,35-49K,Homeowner,Single Male,None/Unknown,3.0,0.0,3.0,0.0,5.0,3.0,13.26595744680851,569.89,1,5,Alto,Ascendente,Alto valor / Ascendente
193,32,694,136,4814.66,895,11,663,35.40191176470588,False,113,8.479628386489855,54.27830985915493,29.829166666666666,False,-0.4504403924132968,45-54,A,75-99K,Homeowner,2 Adults No Kids,None/Unknown,3.0,0.0,5.0,0.0,2.0,3.0,6.580882352941177,585.8,1,5,Alto,Descendente,Alto valor / Descendente
194,37,705,71,1840.55,620,0,669,25.923239436619717,False,133,7.518362887294958,17.958450704225353,28.811666666666667,False,0.6043514633413068,Sin dato,Sin dato,Sin dato,Sin dato,Sin dato,Sin dato,6.0,2.0,12.0,4.0,3.0,4.0,8.732394366197184,278.74,1,1,Bajo,Ascendente,Bajo valor / Ascendente
195,47,677,90,4095.06,1379,28,631,45.50066666666667,False,146,8.317780815049556,41.61704225352113,21.485833333333332,False,-0.48372512389403494,Sin dato,Sin dato,Sin dato,Sin dato,Sin dato,Sin dato,6.0,2.0,12.0,4.0,3.0,4.0,15.322222222222223,1117.24,1,2,Alto,Descendente,Alto valor / Descendente
196,68,698,185,5249.58,2131,7,631,28.37610810810811,False,152,8.5660938256741,63.62845070422535,23.581666666666667,False,-0.6293848678433924,Sin dato,Sin dato,Sin dato,Sin dato,Sin dato,Sin dato,6.0,2.0,12.0,4.0,3.0,4.0,11.518918918918919,1291.4700000000003,1,7,Alto,Descendente,Alto valor / Descendente
197,79,702,53,1908.19,683,3,624,36.003584905660375,False,83,7.554434347322089,22.494366197183098,23.974166666666665,False,0.06578538183791453,Sin dato,Sin dato,Sin dato,Sin dato,Sin dato,Sin dato,6.0,2.0,12.0,4.0,3.0,4.0,12.88679245283019,207.62,0,0,Bajo,Ascendente,Bajo valor / Ascendente
198,80,699,460,8656.67,3369,6,620,18.818847826086955,False,193,9.066200912237415,100.83971830985915,79.33,False,-0.21330601344764105,35-44,A,Under 15K,Homeowner,2 Adults Kids,1,2.0,0.0,0.0,0.0,1.0,0.0,7.323913043478261,1841.41,1,10,Alto,Descendente,Alto valor / Descendente
199,71,701,54,667.97,218,4,631,12.369814814814815,False,64,6.5057392160734215,5.154366197183099,17.06416666666667,False,2.3106236565016216,Sin dato,Sin dato,Sin dato,Sin dato,Sin dato,Sin dato,6.0,2.0,12.0,4.0,3.0,4.0,4.037037037037037,132.16,0,0,Bajo,Ascendente,Bajo valor / Ascendente
200,21,702,78,1123.81,396,3,682,14.407820512820512,False,108,7.025369411486297,12.624788732394366,13.045,False,0.03328461778749609,Sin dato,Sin dato,Sin dato,Sin dato,Sin dato,Sin dato,6.0,2.0,12.0,4.0,3.0,4.0,5.076923076923077,170.38,1,1,Bajo,Ascendente,Bajo valor / Ascendente
201,118,704,48,1435.17,491,1,587,29.899375000000003,False,87,7.269735127002403,12.773943661971831,43.86333333333334,False,2.433812962860871,45-54,A,15-24K,Homeowner,2 Adults Kids,3+,3.0,0.0,1.0,0.0,1.0,2.0,10.229166666666666,363.64,0,0,Bajo,Ascendente,Bajo valor / Ascendente
202,57,696,37,964.88,263,9,640,26.077837837837837,False,96,6.873039602893643,9.700140845070424,17.583333333333332,False,0.8126884561958828,Sin dato,Sin dato,Sin dato,Sin dato,Sin dato,Sin dato,6.0,2.0,12.0,4.0,3.0,4.0,7.108108108108108,161.38,0,0,Bajo,Ascendente,Bajo valor / Ascendente
203,107,702,40,888.71,310,3,596,22.217750000000002,False,89,6.79089556693129,10.369577464788733,6.1258333333333335,False,-0.40924947480893914,Sin dato,Sin dato,Sin dato,Sin dato,Sin dato,Sin dato,6.0,2.0,12.0,4.0,3.0,4.0,7.75,130.16,0,0,Bajo,Descendente,Bajo valor / Descendente
204,92,699,56,920.69,359,6,608,16.44089285714286,False,90,6.826208941423566,10.785070422535211,9.9725,False,-0.07534215268890224,Sin dato,Sin dato,Sin dato,Sin dato,Sin dato,Sin dato,6.0,2.0,12.0,4.0,3.0,4.0,6.410714285714286,235.47,0,0,Bajo,Descendente,Bajo valor / Descendente
205,65,701,104,3712.63,1053,4,637,35.698365384615386,False,148,8.21976511390202,33.72140845070423,87.27,False,1.5879701948860165,Sin dato,Sin dato,Sin dato,Sin dato,Sin dato,Sin dato,6.0,2.0,12.0,4.0,3.0,4.0,10.125,491.71999999999997,1,4,Alto,Ascendente,Alto valor / Ascendente
206,60,655,15,386.6,149,50,596,25.773333333333333,False,62,5.959973880016611,0.06225352112676056,1.9024999999999999,True,,Sin dato,Sin dato,Sin dato,Sin dato,Sin dato,Sin dato,6.0,2.0,12.0,4.0,3.0,4.0,9.933333333333334,77.11999999999999,0,0,Bajo,Sin tendencia disponible,Sin tendencia disponible
207,63,653,21,995.72,389,52,591,47.415238095238095,False,100,6.904469887990608,8.545492957746479,3.6183333333333336,False,-0.576579917481142,Sin dato,Sin dato,Sin dato,Sin dato,Sin dato,Sin dato,6.0,2.0,12.0,4.0,3.0,4.0,18.523809523809526,120.55,0,0,Bajo,Descendente,Bajo valor / Descendente
208,49,701,140,4296.33,1398,4,653,30.68807142857143,False,120,8.36574917859208,41.45985915492958,55.49916666666667,False,0.33862410046484226,45-54,U,50-74K,Homeowner,2 Adults No Kids,None/Unknown,3.0,3.0,4.0,0.0,2.0,3.0,9.985714285714286,1350.1299999999999,1,8,Alto,Ascendente,Alto valor / Ascendente
209,95,700,194,6866.56,1677,5,606,35.39463917525774,False,142,8.83456415473505,75.41295774647887,107.69416666666666,False,0.4280591808732637,45-54,U,25-34K,Homeowner,2 Adults Kids,1,3.0,3.0,2.0,0.0,1.0,0.0,8.644329896907216,1343.8999999999999,1,5,Alto,Ascendente,Alto valor / Ascendente
210,18,703,146,3766.07,1613,2,686,25.795,False,152,8.234052789945723,40.06549295774648,57.093333333333334,False,0.42500014647379003,Sin dato,Sin dato,Sin dato,Sin dato,Sin dato,Sin dato,6.0,2.0,12.0,4.0,3.0,4.0,11.047945205479452,953.7299999999999,1,6,Alto,Ascendente,Alto valor / Ascendente
211,91,704,109,2232.56,916,1,614,20.482201834862384,False,90,7.711352004098242,24.65042253521127,18.3225,False,-0.25670645305054335,65+,A,35-49K,Homeowner,Single Female,None/Unknown,5.0,0.0,3.0,0.0,4.0,3.0,8.403669724770642,381.64,1,2,Alto,Descendente,Alto valor / Descendente
212,1,697,109,3052.66,1198,8,697,28.00605504587156,False,164,8.02409615017694,30.581971830985918,18.565,False,-0.39294300241327856,35-44,U,Under 15K,Unknown,Single Female,None/Unknown,2.0,3.0,0.0,5.0,4.0,3.0,10.990825688073395,458.14,1,5,Alto,Descendente,Alto valor / Descendente
213,80,675,9,606.5,239,30,596,67.38888888888889,False,77,6.409352175214703,6.968169014084507,6.885833333333333,False,-0.011815970678201407,Sin dato,Sin dato,Sin dato,Sin dato,Sin dato,Sin dato,6.0,2.0,12.0,4.0,3.0,4.0,26.555555555555557,83.64,0,0,Bajo,Descendente,Bajo valor / Descendente
214,113,704,86,2657.91,1070,1,592,30.905930232558138,False,116,7.885671543359168,32.168591549295776,26.508333333333336,False,-0.17595604729192293,55-64,B,Under 15K,Homeowner,2 Adults No Kids,None/Unknown,4.0,1.0,0.0,0.0,2.0,3.0,12.44186046511628,524.8699999999999,1,4,Alto,Descendente,Alto valor / Descendente
215,62,696,137,1625.49,814,9,635,11.864890510948905,False,123,7.394179597723587,19.400000000000002,16.895,False,-0.1291237113402063,Sin dato,Sin dato,Sin dato,Sin dato,Sin dato,Sin dato,6.0,2.0,12.0,4.0,3.0,4.0,5.9416058394160585,312.18,1,1,Bajo,Descendente,Bajo valor / Descendente
216,3,705,119,2605.82,695,0,703,21.89764705882353,False,122,7.865886366670623,30.856901408450707,19.57916666666667,False,-0.36548500422973224,35-44,U,50-74K,Homeowner,Unknown,None/Unknown,2.0,3.0,4.0,0.0,6.0,3.0,5.840336134453781,305.87,1,2,Alto,Descendente,Alto valor / Descendente
217,58,691,65,2435.12,802,14,634,37.46338461538461,False,134,7.798161888700244,24.892394366197184,36.765,False,0.47695715643671915,Sin dato,Sin dato,Sin dato,Sin dato,Sin dato,Sin dato,6.0,2.0,12.0,4.0,3.0,4.0,12.338461538461539,576.3499999999999,1,2,Alto,Ascendente,Alto valor / Ascendente
218,109,705,163,9117.32,2003,0,597,55.93447852760736,False,167,9.118040855573218,107.19450704225353,88.37083333333334,False,-0.17560296911016485,45-54,A,15-24K,Homeowner,2 Adults No Kids,None/Unknown,3.0,0.0,1.0,0.0,2.0,3.0,12.28834355828221,1011.76,1,4,Alto,Descendente,Alto valor / Descendente
219,60,701,226,11712.3,3473,4,642,51.824336283185836,False,192,9.368480227309112,127.30619718309859,160.595,False,0.2614861142150344,55-64,A,150-174K,Homeowner,2 Adults No Kids,None/Unknown,4.0,0.0,8.0,0.0,2.0,3.0,15.367256637168142,1456.46,1,7,Alto,Ascendente,Alto valor / Ascendente
220,38,679,91,2525.2400000000002,854,26,642,27.749890109890114,False,127,7.834487310273579,30.761408450704224,6.5225,False,-0.787964845288133,45-54,A,35-49K,Homeowner,2 Adults No Kids,None/Unknown,3.0,0.0,3.0,0.0,2.0,3.0,9.384615384615385,508.08000000000004,1,3,Alto,Descendente,Alto valor / Descendente
221,97,695,79,2879.29,1259,10,599,36.44670886075949,False,101,7.965646262505091,32.0887323943662,36.11833333333333,False,0.125576818973211,65+,U,15-24K,Unknown,Unknown,None/Unknown,5.0,3.0,1.0,5.0,6.0,3.0,15.936708860759493,693.02,1,3,Alto,Ascendente,Alto valor / Ascendente
222,45,702,128,5870.07,2265,3,658,45.859921875,False,145,8.67779217900452,55.31239436619718,53.45166666666666,False,-0.03364033903886937,35-44,A,35-49K,Unknown,2 Adults No Kids,None/Unknown,2.0,0.0,3.0,5.0,2.0,3.0,17.6953125,680.88,1,3,Alto,Descendente,Alto valor / Descendente
223,11,698,118,2738.98,766,7,688,23.21169491525424,False,132,7.9157059000854035,30.496478873239436,15.030833333333334,False,-0.5071288919678251,Sin dato,Sin dato,Sin dato,Sin dato,Sin dato,Sin dato,6.0,2.0,12.0,4.0,3.0,4.0,6.491525423728813,481.69,1,4,Alto,Descendente,Alto valor / Descendente
224,48,688,55,1576.6200000000001,613,17,641,28.665818181818185,False,105,7.363672661252799,17.622253521126762,18.315833333333334,False,0.03935817921215701,Sin dato,Sin dato,Sin dato,Sin dato,Sin dato,Sin dato,6.0,2.0,12.0,4.0,3.0,4.0,11.145454545454545,506.07,0,0,Bajo,Ascendente,Bajo valor / Ascendente
225,53,674,44,729.82,275,31,622,16.586818181818185,False,84,6.594167191398121,7.279154929577466,4.770833333333333,False,-0.34458967016240355,Sin dato,Sin dato,Sin dato,Sin dato,Sin dato,Sin dato,6.0,2.0,12.0,4.0,3.0,4.0,6.25,116.11,0,0,Bajo,Descendente,Bajo valor / Descendente
226,16,668,50,1205.06,449,37,653,24.1012,False,91,7.0951141272933596,12.68774647887324,9.855,False,-0.2232663210594674,Sin dato,Sin dato,Sin dato,Sin dato,Sin dato,Sin dato,6.0,2.0,12.0,4.0,3.0,4.0,8.98,275.44,1,1,Bajo,Descendente,Bajo valor / Descendente
227,55,705,135,1390.25,1205,0,651,10.298148148148147,False,40,7.237957902589755,13.465633802816901,19.208333333333332,False,0.42647079332538396,Sin dato,Sin dato,Sin dato,Sin dato,Sin dato,Sin dato,6.0,2.0,12.0,4.0,3.0,4.0,8.925925925925926,709.41,1,1,Bajo,Ascendente,Bajo valor / Ascendente
228,80,697,86,2398.94,741,8,618,27.894651162790698,False,132,7.783199016023532,28.254225352112677,11.718333333333334,False,-0.5852537740003158,Sin dato,Sin dato,Sin dato,Sin dato,Sin dato,Sin dato,6.0,2.0,12.0,4.0,3.0,4.0,8.616279069767442,527.86,1,2,Alto,Descendente,Alto valor / Descendente
229,36,692,40,1004.89,326,13,657,25.12225,False,90,6.9136280007448185,11.112535211267605,1.1466666666666667,False,-0.8968132253471738,Sin dato,Sin dato,Sin dato,Sin dato,Sin dato,Sin dato,6.0,2.0,12.0,4.0,3.0,4.0,8.15,342.81,0,0,Bajo,Descendente,Bajo valor / Descendente
230,102,704,166,4424.41,1890,1,603,26.653072289156626,False,136,8.395118208517019,53.7312676056338,38.725833333333334,False,-0.27926819784774864,25-34,U,25-34K,Unknown,Single Female,None/Unknown,1.0,3.0,2.0,5.0,4.0,3.0,11.385542168674698,1030.84,1,4,Alto,Descendente,Alto valor / Descendente
231,29,453,9,325.68,104,252,425,36.18666666666667,False,46,5.788981098490075,0.36056338028169016,0.0,True,,Sin dato,Sin dato,Sin dato,Sin dato,Sin dato,Sin dato,6.0,2.0,12.0,4.0,3.0,4.0,11.555555555555555,111.17,0,0,Bajo,Sin tendencia disponible,Sin tendencia disponible
232,73,672,631,12695.57,4044,33,600,20.119762282091916,False,208,9.449087157228695,157.25774647887323,27.9825,False,-0.8220596401350612,35-44,U,35-49K,Unknown,2 Adults No Kids,None/Unknown,2.0,3.0,3.0,5.0,2.0,3.0,6.408874801901743,2254.8599999999997,1,7,Alto,Descendente,Alto valor / Descendente
233,106,696,15,645.39,165,9,591,43.025999999999996,False,51,6.47140303679019,2.1474647887323943,40.57666666666667,False,17.89514877243611,Sin dato,Sin dato,Sin dato,Sin dato,Sin dato,Sin dato,6.0,2.0,12.0,4.0,3.0,4.0,11.0,112.12,0,0,Bajo,Ascendente,Bajo valor / Ascendente
234,76,696,19,260.64,121,9,621,13.717894736842105,False,47,5.566969513093012,3.220845070422535,0.43916666666666665,False,-0.8636486210716576,Sin dato,Sin dato,Sin dato,Sin dato,Sin dato,Sin dato,6.0,2.0,12.0,4.0,3.0,4.0,6.368421052631579,51.35,0,0,Bajo,Descendente,Bajo valor / Descendente
235,11,695,198,12037.5,2748,10,685,60.79545454545455,False,194,9.395865126383883,116.70915492957747,70.84916666666668,False,-0.39294250987065066,35-44,A,250K+,Homeowner,2 Adults Kids,3+,2.0,0.0,11.0,0.0,1.0,2.0,13.878787878787879,1187.06,1,7,Alto,Descendente,Alto valor / Descendente
236,49,692,46,1571.39,567,13,644,34.16065217391304,False,120,7.360352033822573,10.928450704225352,16.5775,False,0.5169121816682133,Sin dato,Sin dato,Sin dato,Sin dato,Sin dato,Sin dato,6.0,2.0,12.0,4.0,3.0,4.0,12.326086956521738,450.03,1,2,Bajo,Ascendente,Bajo valor / Ascendente
237,114,654,6,549.59,157,51,541,91.59833333333334,False,68,6.3109904305384905,3.4356338028169016,11.313333333333333,False,2.292939231200207,Sin dato,Sin dato,Sin dato,Sin dato,Sin dato,Sin dato,6.0,2.0,12.0,4.0,3.0,4.0,26.166666666666668,78.43,0,0,Bajo,Ascendente,Bajo valor / Ascendente
238,29,652,28,693.4,214,53,624,24.764285714285712,False,82,6.543048163346141,5.421549295774648,4.4425,False,-0.18058478164861147,Sin dato,Sin dato,Sin dato,Sin dato,Sin dato,Sin dato,6.0,2.0,12.0,4.0,3.0,4.0,7.642857142857143,90.2,0,0,Bajo,Descendente,Bajo valor / Descendente
239,27,703,262,4610.24,2809,2,677,17.596335877862593,False,174,8.436252080299155,44.348591549295776,74.37083333333334,False,0.6769604340346699,45-54,U,50-74K,Renter,Unknown,None/Unknown,3.0,3.0,4.0,3.0,6.0,3.0,10.721374045801527,1122.72,1,9,Alto,Ascendente,Alto valor / Ascendente
240,2,704,31,365.61,111,1,703,11.793870967741936,False,58,5.904298612720427,1.343661971830986,17.3625,False,11.921776729559749,Sin dato,Sin dato,Sin dato,Sin dato,Sin dato,Sin dato,6.0,2.0,12.0,4.0,3.0,4.0,3.5806451612903225,140.23,0,0,Bajo,Ascendente,Bajo valor / Ascendente
241,106,672,16,199.73,65,33,567,12.483125,False,37,5.3019607214628355,2.2298591549295774,0.125,False,-0.9439426478019202,Sin dato,Sin dato,Sin dato,Sin dato,Sin dato,Sin dato,6.0,2.0,12.0,4.0,3.0,4.0,4.0625,40.14,0,0,Bajo,Descendente,Bajo valor / Descendente
242,74,702,85,5096.16,1748,3,629,59.95482352941176,False,159,8.536438800861676,50.67014084507042,72.87416666666667,False,0.4382073041692842,45-54,A,75-99K,Homeowner,2 Adults Kids,3+,3.0,0.0,5.0,0.0,1.0,2.0,20.564705882352943,707.08,1,5,Alto,Ascendente,Alto valor / Ascendente
243,59,705,249,8033.42,2217,0,647,32.26273092369478,False,187,8.991490091372057,82.34802816901409,120.045,False,0.45777625365376423,65+,U,50-74K,Homeowner,2 Adults No Kids,None/Unknown,5.0,3.0,4.0,0.0,2.0,3.0,8.903614457831326,842.53,1,7,Alto,Ascendente,Alto valor / Ascendente
244,49,677,41,1698.95,842,28,629,41.43780487804878,False,90,7.438354117847068,18.0,13.974166666666667,False,-0.2236574074074074,Sin dato,Sin dato,Sin dato,Sin dato,Sin dato,Sin dato,6.0,2.0,12.0,4.0,3.0,4.0,20.536585365853657,251.78,0,0,Bajo,Descendente,Bajo valor / Descendente
245,5,684,48,1396.45,388,21,680,29.092708333333334,False,84,7.242404426213887,11.099859154929577,39.330000000000005,False,2.5432882031240096,Sin dato,Sin dato,Sin dato,Sin dato,Sin dato,Sin dato,6.0,2.0,12.0,4.0,3.0,4.0,8.083333333333334,402.63,1,1,Bajo,Ascendente,Bajo valor / Ascendente
246,30,692,47,847.25,349,13,663,18.02659574468085,False,89,6.743175403664339,7.099014084507043,8.284166666666666,False,0.16694608125177715,Sin dato,Sin dato,Sin dato,Sin dato,Sin dato,Sin dato,6.0,2.0,12.0,4.0,3.0,4.0,7.425531914893617,141.86,1,2,Bajo,Ascendente,Bajo valor / Ascendente
247,74,704,59,1243.06,482,1,631,21.068813559322034,False,102,7.126135503647276,11.50169014084507,24.415833333333335,False,1.122803956144433,Sin dato,Sin dato,Sin dato,Sin dato,Sin dato,Sin dato,6.0,2.0,12.0,4.0,3.0,4.0,8.169491525423728,167.76,0,0,Bajo,Ascendente,Bajo valor / Ascendente
248,29,704,57,6039.01,2077,1,676,105.94754385964913,False,165,8.70616094655663,56.12802816901409,102.31,False,0.8227969757270225,35-44,A,125-149K,Homeowner,2 Adults Kids,2,2.0,0.0,7.0,0.0,1.0,1.0,36.43859649122807,2136.0699999999997,1,3,Alto,Ascendente,Alto valor / Ascendente
249,79,704,137,2823.23,1122,1,626,20.607518248175182,False,141,7.945991040055895,33.333661971830985,10.185,False,-0.6944530124350886,35-44,A,Under 15K,Renter,Unknown,1,2.0,0.0,0.0,3.0,6.0,0.0,8.18978102189781,544.35,1,3,Alto,Descendente,Alto valor / Descendente
250,108,698,120,5875.99,2074,7,591,48.96658333333333,False,122,8.678800005062794,65.18563380281691,92.1725,False,0.4140002117463018,45-54,A,75-99K,Homeowner,1 Adult Kids,2,3.0,0.0,5.0,0.0,0.0,1.0,17.283333333333335,795.55,0,0,Alto,Ascendente,Alto valor / Ascendente
251,26,703,83,2268.51,743,2,678,27.331445783132533,False,125,7.727319228143697,22.475352112676056,25.390833333333333,False,0.12971904538095985,Sin dato,Sin dato,Sin dato,Sin dato,Sin dato,Sin dato,6.0,2.0,12.0,4.0,3.0,4.0,8.951807228915662,481.52,1,2,Alto,Ascendente,Alto valor / Ascendente
252,112,665,9,93.78,30,40,554,10.42,False,15,4.551558416539442,1.081549295774648,1.3325,False,0.23202891001432469,Sin dato,Sin dato,Sin dato,Sin dato,Sin dato,Sin dato,6.0,2.0,12.0,4.0,3.0,4.0,3.3333333333333335,8.47,0,0,Bajo,Ascendente,Bajo valor / Ascendente
253,19,697,382,10930.88,4668,8,679,28.61486910994764,False,172,9.299438570039303,108.33788732394366,104.30166666666668,False,-0.03725585533349184,45-54,U,Under 15K,Unknown,Single Female,None/Unknown,3.0,3.0,0.0,5.0,4.0,3.0,12.219895287958115,3323.99,1,7,Alto,Descendente,Alto valor / Descendente
254,17,698,42,439.8,195,7,682,10.471428571428572,False,66,6.088591257838705,2.99887323943662,13.4975,False,3.5008571294382866,Sin dato,Sin dato,Sin dato,Sin dato,Sin dato,Sin dato,6.0,2.0,12.0,4.0,3.0,4.0,4.642857142857143,69.21,0,0,Bajo,Ascendente,Bajo valor / Ascendente
255,2,697,18,672.09,180,8,696,37.33833333333334,False,58,6.51187905027282,6.38056338028169,12.85,False,1.0139287448677763,Sin dato,Sin dato,Sin dato,Sin dato,Sin dato,Sin dato,6.0,2.0,12.0,4.0,3.0,4.0,10.0,158.64,0,0,Bajo,Ascendente,Bajo valor / Ascendente
256,33,704,124,9683.37,3022,1,672,78.0916935483871,False,160,9.178268524680401,105.12211267605633,78.82166666666667,False,-0.25018947336453323,25-34,U,50-74K,Homeowner,2 Adults No Kids,None/Unknown,1.0,3.0,4.0,0.0,2.0,3.0,24.370967741935484,1139.1100000000001,1,12,Alto,Descendente,Alto valor / Descendente
257,57,698,122,2689.9900000000002,1123,7,642,22.04909836065574,False,116,7.897664434629329,28.82323943661972,26.264166666666668,False,-0.0887850505346657,25-34,U,25-34K,Unknown,1 Adult Kids,2,1.0,3.0,2.0,5.0,0.0,1.0,9.204918032786885,690.63,1,3,Alto,Descendente,Alto valor / Descendente
258,43,699,208,2570.93,1557,6,657,12.360240384615384,False,155,7.852411868812959,26.181267605633803,34.7925,False,0.3289081538784314,Sin dato,Sin dato,Sin dato,Sin dato,Sin dato,Sin dato,6.0,2.0,12.0,4.0,3.0,4.0,7.485576923076923,717.11,1,5,Alto,Ascendente,Alto valor / Ascendente
259,11,694,54,1158.33,327,11,684,21.450555555555553,False,87,7.055597531026344,11.66169014084507,10.279166666666667,False,-0.11855258178538935,Sin dato,Sin dato,Sin dato,Sin dato,Sin dato,Sin dato,6.0,2.0,12.0,4.0,3.0,4.0,6.055555555555555,119.55,0,0,Bajo,Descendente,Bajo valor / Descendente
260,112,699,30,425.04,180,6,588,14.168000000000001,False,73,6.054533238574965,4.975352112676056,5.66,False,0.13760792639773542,Sin dato,Sin dato,Sin dato,Sin dato,Sin dato,Sin dato,6.0,2.0,12.0,4.0,3.0,4.0,6.0,51.25,0,0,Bajo,Ascendente,Bajo valor / Ascendente
261,108,650,44,1241.8700000000001,272,55,543,28.224318181818184,False,84,7.12517850036144,15.013098591549296,5.553333333333334,False,-0.630100788356959,Sin dato,Sin dato,Sin dato,Sin dato,Sin dato,Sin dato,6.0,2.0,12.0,4.0,3.0,4.0,6.181818181818182,124.36,1,1,Bajo,Descendente,Bajo valor / Descendente
262,100,697,218,4802.27,1658,8,598,22.02876146788991,False,159,8.477052214950538,62.86267605633803,15.426666666666668,False,-0.754597359920835,Sin dato,Sin dato,Sin dato,Sin dato,Sin dato,Sin dato,6.0,2.0,12.0,4.0,3.0,4.0,7.605504587155964,810.79,1,7,Alto,Descendente,Alto valor / Descendente
263,95,701,322,5835.04,2224,4,607,18.121242236024845,False,152,8.671807763628783,68.66352112676056,60.34,False,-0.12122188012167917,45-54,U,35-49K,Unknown,2 Adults No Kids,None/Unknown,3.0,3.0,3.0,5.0,2.0,3.0,6.906832298136646,1082.6599999999999,1,6,Alto,Descendente,Alto valor / Descendente
264,56,680,61,1783.07,658,25,625,29.230655737704918,False,86,7.486652550038339,21.88197183098592,7.879166666666666,False,-0.6399242843595389,45-54,U,75-99K,Homeowner,2 Adults No Kids,None/Unknown,3.0,3.0,5.0,0.0,2.0,3.0,10.78688524590164,375.75,1,1,Bajo,Descendente,Bajo valor / Descendente
265,115,705,52,1809.15,621,0,591,34.791346153846156,False,131,7.501164993754277,23.726338028169014,9.714166666666667,False,-0.5905745482032012,Sin dato,Sin dato,Sin dato,Sin dato,Sin dato,Sin dato,6.0,2.0,12.0,4.0,3.0,4.0,11.942307692307692,414.31,1,3,Bajo,Descendente,Bajo valor / Descendente
266,79,697,59,3130.2200000000003,984,8,619,53.05457627118645,False,109,8.049177983948955,30.86887323943662,52.52583333333334,False,0.7015792227307087,Sin dato,Sin dato,Sin dato,Sin dato,Sin dato,Sin dato,6.0,2.0,12.0,4.0,3.0,4.0,16.677966101694917,441.6,1,2,Alto,Ascendente,Alto valor / Ascendente
267,46,675,26,385.56,76,30,630,14.829230769230769,False,21,5.957287095306396,3.8781690140845075,7.435,False,0.9171418195024511,Sin dato,Sin dato,Sin dato,Sin dato,Sin dato,Sin dato,6.0,2.0,12.0,4.0,3.0,4.0,2.923076923076923,37.449999999999996,0,0,Bajo,Ascendente,Bajo valor / Ascendente
268,109,676,30,809.21,327,29,568,26.973666666666666,False,93,6.69729347332387,9.032112676056338,7.569166666666667,False,-0.16197162965735193,Sin dato,Sin dato,Sin dato,Sin dato,Sin dato,Sin dato,6.0,2.0,12.0,4.0,3.0,4.0,10.9,206.53,0,0,Bajo,Descendente,Bajo valor / Descendente
269,99,703,83,1757.01,497,2,605,21.168795180722892,False,100,7.471937766511083,14.522957746478875,54.64416666666667,False,2.7626059113141244,Sin dato,Sin dato,Sin dato,Sin dato,Sin dato,Sin dato,6.0,2.0,12.0,4.0,3.0,4.0,5.9879518072289155,258.64000000000004,0,0,Bajo,Ascendente,Bajo valor / Ascendente
270,103,704,40,908.82,199,1,602,22.7205,False,76,6.813246777747659,8.927042253521128,18.051666666666666,False,1.0221329925425722,Sin dato,Sin dato,Sin dato,Sin dato,Sin dato,Sin dato,6.0,2.0,12.0,4.0,3.0,4.0,4.975,274.28,0,0,Bajo,Ascendente,Bajo valor / Ascendente
271,2,704,98,1375.52,339,1,703,14.03591836734694,False,92,7.227313854081177,5.926619718309859,51.8825,False,7.75414696166734,Sin dato,Sin dato,Sin dato,Sin dato,Sin dato,Sin dato,6.0,2.0,12.0,4.0,3.0,4.0,3.4591836734693877,247.77,1,4,Bajo,Ascendente,Bajo valor / Ascendente
272,79,457,7,401.62,130,248,379,57.37428571428571,False,62,5.997993189070682,5.603661971830986,0.0,False,-1.0,Sin dato,Sin dato,Sin dato,Sin dato,Sin dato,Sin dato,6.0,2.0,12.0,4.0,3.0,4.0,18.571428571428573,75.57,0,0,Bajo,Descendente,Bajo valor / Descendente
273,17,699,124,2474.7,822,6,683,19.95725806451613,False,130,7.8142784632972395,22.575915492957748,35.4925,False,0.5721400096076461,Sin dato,Sin dato,Sin dato,Sin dato,Sin dato,Sin dato,6.0,2.0,12.0,4.0,3.0,4.0,6.629032258064516,291.44,1,2,Alto,Ascendente,Alto valor / Ascendente
274,77,674,15,120.07000000000001,67,31,598,8.004666666666667,False,33,4.796368890719649,1.4153521126760562,1.4325,False,0.012115633396358017,Sin dato,Sin dato,Sin dato,Sin dato,Sin dato,Sin dato,6.0,2.0,12.0,4.0,3.0,4.0,4.466666666666667,14.69,0,0,Bajo,Ascendente,Bajo valor / Ascendente
275,100,703,316,6198.77,1983,2,604,19.616360759493674,False,133,8.732267473570888,70.64732394366197,75.27416666666666,False,0.06549211583292783,Sin dato,Sin dato,Sin dato,Sin dato,Sin dato,Sin dato,6.0,2.0,12.0,4.0,3.0,4.0,6.275316455696203,1150.1499999999999,1,3,Alto,Ascendente,Alto valor / Ascendente
276,75,691,172,5735.71,1600,14,617,33.347151162790695,False,153,8.654641154256767,67.17901408450705,43.1525,False,-0.35764910235632774,35-44,U,35-49K,Unknown,Single Male,None/Unknown,2.0,3.0,3.0,5.0,5.0,3.0,9.30232558139535,1226.89,1,6,Alto,Descendente,Alto valor / Descendente
277,36,694,31,754.05,223,11,659,24.324193548387097,False,62,6.626783972221798,8.429859154929577,5.195833333333334,False,-0.38363936599166826,Sin dato,Sin dato,Sin dato,Sin dato,Sin dato,Sin dato,6.0,2.0,12.0,4.0,3.0,4.0,7.193548387096774,260.49,0,0,Bajo,Descendente,Bajo valor / Descendente
278,45,704,83,2047.38,642,1,660,24.66722891566265,False,107,7.6248045158227065,18.648873239436618,18.400833333333335,False,-0.013300530435198384,Sin dato,Sin dato,Sin dato,Sin dato,Sin dato,Sin dato,6.0,2.0,12.0,4.0,3.0,4.0,7.734939759036145,358.15,1,3,Bajo,Descendente,Bajo valor / Descendente
279,77,655,53,1816.6200000000001,562,50,579,34.275849056603775,False,117,7.505283231987421,24.25,4.9375,False,-0.7963917525773195,Sin dato,Sin dato,Sin dato,Sin dato,Sin dato,Sin dato,6.0,2.0,12.0,4.0,3.0,4.0,10.60377358490566,422.23,1,1,Bajo,Descendente,Bajo valor / Descendente
280,11,704,104,2370.88,595,1,694,22.79692307692308,False,112,7.771438168618664,24.017605633802816,32.3425,False,0.34661633191614144,Sin dato,Sin dato,Sin dato,Sin dato,Sin dato,Sin dato,6.0,2.0,12.0,4.0,3.0,4.0,5.721153846153846,625.07,1,1,Alto,Ascendente,Alto valor / Ascendente
281,17,691,78,1492.19,537,14,675,19.130641025641026,False,86,7.308670049991483,15.148873239436618,11.487499999999999,False,-0.2416927768532034,35-44,B,50-74K,Homeowner,Single Female,None/Unknown,2.0,1.0,4.0,0.0,4.0,3.0,6.884615384615385,398.42,1,5,Bajo,Descendente,Bajo valor / Descendente
282,61,705,106,4012.92,1212,0,645,37.8577358490566,False,149,8.297523598913529,40.41845070422535,59.10666666666666,False,0.46236843908734093,45-54,U,35-49K,Unknown,Single Female,None/Unknown,3.0,3.0,3.0,5.0,4.0,3.0,11.433962264150944,589.05,1,5,Alto,Ascendente,Alto valor / Ascendente
283,40,700,78,6023.37,1826,5,661,77.22269230769231,False,169,8.703568188576273,64.7687323943662,113.28333333333335,False,0.7490435453263111,25-34,A,50-74K,Homeowner,2 Adults No Kids,None/Unknown,1.0,0.0,4.0,0.0,2.0,3.0,23.41025641025641,955.8100000000001,1,7,Alto,Ascendente,Alto valor / Ascendente
284,95,705,21,534.98,158,0,611,25.475238095238097,False,62,6.284096846941803,5.568591549295775,2.686666666666667,False,-0.517532100732647,Sin dato,Sin dato,Sin dato,Sin dato,Sin dato,Sin dato,6.0,2.0,12.0,4.0,3.0,4.0,7.523809523809524,64.57,0,0,Bajo,Descendente,Bajo valor / Descendente
285,76,705,199,4205.4800000000005,1558,0,630,21.13306532663317,False,132,8.34438147243303,44.149014084507044,56.370000000000005,False,0.27681220450586685,Sin dato,Sin dato,Sin dato,Sin dato,Sin dato,Sin dato,6.0,2.0,12.0,4.0,3.0,4.0,7.8291457286432165,931.28,1,6,Alto,Ascendente,Alto valor / Ascendente
286,65,702,40,1197.21,247,3,638,29.93025,False,87,7.08858405546711,12.048450704225353,22.570000000000004,False,0.8732698961937718,Sin dato,Sin dato,Sin dato,Sin dato,Sin dato,Sin dato,6.0,2.0,12.0,4.0,3.0,4.0,6.175,129.64,1,1,Bajo,Ascendente,Bajo valor / Ascendente
287,6,705,267,3215.41,1173,0,700,12.042734082397002,False,152,8.076021109735198,32.05718309859155,63.97333333333333,False,0.9956005846360229,Sin dato,Sin dato,Sin dato,Sin dato,Sin dato,Sin dato,6.0,2.0,12.0,4.0,3.0,4.0,4.393258426966292,512.0799999999999,1,8,Alto,Ascendente,Alto valor / Ascendente
288,108,702,91,3099.53,928,3,595,34.06076923076923,False,144,8.039328343601854,32.49647887323944,38.82666666666667,False,0.19479611369957012,Sin dato,Sin dato,Sin dato,Sin dato,Sin dato,Sin dato,6.0,2.0,12.0,4.0,3.0,4.0,10.197802197802197,326.22,1,3,Alto,Ascendente,Alto valor / Ascendente
289,114,698,183,5970.47,1607,7,585,32.62551912568306,False,152,8.694748407232511,65.05718309859155,98.86583333333334,False,0.5196759008687194,45-54,B,100-124K,Homeowner,Single Male,None/Unknown,3.0,1.0,6.0,0.0,5.0,3.0,8.781420765027322,611.55,1,5,Alto,Ascendente,Alto valor / Ascendente
290,82,701,287,5458.29,2557,4,620,19.01843205574913,False,141,8.605074023653419,61.79605633802817,72.79166666666667,False,0.1779338517735152,25-34,U,35-49K,Unknown,2 Adults No Kids,None/Unknown,1.0,3.0,3.0,5.0,2.0,3.0,8.909407665505226,1071.97,1,8,Alto,Ascendente,Alto valor / Ascendente
291,105,688,61,2474.4900000000002,916,17,584,40.56540983606558,False,107,7.814193635205356,27.349014084507044,37.494166666666665,False,0.3709513092798016,Sin dato,Sin dato,Sin dato,Sin dato,Sin dato,Sin dato,6.0,2.0,12.0,4.0,3.0,4.0,15.01639344262295,499.56,1,4,Alto,Ascendente,Alto valor / Ascendente
292,115,704,83,977.07,361,1,590,11.771927710843373,False,102,6.8855812421156015,10.522394366197183,8.693333333333333,False,-0.17382555426164628,Sin dato,Sin dato,Sin dato,Sin dato,Sin dato,Sin dato,6.0,2.0,12.0,4.0,3.0,4.0,4.349397590361446,218.76999999999998,0,0,Bajo,Descendente,Bajo valor / Descendente
293,3,694,108,3957.66,1267,11,692,36.644999999999996,False,153,8.283660863145412,47.684225352112676,23.68166666666667,False,-0.5033647607401587,Sin dato,Sin dato,Sin dato,Sin dato,Sin dato,Sin dato,6.0,2.0,12.0,4.0,3.0,4.0,11.731481481481481,742.25,1,5,Alto,Descendente,Alto valor / Descendente
294,6,700,267,5362.95,2305,5,695,20.085955056179774,False,150,8.587455922956186,51.13084507042254,52.275,False,0.022377000184558175,25-34,A,50-74K,Homeowner,2 Adults Kids,2,1.0,0.0,4.0,0.0,1.0,1.0,8.632958801498127,1568.78,1,10,Alto,Ascendente,Alto valor / Ascendente
295,81,446,4,123.39,38,259,366,30.8475,False,23,4.8234217912218735,1.5921126760563382,0.0,False,-1.0,Sin dato,Sin dato,Sin dato,Sin dato,Sin dato,Sin dato,6.0,2.0,12.0,4.0,3.0,4.0,9.5,64.09,0,0,Bajo,Descendente,Bajo valor / Descendente
296,107,697,12,149.25,47,8,591,12.4375,False,30,5.012300573415317,0.5918309859154929,6.435833333333334,True,,Sin dato,Sin dato,Sin dato,Sin dato,Sin dato,Sin dato,6.0,2.0,12.0,4.0,3.0,4.0,3.9166666666666665,15.11,0,0,Bajo,Sin tendencia disponible,Sin tendencia disponible
297,79,698,114,3535.62,1171,7,620,31.01421052631579,False,148,8.1709267477539,31.87225352112676,95.2575,False,1.98872810913285,Sin dato,Sin dato,Sin dato,Sin dato,Sin dato,Sin dato,6.0,2.0,12.0,4.0,3.0,4.0,10.271929824561404,638.3,1,2,Alto,Ascendente,Alto valor / Ascendente
298,60,292,7,224.86,109,413,233,32.12285714285714,True,56,5.4199153382955245,0.22985915492957748,0.0,True,,Sin dato,Sin dato,Sin dato,Sin dato,Sin dato,Sin dato,6.0,2.0,12.0,4.0,3.0,4.0,15.571428571428571,52.25,0,0,Bajo,Sin tendencia disponible,Sin tendencia disponible
299,108,696,10,221.38,51,9,589,22.137999999999998,False,13,5.404387630275103,2.405070422535211,2.4291666666666667,False,0.010018934957445236,Sin dato,Sin dato,Sin dato,Sin dato,Sin dato,Sin dato,6.0,2.0,12.0,4.0,3.0,4.0,5.1,8.120000000000001,0,0,Bajo,Ascendente,Bajo valor / Ascendente
300,69,685,107,4974.31,1539,20,617,46.488878504672904,False,149,8.512242959209198,52.15098591549296,21.934166666666666,False,-0.5794103163800306,55-64,A,Under 15K,Unknown,Single Female,None/Unknown,4.0,0.0,0.0,5.0,4.0,3.0,14.383177570093459,901.17,1,6,Alto,Descendente,Alto valor / Descendente
301,26,702,80,7194.62,2390,3,677,89.93275,False,162,8.881227786561015,71.99042253521127,101.15750000000001,False,0.4051521916060824,35-44,A,35-49K,Homeowner,2 Adults Kids,2,2.0,0.0,3.0,0.0,1.0,1.0,29.875,1215.76,1,8,Alto,Ascendente,Alto valor / Ascendente
302,98,691,95,1797.53,541,14,594,18.92136842105263,False,116,7.494724943563699,21.14605633802817,19.400000000000002,False,-0.08257125159021424,45-54,U,35-49K,Homeowner,2 Adults Kids,1,3.0,3.0,3.0,0.0,1.0,0.0,5.6947368421052635,224.35,1,1,Bajo,Descendente,Bajo valor / Descendente
303,115,705,197,4786.55,1770,0,591,24.297208121827413,False,155,8.473774077298595,53.1043661971831,82.51333333333334,False,0.5537956526390145,Sin dato,Sin dato,Sin dato,Sin dato,Sin dato,Sin dato,6.0,2.0,12.0,4.0,3.0,4.0,8.98477157360406,1281.0400000000002,1,4,Alto,Ascendente,Alto valor / Ascendente
304,2,705,301,8439.59,2840,0,704,28.038504983388705,False,185,9.040807490360017,84.38253521126761,95.125,False,0.12730673191835967,25-34,U,50-74K,Unknown,2 Adults No Kids,None/Unknown,1.0,3.0,4.0,5.0,2.0,3.0,9.435215946843854,1770.52,1,9,Alto,Ascendente,Alto valor / Ascendente
305,30,704,140,3816.03,901,1,675,27.257357142857146,False,133,8.247227912289926,40.541549295774644,28.761666666666667,False,-0.2905632082081212,Sin dato,Sin dato,Sin dato,Sin dato,Sin dato,Sin dato,6.0,2.0,12.0,4.0,3.0,4.0,6.435714285714286,661.13,1,7,Alto,Descendente,Alto valor / Descendente
306,100,702,182,5637.56,2253,3,603,30.975604395604396,False,165,8.637383992743686,59.57591549295775,97.11,False,0.6300211116601141,19-24,U,35-49K,Homeowner,2 Adults Kids,2,0.0,3.0,3.0,0.0,1.0,1.0,12.37912087912088,2005.3,1,4,Alto,Ascendente,Alto valor / Ascendente
307,36,704,414,2571.53,1022,1,669,6.211425120772947,False,70,7.852645129447787,27.39225352112676,32.15416666666667,False,0.17384159875226027,Sin dato,Sin dato,Sin dato,Sin dato,Sin dato,Sin dato,6.0,2.0,12.0,4.0,3.0,4.0,2.468599033816425,536.17,1,4,Alto,Ascendente,Alto valor / Ascendente
308,14,701,81,2417.69,701,4,688,29.848024691358024,False,135,7.790981350268862,23.39281690140845,46.208333333333336,False,0.9753214641948995,Sin dato,Sin dato,Sin dato,Sin dato,Sin dato,Sin dato,6.0,2.0,12.0,4.0,3.0,4.0,8.654320987654321,227.68,1,1,Alto,Ascendente,Alto valor / Ascendente
309,33,624,22,2325.59,689,81,592,105.70863636363637,False,77,7.752158955256005,24.543661971830986,6.895833333333333,False,-0.7190381231110602,25-34,A,75-99K,Homeowner,Single Male,None/Unknown,1.0,0.0,5.0,0.0,5.0,3.0,31.318181818181817,471.89,0,0,Alto,Descendente,Alto valor / Descendente
310,79,698,6,161.88,45,7,620,26.98,False,28,5.093013733362158,0.4254929577464789,4.234166666666667,True,,Sin dato,Sin dato,Sin dato,Sin dato,Sin dato,Sin dato,6.0,2.0,12.0,4.0,3.0,4.0,7.5,24.64,0,0,Bajo,Sin tendencia disponible,Sin tendencia disponible
311,27,695,48,1318.4,454,10,669,27.46666666666667,False,115,7.184932366788771,12.908591549295775,20.155,False,0.5613632148039848,Sin dato,Sin dato,Sin dato,Sin dato,Sin dato,Sin dato,6.0,2.0,12.0,4.0,3.0,4.0,9.458333333333334,148.05,0,0,Bajo,Ascendente,Bajo valor / Ascendente
312,88,696,40,2578.05,863,9,609,64.45125,False,145,7.855176393052854,29.858732394366193,19.006666666666668,False,-0.3634469670168287,Sin dato,Sin dato,Sin dato,Sin dato,Sin dato,Sin dato,6.0,2.0,12.0,4.0,3.0,4.0,21.575,470.08,1,2,Alto,Descendente,Alto valor / Descendente
313,51,86,4,92.54,38,619,36,23.135,True,26,4.53838915229774,0.0,0.0,True,,Sin dato,Sin dato,Sin dato,Sin dato,Sin dato,Sin dato,6.0,2.0,12.0,4.0,3.0,4.0,9.5,17.33,0,0,Bajo,Sin tendencia disponible,Sin tendencia disponible
314,11,702,40,2980.16,1226,3,692,74.50399999999999,False,126,8.000067765501718,27.209295774647888,45.14166666666667,False,0.6590531059876666,45-54,U,75-99K,Homeowner,2 Adults Kids,1,3.0,3.0,5.0,0.0,1.0,0.0,30.65,460.72,1,1,Alto,Ascendente,Alto valor / Ascendente
315,3,627,11,182.19,63,78,625,16.562727272727273,False,35,5.210523865597367,1.474225352112676,1.4133333333333333,False,-0.04130441705678161,Sin dato,Sin dato,Sin dato,Sin dato,Sin dato,Sin dato,6.0,2.0,12.0,4.0,3.0,4.0,5.7272727272727275,33.1,0,0,Bajo,Descendente,Bajo valor / Descendente
316,69,698,52,1017.51,499,7,630,19.5675,False,95,6.926096053978995,7.915070422535211,32.5775,False,3.1158825204192393,Sin dato,Sin dato,Sin dato,Sin dato,Sin dato,Sin dato,6.0,2.0,12.0,4.0,3.0,4.0,9.596153846153847,197.59,0,0,Bajo,Ascendente,Bajo valor / Ascendente
317,34,677,60,5921.17,1721,28,644,98.68616666666667,False,157,8.68645821476758,64.48154929577464,62.9475,False,-0.02379051546571892,45-54,A,75-99K,Homeowner,Single Male,None/Unknown,3.0,0.0,5.0,0.0,5.0,3.0,28.683333333333334,974.21,1,6,Alto,Descendente,Alto valor / Descendente
318,68,698,90,1131.11,402,7,631,12.567888888888888,False,84,7.031838427187,11.338169014084507,4.244166666666667,False,-0.6256744222639056,Sin dato,Sin dato,Sin dato,Sin dato,Sin dato,Sin dato,6.0,2.0,12.0,4.0,3.0,4.0,4.466666666666667,160.84,1,3,Bajo,Descendente,Bajo valor / Descendente
319,24,690,109,3758.5,1390,15,667,34.481651376146786,False,152,8.232041248818081,42.37845070422535,9.190833333333332,False,-0.7831248386714393,45-54,U,35-49K,Homeowner,1 Adult Kids,3+,3.0,3.0,3.0,0.0,0.0,2.0,12.752293577981652,836.18,1,5,Alto,Descendente,Alto valor / Descendente
320,88,689,19,497.41,146,16,602,26.179473684210528,False,69,6.211423031477417,4.8781690140845075,9.988333333333333,False,1.0475578653577786,Sin dato,Sin dato,Sin dato,Sin dato,Sin dato,Sin dato,6.0,2.0,12.0,4.0,3.0,4.0,7.684210526315789,58.87,0,0,Bajo,Ascendente,Bajo valor / Ascendente
321,60,690,106,5935.66,1666,15,631,55.996792452830185,False,155,8.68890196465034,66.15901408450704,42.8175,False,-0.3528092793930116,45-54,A,100-124K,Homeowner,2 Adults No Kids,None/Unknown,3.0,0.0,6.0,0.0,2.0,3.0,15.716981132075471,1296.4299999999998,1,7,Alto,Descendente,Alto valor / Descendente
322,103,703,69,2334.17,884,2,601,33.82855072463768,False,147,7.755839972592018,28.885070422535215,20.583333333333332,False,-0.2874058109522603,Sin dato,Sin dato,Sin dato,Sin dato,Sin dato,Sin dato,6.0,2.0,12.0,4.0,3.0,4.0,12.81159420289855,318.91,1,3,Alto,Descendente,Alto valor / Descendente
323,39,704,13,151.99,52,1,666,11.691538461538462,False,29,5.030372559779288,0.6514084507042254,6.5441666666666665,True,,Sin dato,Sin dato,Sin dato,Sin dato,Sin dato,Sin dato,6.0,2.0,12.0,4.0,3.0,4.0,4.0,22.7,0,0,Bajo,Sin tendencia disponible,Sin tendencia disponible
324,48,705,149,8413.68,2319,0,658,56.467651006711414,False,178,9.037733078569705,96.17169014084507,71.6525,False,-0.25495226406998045,45-54,U,50-74K,Unknown,Single Female,None/Unknown,3.0,3.0,4.0,5.0,4.0,3.0,15.563758389261745,894.48,1,7,Alto,Descendente,Alto valor / Descendente
325,71,698,75,2850.58,1019,7,628,38.007733333333334,False,138,7.955628505612482,26.54225352112676,58.1025,False,1.1890567789864686,35-44,A,75-99K,Homeowner,2 Adults Kids,2,2.0,0.0,5.0,0.0,1.0,1.0,13.586666666666666,1100.6,0,0,Alto,Ascendente,Alto valor / Ascendente
326,108,685,25,688.1800000000001,150,20,578,27.527200000000004,False,53,6.5355024850800705,5.5104225352112675,17.0525,False,2.0945902770677844,Sin dato,Sin dato,Sin dato,Sin dato,Sin dato,Sin dato,6.0,2.0,12.0,4.0,3.0,4.0,6.0,157.27,0,0,Bajo,Ascendente,Bajo valor / Ascendente
327,62,671,27,226.71,117,34,610,8.396666666666667,False,49,5.428072889540573,1.4197183098591548,1.5766666666666669,False,0.11054894179894204,Sin dato,Sin dato,Sin dato,Sin dato,Sin dato,Sin dato,6.0,2.0,12.0,4.0,3.0,4.0,4.333333333333333,46.6,0,0,Bajo,Ascendente,Bajo valor / Ascendente
328,66,705,236,17143.87,4843,0,640,72.64351694915254,False,228,9.74945428248274,181.84915492957748,190.36333333333334,False,0.046820005333833126,Sin dato,Sin dato,Sin dato,Sin dato,Sin dato,Sin dato,6.0,2.0,12.0,4.0,3.0,4.0,20.521186440677965,1926.69,1,6,Alto,Ascendente,Alto valor / Ascendente
329,79,699,145,2960.06,1382,6,621,20.414206896551725,False,135,7.99330259132081,31.688450704225353,47.262499999999996,False,0.4914739897238962,25-34,U,75-99K,Unknown,Single Female,None/Unknown,1.0,3.0,5.0,5.0,4.0,3.0,9.53103448275862,249.1,1,6,Alto,Ascendente,Alto valor / Ascendente
330,83,686,189,1679.38,830,19,604,8.885608465608467,False,105,7.426775237296286,21.43929577464789,11.331666666666665,False,-0.47145341032766397,Sin dato,Sin dato,Sin dato,Sin dato,Sin dato,Sin dato,6.0,2.0,12.0,4.0,3.0,4.0,4.391534391534392,246.4,1,2,Bajo,Descendente,Bajo valor / Descendente
331,112,691,65,1273.3,401,14,580,19.589230769230767,False,98,7.1501522872182335,17.294084507042253,3.3524999999999996,False,-0.8061475877121543,Sin dato,Sin dato,Sin dato,Sin dato,Sin dato,Sin dato,6.0,2.0,12.0,4.0,3.0,4.0,6.1692307692307695,155.56,1,2,Bajo,Descendente,Bajo valor / Descendente
332,7,699,116,5363.0,1922,6,693,46.23275862068966,False,181,8.587465244401569,45.440704225352114,94.52,False,1.0800733969977898,35-44,A,125-149K,Homeowner,2 Adults Kids,3+,2.0,0.0,7.0,0.0,1.0,2.0,16.56896551724138,1162.37,1,7,Alto,Ascendente,Alto valor / Ascendente
333,49,678,39,1248.81,498,27,630,32.02076923076923,False,98,7.130746818743176,17.130704225352112,0.24916666666666668,False,-0.9854549665099045,Sin dato,Sin dato,Sin dato,Sin dato,Sin dato,Sin dato,6.0,2.0,12.0,4.0,3.0,4.0,12.76923076923077,372.4200000000001,1,1,Bajo,Descendente,Bajo valor / Descendente
334,28,704,463,4810.54,2038,1,677,10.389935205183585,False,153,8.478772478177675,50.10422535211268,39.41416666666667,False,-0.21335643072656063,45-54,A,Under 15K,Homeowner,2 Adults No Kids,None/Unknown,3.0,0.0,0.0,0.0,2.0,3.0,4.401727861771058,1433.81,1,8,Alto,Descendente,Alto valor / Descendente
335,27,692,144,2745.2,760,13,666,19.063888888888886,False,128,7.917973416887651,30.045774647887324,19.8775,False,-0.33842611039493725,Sin dato,Sin dato,Sin dato,Sin dato,Sin dato,Sin dato,6.0,2.0,12.0,4.0,3.0,4.0,5.277777777777778,234.78,1,3,Alto,Descendente,Alto valor / Descendente
336,111,687,120,3089.7400000000002,877,18,577,25.747833333333336,False,118,8.036165823421154,42.67774647887324,2.0025,False,-0.9530785909468933,Sin dato,Sin dato,Sin dato,Sin dato,Sin dato,Sin dato,6.0,2.0,12.0,4.0,3.0,4.0,7.308333333333334,346.95,1,2,Alto,Descendente,Alto valor / Descendente
337,78,699,61,933.59,363,6,622,15.304754098360656,False,51,6.840107930444478,12.14112676056338,0.5108333333333334,False,-0.9579253768280704,Sin dato,Sin dato,Sin dato,Sin dato,Sin dato,Sin dato,6.0,2.0,12.0,4.0,3.0,4.0,5.950819672131147,302.94,1,1,Bajo,Descendente,Bajo valor / Descendente
338,153,705,150,2626.23,1035,0,553,17.5082,False,138,7.8736853381941305,23.74732394366197,78.3475,False,2.299213847668529,Sin dato,Sin dato,Sin dato,Sin dato,Sin dato,Sin dato,6.0,2.0,12.0,4.0,3.0,4.0,6.9,523.8,1,3,Alto,Ascendente,Alto valor / Ascendente
339,90,696,67,1668.92,829,9,607,24.909253731343284,False,116,7.420531000071741,18.867042253521127,12.844166666666666,False,-0.3192273333532404,Sin dato,Sin dato,Sin dato,Sin dato,Sin dato,Sin dato,6.0,2.0,12.0,4.0,3.0,4.0,12.373134328358208,619.0799999999999,1,2,Bajo,Descendente,Bajo valor / Descendente
340,8,627,29,1057.56,353,78,620,36.46758620689655,False,91,6.964664772955217,12.82450704225352,0.5825,False,-0.9545791508335714,Sin dato,Sin dato,Sin dato,Sin dato,Sin dato,Sin dato,6.0,2.0,12.0,4.0,3.0,4.0,12.172413793103448,212.17,0,0,Bajo,Descendente,Bajo valor / Descendente
341,106,637,30,393.5,193,68,532,13.116666666666667,False,47,5.977619140285929,5.122816901408451,0.057499999999999996,False,-0.9887757065874848,Sin dato,Sin dato,Sin dato,Sin dato,Sin dato,Sin dato,6.0,2.0,12.0,4.0,3.0,4.0,6.433333333333334,102.33,0,0,Bajo,Descendente,Bajo valor / Descendente
342,101,703,48,2125.51,709,2,603,44.28145833333334,False,115,7.662237417245528,25.451267605633802,26.455833333333334,False,0.03947016483678656,Sin dato,Sin dato,Sin dato,Sin dato,Sin dato,Sin dato,6.0,2.0,12.0,4.0,3.0,4.0,14.770833333333334,432.79,1,2,Bajo,Ascendente,Bajo valor / Ascendente
343,4,705,67,1650.64,447,0,702,24.63641791044776,False,107,7.409524012657872,13.489295774647887,45.26083333333333,False,2.355314768795985,Sin dato,Sin dato,Sin dato,Sin dato,Sin dato,Sin dato,6.0,2.0,12.0,4.0,3.0,4.0,6.6716417910447765,230.20999999999998,1,1,Bajo,Ascendente,Bajo valor / Ascendente
344,92,629,47,2199.08,687,76,538,46.788936170212764,False,136,7.69624900232163,28.21957746478873,7.0925,False,-0.7486673920313037,Sin dato,Sin dato,Sin dato,Sin dato,Sin dato,Sin dato,6.0,2.0,12.0,4.0,3.0,4.0,14.617021276595745,371.08000000000004,0,0,Alto,Descendente,Alto valor / Descendente
345,27,699,179,5477.47,2586,6,673,30.600391061452516,False,164,8.60858114387901,54.00647887323944,96.86166666666666,False,0.7935193829987359,Sin dato,Sin dato,Sin dato,Sin dato,Sin dato,Sin dato,6.0,2.0,12.0,4.0,3.0,4.0,14.446927374301676,1690.05,1,9,Alto,Ascendente,Alto valor / Ascendente
346,87,700,123,5323.93,1642,5,614,43.2839837398374,False,125,8.580154844951316,63.08450704225352,64.79166666666667,False,0.027061472054774223,65+,A,50-74K,Homeowner,2 Adults No Kids,None/Unknown,5.0,0.0,4.0,0.0,2.0,3.0,13.34959349593496,892.71,1,3,Alto,Ascendente,Alto valor / Ascendente
347,3,669,15,540.76,112,36,667,36.050666666666665,False,61,6.294823098944771,2.5435211267605635,4.572500000000001,False,0.7977047455562325,Sin dato,Sin dato,Sin dato,Sin dato,Sin dato,Sin dato,6.0,2.0,12.0,4.0,3.0,4.0,7.466666666666667,51.23,0,0,Bajo,Ascendente,Bajo valor / Ascendente
348,112,700,125,2725.91,1085,5,589,21.80728,False,127,7.910924379000638,31.008732394366195,40.21333333333333,False,0.2968389943163065,Sin dato,Sin dato,Sin dato,Sin dato,Sin dato,Sin dato,6.0,2.0,12.0,4.0,3.0,4.0,8.68,611.26,1,1,Alto,Ascendente,Alto valor / Ascendente
349,103,704,33,853.6,298,1,602,25.866666666666667,False,95,6.750633523209925,3.981830985915493,45.58166666666667,False,10.447413721953003,Sin dato,Sin dato,Sin dato,Sin dato,Sin dato,Sin dato,6.0,2.0,12.0,4.0,3.0,4.0,9.030303030303031,122.9,0,0,Bajo,Ascendente,Bajo valor / Ascendente
350,21,703,102,2993.92,649,2,683,29.352156862745097,False,136,8.00467279900749,26.759154929577466,37.635,False,0.40643454918679917,45-54,A,50-74K,Homeowner,1 Adult Kids,2,3.0,0.0,4.0,0.0,0.0,1.0,6.362745098039215,280.16,1,5,Alto,Ascendente,Alto valor / Ascendente
351,94,705,295,7625.9400000000005,2243,0,612,25.850644067796612,False,161,8.939441995344257,94.12521126760564,67.185,False,-0.2862167415594152,45-54,U,50-74K,Unknown,Unknown,None/Unknown,3.0,3.0,4.0,5.0,6.0,3.0,7.603389830508474,1688.0700000000002,1,7,Alto,Descendente,Alto valor / Descendente
352,86,694,6,178.7,53,11,609,29.78333333333333,False,35,5.191288793789513,0.9812676056338029,5.105833333333334,True,,Sin dato,Sin dato,Sin dato,Sin dato,Sin dato,Sin dato,6.0,2.0,12.0,4.0,3.0,4.0,8.833333333333334,16.97,0,0,Bajo,Sin tendencia disponible,Sin tendencia disponible
353,118,700,125,3799.2000000000003,1138,5,583,30.393600000000003,False,185,8.242808975908432,43.76732394366197,55.79083333333333,False,0.2747142915374087,45-54,A,150-174K,Homeowner,2 Adults No Kids,None/Unknown,3.0,0.0,8.0,0.0,2.0,3.0,9.104,575.98,1,3,Alto,Ascendente,Alto valor / Ascendente
354,83,705,156,8715.9,3113,0,623,55.871153846153845,False,180,9.073018949109134,92.77197183098592,107.6125,False,0.15996779928371996,25-34,A,35-49K,Homeowner,2 Adults Kids,3+,1.0,0.0,3.0,0.0,1.0,2.0,19.955128205128204,1420.15,1,7,Alto,Ascendente,Alto valor / Ascendente
355,81,371,7,340.34,67,334,291,48.62,True,36,5.832879047990611,3.3177464788732394,0.0,False,-1.0,Sin dato,Sin dato,Sin dato,Sin dato,Sin dato,Sin dato,6.0,2.0,12.0,4.0,3.0,4.0,9.571428571428571,69.52,0,0,Bajo,Descendente,Bajo valor / Descendente
356,85,705,233,2823.36,818,0,621,12.117424892703863,False,100,7.946037069241948,29.780281690140846,37.75833333333333,False,0.26789711817379236,Sin dato,Sin dato,Sin dato,Sin dato,Sin dato,Sin dato,6.0,2.0,12.0,4.0,3.0,4.0,3.5107296137339055,280.03,1,1,Alto,Ascendente,Alto valor / Ascendente
357,103,696,22,1704.27,706,9,594,77.46681818181818,False,115,7.44147873495161,14.896197183098593,52.16916666666666,False,2.5021801890390143,Sin dato,Sin dato,Sin dato,Sin dato,Sin dato,Sin dato,6.0,2.0,12.0,4.0,3.0,4.0,32.09090909090909,547.52,0,0,Bajo,Ascendente,Bajo valor / Ascendente
358,89,704,365,12504.77,3584,1,616,34.25964383561644,False,203,9.433945416785885,151.3249295774648,145.23749999999998,False,-0.0402275394706104,35-44,U,50-74K,Homeowner,2 Adults No Kids,None/Unknown,2.0,3.0,4.0,0.0,2.0,3.0,9.819178082191781,1514.9599999999998,1,8,Alto,Descendente,Alto valor / Descendente
359,34,54,2,172.85,70,651,21,86.425,True,45,5.15819285845387,0.0,0.0,True,,Sin dato,Sin dato,Sin dato,Sin dato,Sin dato,Sin dato,6.0,2.0,12.0,4.0,3.0,4.0,35.0,29.68,0,0,Bajo,Sin tendencia disponible,Sin tendencia disponible
360,105,697,36,442.83,183,8,593,12.300833333333333,False,70,6.095441606230976,5.25281690140845,5.0675,False,-0.03527952808687485,Sin dato,Sin dato,Sin dato,Sin dato,Sin dato,Sin dato,6.0,2.0,12.0,4.0,3.0,4.0,5.083333333333333,67.19,0,0,Bajo,Descendente,Bajo valor / Descendente
361,4,702,216,8612.53,3950,3,699,39.872824074074074,False,205,9.061089501785101,80.52042253521127,109.52583333333332,False,0.36022427459863493,45-54,U,50-74K,Unknown,Unknown,None/Unknown,3.0,3.0,4.0,5.0,6.0,3.0,18.287037037037038,2022.5400000000002,1,10,Alto,Ascendente,Alto valor / Ascendente
362,13,701,90,2951.12,1156,4,689,32.79022222222222,False,120,7.9902788353006615,29.785211267605632,26.7175,False,-0.10299444378768167,65+,U,50-74K,Unknown,Single Male,None/Unknown,5.0,3.0,4.0,5.0,5.0,3.0,12.844444444444445,433.84999999999997,1,3,Alto,Descendente,Alto valor / Descendente
363,94,581,4,52.4,23,124,488,13.1,False,14,3.977810745966149,0.5830985915492958,0.0,True,,Sin dato,Sin dato,Sin dato,Sin dato,Sin dato,Sin dato,6.0,2.0,12.0,4.0,3.0,4.0,5.75,26.48,0,0,Bajo,Sin tendencia disponible,Sin tendencia disponible
364,4,705,86,2566.92,835,0,702,29.847906976744188,False,119,7.850851511676623,26.186478873239437,16.84,False,-0.3569200318409673,Sin dato,Sin dato,Sin dato,Sin dato,Sin dato,Sin dato,6.0,2.0,12.0,4.0,3.0,4.0,9.709302325581396,533.07,1,5,Alto,Descendente,Alto valor / Descendente
365,9,697,170,7048.43,1485,8,689,41.46135294117647,False,155,8.86070204147386,74.02661971830986,53.6575,False,-0.27515939260524863,Sin dato,Sin dato,Sin dato,Sin dato,Sin dato,Sin dato,6.0,2.0,12.0,4.0,3.0,4.0,8.735294117647058,936.04,1,7,Alto,Descendente,Alto valor / Descendente
366,82,675,48,615.78,394,30,594,12.82875,False,78,6.424512396301874,8.061126760563381,2.0933333333333333,False,-0.7403175268779629,Sin dato,Sin dato,Sin dato,Sin dato,Sin dato,Sin dato,6.0,2.0,12.0,4.0,3.0,4.0,8.208333333333334,190.58,0,0,Bajo,Descendente,Bajo valor / Descendente
367,30,701,113,7024.51,2594,4,672,62.163805309734514,False,170,8.857303089431618,70.1561971830986,95.98583333333333,False,0.3681732646201265,55-64,A,50-74K,Homeowner,2 Adults No Kids,None/Unknown,4.0,0.0,4.0,0.0,2.0,3.0,22.95575221238938,2626.93,1,9,Alto,Ascendente,Alto valor / Ascendente
368,21,693,53,1346.46,361,12,673,25.40490566037736,False,90,7.205976617741443,9.36112676056338,19.5025,False,1.0833496328839676,Sin dato,Sin dato,Sin dato,Sin dato,Sin dato,Sin dato,6.0,2.0,12.0,4.0,3.0,4.0,6.811320754716981,238.52,1,3,Bajo,Ascendente,Bajo valor / Ascendente
369,76,700,34,1033.35,358,5,625,30.392647058823528,False,95,6.941528489089058,11.05549295774648,7.918333333333333,False,-0.28376478881613043,Sin dato,Sin dato,Sin dato,Sin dato,Sin dato,Sin dato,6.0,2.0,12.0,4.0,3.0,4.0,10.529411764705882,149.78,1,1,Bajo,Descendente,Bajo valor / Descendente
370,77,556,133,3386.78,1127,149,480,25.46451127819549,False,148,8.127930118598638,39.0712676056338,0.0,False,-1.0,65+,U,50-74K,Unknown,2 Adults No Kids,None/Unknown,5.0,3.0,4.0,5.0,2.0,3.0,8.473684210526315,516.81,1,1,Alto,Descendente,Alto valor / Descendente
371,62,700,160,15497.19,5609,5,639,96.8574375,False,205,9.648478521895152,167.31647887323942,209.77416666666667,False,0.25375676131454816,35-44,A,75-99K,Homeowner,2 Adults Kids,1,2.0,0.0,5.0,0.0,1.0,0.0,35.05625,2715.07,1,12,Alto,Ascendente,Alto valor / Ascendente
372,8,496,10,440.42,163,209,489,44.042,False,56,6.0899968031722285,4.912676056338029,0.0,False,-1.0,Sin dato,Sin dato,Sin dato,Sin dato,Sin dato,Sin dato,6.0,2.0,12.0,4.0,3.0,4.0,16.3,103.62,0,0,Bajo,Descendente,Bajo valor / Descendente
373,108,688,11,90.08,41,17,581,8.18909090909091,False,24,4.5117382411955385,0.9122535211267605,1.7041666666666666,True,,Sin dato,Sin dato,Sin dato,Sin dato,Sin dato,Sin dato,6.0,2.0,12.0,4.0,3.0,4.0,3.727272727272727,17.11,0,0,Bajo,Sin tendencia disponible,Sin tendencia disponible
374,33,705,163,7099.56,1712,0,673,43.55558282208589,False,166,8.867928933158513,87.98957746478874,29.300833333333333,False,-0.6669965446184941,Sin dato,Sin dato,Sin dato,Sin dato,Sin dato,Sin dato,6.0,2.0,12.0,4.0,3.0,4.0,10.503067484662576,724.34,1,9,Alto,Descendente,Alto valor / Descendente
375,95,696,24,203.94,85,9,602,8.4975,False,35,5.322717253371572,2.436478873239437,2.4125,False,-0.009841609341580517,Sin dato,Sin dato,Sin dato,Sin dato,Sin dato,Sin dato,6.0,2.0,12.0,4.0,3.0,4.0,3.5416666666666665,76.99,0,0,Bajo,Descendente,Bajo valor / Descendente
376,62,703,490,4683.03,2415,2,642,9.557204081632653,False,139,8.451914129479334,51.49577464788732,36.13333333333333,False,-0.29832430756887846,Sin dato,Sin dato,Sin dato,Sin dato,Sin dato,Sin dato,6.0,2.0,12.0,4.0,3.0,4.0,4.928571428571429,632.64,1,6,Alto,Descendente,Alto valor / Descendente
377,101,704,132,3141.43,1274,1,604,23.79871212121212,False,128,8.052751664957754,31.7812676056338,51.237500000000004,False,0.6121918306026672,45-54,A,50-74K,Homeowner,2 Adults No Kids,None/Unknown,3.0,0.0,4.0,0.0,2.0,3.0,9.651515151515152,575.9,1,5,Alto,Ascendente,Alto valor / Ascendente
378,61,704,323,4683.01,1511,1,644,14.498482972136223,False,156,8.451909859642742,52.87830985915493,36.0625,False,-0.31800959417850183,55-64,A,50-74K,Homeowner,Single Female,None/Unknown,4.0,0.0,4.0,0.0,4.0,3.0,4.678018575851393,670.2299999999999,1,5,Alto,Descendente,Alto valor / Descendente
379,118,118,1,4.49,1,587,1,4.49,True,1,1.7029282555214393,0.0,0.0,True,,Sin dato,Sin dato,Sin dato,Sin dato,Sin dato,Sin dato,6.0,2.0,12.0,4.0,3.0,4.0,1.0,0.0,0,0,Bajo,Sin tendencia disponible,Sin tendencia disponible
380,94,705,127,7544.79,3168,0,612,59.40779527559055,False,129,8.928745070823469,84.10788732394366,94.84083333333332,False,0.1276092688911737,Sin dato,Sin dato,Sin dato,Sin dato,Sin dato,Sin dato,6.0,2.0,12.0,4.0,3.0,4.0,24.944881889763778,1537.24,1,7,Alto,Ascendente,Alto valor / Ascendente
381,5,699,93,3120.79,1106,6,695,33.556881720430106,False,159,8.046161834239024,23.70394366197183,43.7475,False,0.8455789730121571,25-34,B,35-49K,Homeowner,1 Adult Kids,1,1.0,1.0,3.0,0.0,0.0,0.0,11.89247311827957,472.34,1,5,Alto,Ascendente,Alto valor / Ascendente
382,55,675,34,694.7,171,30,621,20.43235294117647,False,76,6.544918532929596,4.005633802816901,18.195,False,3.5423523206751053,Sin dato,Sin dato,Sin dato,Sin dato,Sin dato,Sin dato,6.0,2.0,12.0,4.0,3.0,4.0,5.029411764705882,70.71,0,0,Bajo,Ascendente,Bajo valor / Ascendente
383,75,693,150,5763.4400000000005,1880,12,619,38.42293333333334,False,143,8.65946329008384,65.93492957746479,30.0825,False,-0.5437547261704883,45-54,U,50-74K,Homeowner,Unknown,None/Unknown,3.0,3.0,4.0,0.0,6.0,3.0,12.533333333333333,917.2499999999999,1,4,Alto,Descendente,Alto valor / Descendente
384,105,705,79,3908.43,1071,0,601,49.47379746835443,False,155,8.271146862301316,40.84253521126761,74.69916666666667,False,0.8289551880231646,Sin dato,Sin dato,Sin dato,Sin dato,Sin dato,Sin dato,6.0,2.0,12.0,4.0,3.0,4.0,13.556962025316455,576.8000000000001,1,5,Alto,Ascendente,Alto valor / Ascendente
385,36,701,41,2929.72,876,4,666,71.45658536585366,False,128,7.983003405611907,32.56816901408451,24.795,False,-0.2386738109447573,25-34,A,50-74K,Homeowner,2 Adults Kids,3+,1.0,0.0,4.0,0.0,1.0,2.0,21.365853658536587,551.0200000000001,0,0,Alto,Descendente,Alto valor / Descendente
386,39,705,277,4616.7,2607,0,667,16.666787003610107,False,157,8.437652024616714,54.6343661971831,48.590833333333336,False,-0.11061779031237964,35-44,B,25-34K,Probable Owner,Single Female,None/Unknown,2.0,1.0,2.0,1.0,4.0,3.0,9.411552346570398,1243.81,1,5,Alto,Descendente,Alto valor / Descendente
387,97,704,131,5697.25,1500,1,608,43.49045801526717,False,171,8.647914389139247,65.0381690140845,70.72250000000001,False,0.0873999233386248,25-34,B,50-74K,Homeowner,Single Female,None/Unknown,1.0,1.0,4.0,0.0,4.0,3.0,11.450381679389313,782.02,1,3,Alto,Ascendente,Alto valor / Ascendente
388,103,704,57,1268.15,662,1,602,22.24824561403509,False,80,7.14610266403862,12.937464788732393,21.412499999999998,False,0.6550769682982058,Sin dato,Sin dato,Sin dato,Sin dato,Sin dato,Sin dato,6.0,2.0,12.0,4.0,3.0,4.0,11.614035087719298,497.05,0,0,Bajo,Ascendente,Bajo valor / Ascendente
389,108,705,267,14779.34,4570,0,598,55.35333333333333,False,181,9.601053198297143,173.40323943661974,160.74833333333333,False,-0.07297964065954994,35-44,U,150-174K,Probable Owner,Single Female,None/Unknown,2.0,3.0,8.0,1.0,4.0,3.0,17.116104868913858,3381.11,1,10,Alto,Descendente,Alto valor / Descendente
390,80,697,107,1781.3,575,8,618,16.64766355140187,False,119,7.4856599440298055,17.866197183098592,17.169999999999998,False,-0.03896728419392996,45-54,B,25-34K,Renter,Single Female,None/Unknown,3.0,1.0,2.0,3.0,4.0,3.0,5.373831775700935,261.51,1,3,Bajo,Descendente,Bajo valor / Descendente
391,85,613,49,1412.64,423,92,529,28.829387755102044,False,96,7.253923217152968,18.962676056338026,0.0,False,-1.0,65+,B,25-34K,Unknown,Single Female,None/Unknown,5.0,1.0,2.0,5.0,4.0,3.0,8.63265306122449,197.88,1,2,Bajo,Descendente,Bajo valor / Descendente
392,75,698,103,11320.94,3028,7,624,109.91203883495146,False,175,9.334497715165499,125.5669014084507,150.95583333333335,False,0.20219446080218362,35-44,A,250K+,Homeowner,2 Adults Kids,1,2.0,0.0,11.0,0.0,1.0,0.0,29.398058252427184,856.07,1,8,Alto,Ascendente,Alto valor / Ascendente
393,57,705,175,3837.17,1550,0,649,21.926685714285714,False,152,8.252750969489774,43.44394366197183,32.964999999999996,False,-0.2412060871707754,Sin dato,Sin dato,Sin dato,Sin dato,Sin dato,Sin dato,6.0,2.0,12.0,4.0,3.0,4.0,8.857142857142858,871.8,1,4,Alto,Descendente,Alto valor / Descendente
394,34,682,64,1561.16,515,23,649,24.393125,False,134,7.353824757932242,19.052816901408452,14.415000000000001,False,-0.2434189613749769,Sin dato,Sin dato,Sin dato,Sin dato,Sin dato,Sin dato,6.0,2.0,12.0,4.0,3.0,4.0,8.046875,154.26,1,4,Bajo,Descendente,Bajo valor / Descendente
395,42,704,67,866.22,342,1,663,12.92865671641791,False,78,6.7652926931500685,9.277042253521126,4.5525,False,-0.5092724733174426,35-44,U,25-34K,Unknown,Single Male,None/Unknown,2.0,3.0,2.0,5.0,5.0,3.0,5.104477611940299,232.13,0,0,Bajo,Descendente,Bajo valor / Descendente
396,108,705,107,1790.73,613,0,598,16.735794392523363,False,112,7.490936912540207,19.01183098591549,30.747500000000002,False,0.6172824186570263,Sin dato,Sin dato,Sin dato,Sin dato,Sin dato,Sin dato,6.0,2.0,12.0,4.0,3.0,4.0,5.728971962616822,330.02,1,3,Bajo,Ascendente,Bajo valor / Ascendente
397,104,703,247,6134.37,1815,2,600,24.835506072874495,False,153,8.721825665024907,69.63380281690141,71.01583333333333,False,0.01984712108953614,Sin dato,Sin dato,Sin dato,Sin dato,Sin dato,Sin dato,6.0,2.0,12.0,4.0,3.0,4.0,7.348178137651822,908.84,1,5,Alto,Ascendente,Alto valor / Ascendente
398,110,701,125,2092.6,770,4,592,16.7408,False,119,7.646640351215936,23.78901408450704,27.933333333333334,False,0.17421147568807163,Sin dato,Sin dato,Sin dato,Sin dato,Sin dato,Sin dato,6.0,2.0,12.0,4.0,3.0,4.0,6.16,418.28,1,1,Bajo,Ascendente,Bajo valor / Ascendente
399,113,663,17,978.48,256,42,551,57.557647058823534,False,98,6.887021818595224,12.108732394366198,1.6116666666666666,False,-0.8669004637168691,Sin dato,Sin dato,Sin dato,Sin dato,Sin dato,Sin dato,6.0,2.0,12.0,4.0,3.0,4.0,15.058823529411764,146.18,0,0,Bajo,Descendente,Bajo valor / Descendente
400,109,704,309,18469.98,4674,1,596,59.773398058252425,False,211,9.823956130800324,223.44366197183098,212.13333333333333,False,-0.050618256694716715,35-44,A,150-174K,Homeowner,2 Adults Kids,1,2.0,0.0,8.0,0.0,1.0,0.0,15.12621359223301,1908.39,1,3,Alto,Descendente,Alto valor / Descendente
401,7,702,95,2534.89,1016,3,696,26.683052631578946,False,150,7.838299939222055,22.508591549295776,65.70083333333334,False,1.9189224563181926,Sin dato,Sin dato,Sin dato,Sin dato,Sin dato,Sin dato,6.0,2.0,12.0,4.0,3.0,4.0,10.694736842105263,495.71000000000004,0,0,Alto,Ascendente,Alto valor / Ascendente
402,62,705,80,2233.84,603,0,644,27.923000000000002,False,103,7.7119249161182095,23.64281690140845,41.64333333333334,False,0.7613524440420024,Sin dato,Sin dato,Sin dato,Sin dato,Sin dato,Sin dato,6.0,2.0,12.0,4.0,3.0,4.0,7.5375,298.42,1,2,Alto,Ascendente,Alto valor / Ascendente
403,40,642,46,914.56,237,63,603,19.88173913043478,False,73,6.819535899924448,9.787887323943663,1.6683333333333332,False,-0.8295512322406731,Sin dato,Sin dato,Sin dato,Sin dato,Sin dato,Sin dato,6.0,2.0,12.0,4.0,3.0,4.0,5.1521739130434785,253.1,1,1,Bajo,Descendente,Bajo valor / Descendente
404,11,703,238,6091.68,1741,2,693,25.59529411764706,False,154,8.714843329584884,56.44915492957746,66.25666666666667,False,0.17374062994077538,25-34,A,25-34K,Unknown,Unknown,None/Unknown,1.0,0.0,2.0,5.0,6.0,3.0,7.315126050420168,635.34,1,8,Alto,Ascendente,Alto valor / Ascendente
405,33,691,97,3628.39,1025,14,659,37.4060824742268,False,120,8.196819869060773,38.962676056338026,24.785,False,-0.36387839571999203,Sin dato,Sin dato,Sin dato,Sin dato,Sin dato,Sin dato,6.0,2.0,12.0,4.0,3.0,4.0,10.56701030927835,801.13,1,3,Alto,Descendente,Alto valor / Descendente
406,83,677,43,1675.95,399,28,595,38.97558139534884,False,110,7.424731946232634,17.236338028169012,24.453333333333333,False,0.4187081556053105,Sin dato,Sin dato,Sin dato,Sin dato,Sin dato,Sin dato,6.0,2.0,12.0,4.0,3.0,4.0,9.279069767441861,165.26,0,0,Bajo,Ascendente,Bajo valor / Ascendente
407,95,696,50,681.97,137,9,602,13.6394,False,50,6.526450934740809,5.715492957746479,8.315833333333334,False,0.4549634466896666,Sin dato,Sin dato,Sin dato,Sin dato,Sin dato,Sin dato,6.0,2.0,12.0,4.0,3.0,4.0,2.74,358.78000000000003,0,0,Bajo,Ascendente,Bajo valor / Ascendente
408,80,698,56,2470.9900000000002,645,7,619,44.12482142857143,False,124,7.812778773261956,26.871971830985917,22.5425,False,-0.1611147800472769,Sin dato,Sin dato,Sin dato,Sin dato,Sin dato,Sin dato,6.0,2.0,12.0,4.0,3.0,4.0,11.517857142857142,365.23,1,4,Alto,Descendente,Alto valor / Descendente
409,22,704,133,4453.89,1757,1,683,33.48789473684211,False,156,8.401757648242048,44.66225352112676,63.525,False,0.42234202244072894,19-24,B,25-34K,Homeowner,2 Adults No Kids,None/Unknown,0.0,1.0,2.0,0.0,2.0,3.0,13.210526315789474,1469.38,1,8,Alto,Ascendente,Alto valor / Ascendente
410,17,699,127,1137.75,500,6,683,8.958661417322835,False,93,7.037686448574168,12.953661971830986,10.118333333333334,False,-0.21888240133665315,55-64,A,35-49K,Homeowner,2 Adults Kids,3+,4.0,0.0,3.0,0.0,1.0,2.0,3.937007874015748,447.77,1,1,Bajo,Descendente,Bajo valor / Descendente
411,89,705,158,6697.21,1323,0,617,42.38740506329114,False,154,8.809595605505246,83.66507042253521,36.54083333333333,False,-0.563248639500445,35-44,U,Under 15K,Unknown,2 Adults No Kids,None/Unknown,2.0,3.0,0.0,5.0,2.0,3.0,8.373417721518987,1088.58,1,5,Alto,Descendente,Alto valor / Descendente
412,83,698,111,2393.31,1302,7,616,21.56135135135135,False,135,7.7808503681274095,26.924084507042252,26.981666666666666,False,0.00213868588955558,65+,A,15-24K,Homeowner,Single Female,None/Unknown,5.0,0.0,1.0,0.0,4.0,3.0,11.72972972972973,702.8599999999999,1,4,Alto,Ascendente,Alto valor / Ascendente
413,37,702,284,5963.78,1515,3,666,20.999225352112674,False,144,8.693627452041303,72.34295774647887,45.4925,False,-0.371155100411771,45-54,U,100-124K,Unknown,Unknown,None/Unknown,3.0,3.0,6.0,5.0,6.0,3.0,5.334507042253521,561.01,1,8,Alto,Descendente,Alto valor / Descendente
414,27,704,153,2488.65,967,1,678,16.265686274509804,False,139,7.819897417329958,28.384225352112676,22.3,False,-0.21435234806081532,Sin dato,Sin dato,Sin dato,Sin dato,Sin dato,Sin dato,6.0,2.0,12.0,4.0,3.0,4.0,6.3202614379084965,446.82,1,4,Alto,Descendente,Alto valor / Descendente
415,117,694,16,514.63,93,11,578,32.164375,False,41,6.245389454011627,2.593943661971831,17.43583333333333,False,5.721747117699226,Sin dato,Sin dato,Sin dato,Sin dato,Sin dato,Sin dato,6.0,2.0,12.0,4.0,3.0,4.0,5.8125,64.78999999999999,0,0,Bajo,Ascendente,Bajo valor / Ascendente
416,68,575,29,2177.04,861,130,508,75.07034482758621,False,138,7.686180668797173,30.186760563380286,0.0,False,-1.0,Sin dato,Sin dato,Sin dato,Sin dato,Sin dato,Sin dato,6.0,2.0,12.0,4.0,3.0,4.0,29.689655172413794,389.89,0,0,Alto,Descendente,Alto valor / Descendente
417,105,703,84,3012.96,1226,2,599,35.86857142857143,False,171,8.011010107698242,32.28521126760563,46.40833333333333,False,0.43744864943468936,45-54,A,35-49K,Unknown,Single Female,None/Unknown,3.0,0.0,3.0,5.0,4.0,3.0,14.595238095238095,614.46,0,0,Alto,Ascendente,Alto valor / Ascendente
418,91,695,255,6959.71,2103,10,605,27.292980392156863,False,178,8.8480367596199,80.13521126760564,76.26916666666666,False,-0.048244018325834394,35-44,U,35-49K,Unknown,2 Adults Kids,1,2.0,3.0,3.0,5.0,1.0,0.0,8.24705882352941,947.83,1,11,Alto,Descendente,Alto valor / Descendente
419,80,641,46,1696.6100000000001,377,64,562,36.88282608695653,False,106,7.436976658511549,16.275915492957747,1.1341666666666665,False,-0.9303162598037943,Sin dato,Sin dato,Sin dato,Sin dato,Sin dato,Sin dato,6.0,2.0,12.0,4.0,3.0,4.0,8.195652173913043,493.75,1,1,Bajo,Descendente,Bajo valor / Descendente
420,26,705,98,2048.83,744,0,680,20.90642857142857,False,137,7.625512141864566,22.70112676056338,11.811666666666667,False,-0.4796880881178986,Sin dato,Sin dato,Sin dato,Sin dato,Sin dato,Sin dato,6.0,2.0,12.0,4.0,3.0,4.0,7.591836734693878,316.79,1,5,Bajo,Descendente,Bajo valor / Descendente
421,80,705,194,6013.04,1754,0,626,30.995051546391753,False,177,8.701852014673678,63.76788732394367,73.405,False,0.15112799059971013,Sin dato,Sin dato,Sin dato,Sin dato,Sin dato,Sin dato,6.0,2.0,12.0,4.0,3.0,4.0,9.041237113402062,1692.53,1,7,Alto,Ascendente,Alto valor / Ascendente
422,98,625,18,863.24,303,80,528,47.95777777777778,False,83,6.761850508008729,10.195352112676057,3.393333333333333,False,-0.667168598413159,Sin dato,Sin dato,Sin dato,Sin dato,Sin dato,Sin dato,6.0,2.0,12.0,4.0,3.0,4.0,16.833333333333332,351.34,0,0,Bajo,Descendente,Bajo valor / Descendente
423,78,589,14,230.85,116,116,512,16.489285714285714,False,47,5.446090610837469,3.2091549295774646,0.0,False,-1.0,Sin dato,Sin dato,Sin dato,Sin dato,Sin dato,Sin dato,6.0,2.0,12.0,4.0,3.0,4.0,8.285714285714286,97.28,0,0,Bajo,Descendente,Bajo valor / Descendente
424,103,687,24,2441.79,580,18,585,101.74125,False,127,7.800896107677591,24.780845070422536,30.80333333333333,False,0.2430299792358173,Sin dato,Sin dato,Sin dato,Sin dato,Sin dato,Sin dato,6.0,2.0,12.0,4.0,3.0,4.0,24.166666666666668,274.31,0,0,Alto,Ascendente,Alto valor / Ascendente
425,29,705,150,5531.93,2125,0,677,36.879533333333335,False,128,8.61847279145354,51.92507042253521,61.04416666666666,False,0.17562029612912794,Sin dato,Sin dato,Sin dato,Sin dato,Sin dato,Sin dato,6.0,2.0,12.0,4.0,3.0,4.0,14.166666666666666,1418.88,1,8,Alto,Ascendente,Alto valor / Ascendente
426,102,704,227,7771.25,2285,1,603,34.23458149779736,False,151,8.958314976732437,92.99239436619719,79.30666666666666,False,-0.14717039810414112,45-54,U,50-74K,Homeowner,2 Adults No Kids,None/Unknown,3.0,3.0,4.0,0.0,2.0,3.0,10.066079295154186,1273.6,1,3,Alto,Descendente,Alto valor / Descendente
427,9,698,51,1019.17,277,7,690,19.98372549019608,False,87,6.927724559057638,5.430281690140845,26.0825,False,3.80315782648165,Sin dato,Sin dato,Sin dato,Sin dato,Sin dato,Sin dato,6.0,2.0,12.0,4.0,3.0,4.0,5.431372549019608,112.21,0,0,Bajo,Ascendente,Bajo valor / Ascendente
428,68,693,95,3361.43,1566,12,626,35.38347368421052,False,121,8.120419205849535,39.36901408450704,1.9408333333333332,False,-0.9507015001908034,19-24,U,50-74K,Probable Owner,2 Adults No Kids,None/Unknown,0.0,3.0,4.0,1.0,2.0,3.0,16.48421052631579,706.79,1,5,Alto,Descendente,Alto valor / Descendente
429,108,679,42,528.55,183,26,572,12.584523809523809,False,61,6.272027589289678,5.883239436619719,2.255,False,-0.6167077637595462,Sin dato,Sin dato,Sin dato,Sin dato,Sin dato,Sin dato,6.0,2.0,12.0,4.0,3.0,4.0,4.357142857142857,239.71,0,0,Bajo,Descendente,Bajo valor / Descendente
430,103,705,105,2343.58,854,0,603,22.319809523809525,False,138,7.759861560361646,17.853239436619717,82.68666666666667,False,3.631465732603334,Sin dato,Sin dato,Sin dato,Sin dato,Sin dato,Sin dato,6.0,2.0,12.0,4.0,3.0,4.0,8.133333333333333,428.76000000000005,1,1,Alto,Ascendente,Alto valor / Ascendente
431,92,658,35,526.67,150,47,567,15.047714285714285,False,54,6.268471088312343,6.47112676056338,1.0175,False,-0.8427630862988356,Sin dato,Sin dato,Sin dato,Sin dato,Sin dato,Sin dato,6.0,2.0,12.0,4.0,3.0,4.0,4.285714285714286,126.39,0,0,Bajo,Descendente,Bajo valor / Descendente
432,3,705,251,3437.83,1156,0,703,13.696533864541832,False,146,8.142886576235714,31.35605633802817,48.30833333333334,False,0.5406380449299579,19-24,U,25-34K,Unknown,Single Female,None/Unknown,0.0,3.0,2.0,5.0,4.0,3.0,4.605577689243028,471.63,1,2,Alto,Ascendente,Alto valor / Ascendente
433,12,696,76,949.82,381,9,685,12.497631578947368,False,82,6.857324770182772,7.197887323943662,13.190833333333332,False,0.8325979193164399,Sin dato,Sin dato,Sin dato,Sin dato,Sin dato,Sin dato,6.0,2.0,12.0,4.0,3.0,4.0,5.0131578947368425,100.69,1,2,Bajo,Ascendente,Bajo valor / Ascendente
434,74,701,116,3764.9900000000002,1633,4,628,32.45681034482759,False,142,8.233766053876344,41.89746478873239,42.27,False,0.008891593158347795,35-44,A,15-24K,Homeowner,2 Adults Kids,1,2.0,0.0,1.0,0.0,1.0,0.0,14.077586206896552,688.04,1,9,Alto,Ascendente,Alto valor / Ascendente
435,77,697,88,1629.47,248,8,621,18.516704545454544,False,55,7.3966235957960755,9.954647887323944,66.15416666666667,False,5.6455556656008,Sin dato,Sin dato,Sin dato,Sin dato,Sin dato,Sin dato,6.0,2.0,12.0,4.0,3.0,4.0,2.8181818181818183,1004.7,0,0,Bajo,Ascendente,Bajo valor / Ascendente
436,117,697,30,2318.7400000000002,725,8,581,77.29133333333334,False,128,7.7492103894146425,25.442535211267607,25.415833333333335,False,-0.0010494975328734814,Sin dato,Sin dato,Sin dato,Sin dato,Sin dato,Sin dato,6.0,2.0,12.0,4.0,3.0,4.0,24.166666666666668,311.44,1,1,Alto,Descendente,Alto valor / Descendente
437,9,701,89,5885.34,1750,4,693,66.12741573033708,False,168,8.680389691311337,62.00056338028169,41.27583333333333,False,-0.3342668020584396,25-34,A,50-74K,Homeowner,2 Adults Kids,3+,1.0,0.0,4.0,0.0,1.0,2.0,19.662921348314608,1149.1200000000001,1,8,Alto,Descendente,Alto valor / Descendente
438,103,704,67,4456.52,1492,1,602,66.51522388059702,False,154,8.402347836547197,43.5387323943662,111.8675,False,1.5693788920339666,35-44,A,50-74K,Probable Owner,2 Adults No Kids,None/Unknown,2.0,0.0,4.0,1.0,2.0,3.0,22.26865671641791,996.52,1,2,Alto,Ascendente,Alto valor / Ascendente
439,102,699,37,559.49,181,6,598,15.121351351351352,False,54,6.3288114011398555,6.6595774647887325,4.005,False,-0.39861049425797856,Sin dato,Sin dato,Sin dato,Sin dato,Sin dato,Sin dato,6.0,2.0,12.0,4.0,3.0,4.0,4.891891891891892,46.5,1,1,Bajo,Descendente,Bajo valor / Descendente
440,113,489,6,83.88,27,216,377,13.979999999999999,False,20,4.441238494305727,0.5280281690140846,0.0,True,,Sin dato,Sin dato,Sin dato,Sin dato,Sin dato,Sin dato,6.0,2.0,12.0,4.0,3.0,4.0,4.5,10.07,0,0,Bajo,Sin tendencia disponible,Sin tendencia disponible
441,116,697,75,2364.54,817,8,582,31.5272,False,89,7.768761604672474,28.34380281690141,22.418333333333333,False,-0.2090569681791153,45-54,B,50-74K,Homeowner,Single Female,None/Unknown,3.0,1.0,4.0,0.0,4.0,3.0,10.893333333333333,289.82000000000005,1,1,Alto,Descendente,Alto valor / Descendente
442,77,705,205,2993.73,1028,0,629,14.603560975609756,False,156,8.004609356235354,27.120985915492955,83.44583333333334,False,2.0767994052039467,25-34,U,15-24K,Unknown,1 Adult Kids,1,1.0,3.0,1.0,5.0,0.0,0.0,5.014634146341463,568.55,1,2,Alto,Ascendente,Alto valor / Ascendente
443,70,701,101,2622.91,954,4,632,25.969405940594058,False,113,7.872420850695275,29.77492957746479,38.847500000000004,False,0.30470501698186403,45-54,A,25-34K,Homeowner,2 Adults No Kids,None/Unknown,3.0,0.0,2.0,0.0,2.0,3.0,9.445544554455445,745.43,1,4,Alto,Ascendente,Alto valor / Ascendente
444,68,571,44,1261.6200000000001,413,134,504,28.67318181818182,False,101,7.140944206137547,14.426760563380281,0.0,False,-1.0,Sin dato,Sin dato,Sin dato,Sin dato,Sin dato,Sin dato,6.0,2.0,12.0,4.0,3.0,4.0,9.386363636363637,165.29000000000002,0,0,Bajo,Descendente,Bajo valor / Descendente
445,72,636,232,2696.5,819,69,565,11.622844827586206,False,136,7.90008069713229,32.635774647887324,3.408333333333333,False,-0.8955645033676574,Sin dato,Sin dato,Sin dato,Sin dato,Sin dato,Sin dato,6.0,2.0,12.0,4.0,3.0,4.0,3.5301724137931036,415.81999999999994,1,6,Alto,Descendente,Alto valor / Descendente
446,111,702,30,212.05,61,3,592,7.068333333333333,False,41,5.361526879945921,2.473943661971831,2.6758333333333333,False,0.0816064142708037,Sin dato,Sin dato,Sin dato,Sin dato,Sin dato,Sin dato,6.0,2.0,12.0,4.0,3.0,4.0,2.033333333333333,8.17,0,0,Bajo,Ascendente,Bajo valor / Ascendente
447,48,705,133,1624.97,571,0,658,12.21781954887218,False,110,7.3938598397530475,15.210704225352114,27.98,False,0.8394940553353827,Sin dato,Sin dato,Sin dato,Sin dato,Sin dato,Sin dato,6.0,2.0,12.0,4.0,3.0,4.0,4.293233082706767,314.46,1,4,Bajo,Ascendente,Bajo valor / Ascendente
448,29,694,44,479.78,106,11,666,10.90409090909091,False,54,6.175409785018034,3.7340845070422537,17.581666666666667,False,3.7084276302554815,Sin dato,Sin dato,Sin dato,Sin dato,Sin dato,Sin dato,6.0,2.0,12.0,4.0,3.0,4.0,2.409090909090909,52.22,0,0,Bajo,Ascendente,Bajo valor / Ascendente
449,99,705,34,827.44,241,0,607,24.336470588235297,False,78,6.719544414207951,5.551267605633803,33.479166666666664,False,5.030904839228024,Sin dato,Sin dato,Sin dato,Sin dato,Sin dato,Sin dato,6.0,2.0,12.0,4.0,3.0,4.0,7.088235294117647,132.32,0,0,Bajo,Ascendente,Bajo valor / Ascendente
450,110,695,65,1540.45,740,10,586,23.69923076923077,False,98,7.3404788108611285,18.046901408450704,19.348333333333333,False,0.07211387126397306,Sin dato,Sin dato,Sin dato,Sin dato,Sin dato,Sin dato,6.0,2.0,12.0,4.0,3.0,4.0,11.384615384615385,402.23,1,1,Bajo,Ascendente,Bajo valor / Ascendente
451,10,702,156,2308.28,671,3,693,14.796666666666669,False,128,7.744691066619254,24.260140845070424,25.418333333333333,False,0.047740550875583626,25-34,B,Under 15K,Renter,2 Adults No Kids,None/Unknown,1.0,1.0,0.0,3.0,2.0,3.0,4.301282051282051,329.1,1,3,Alto,Ascendente,Alto valor / Ascendente
452,109,691,26,786.99,335,14,583,30.268846153846155,False,89,6.669485399422026,8.693943661971831,12.762500000000001,False,0.4679759262559335,Sin dato,Sin dato,Sin dato,Sin dato,Sin dato,Sin dato,6.0,2.0,12.0,4.0,3.0,4.0,12.884615384615385,356.5,0,0,Bajo,Ascendente,Bajo valor / Ascendente
453,77,602,32,731.27,186,103,526,22.8521875,False,85,6.596149298410983,9.754507042253522,0.0,False,-1.0,Sin dato,Sin dato,Sin dato,Sin dato,Sin dato,Sin dato,6.0,2.0,12.0,4.0,3.0,4.0,5.8125,82.99,0,0,Bajo,Descendente,Bajo valor / Descendente
454,10,705,352,8113.96,3086,0,696,23.051022727272727,False,159,9.001464550792981,81.86422535211267,101.80583333333334,False,0.24359368082270674,55-64,U,35-49K,Unknown,Single Male,None/Unknown,4.0,3.0,3.0,5.0,5.0,3.0,8.767045454545455,2588.97,1,8,Alto,Ascendente,Alto valor / Ascendente
455,63,565,24,1070.75,295,140,503,44.614583333333336,False,88,6.977048105478087,11.58549295774648,0.0,False,-1.0,Sin dato,Sin dato,Sin dato,Sin dato,Sin dato,Sin dato,6.0,2.0,12.0,4.0,3.0,4.0,12.291666666666666,119.74,0,0,Bajo,Descendente,Bajo valor / Descendente
456,23,701,94,6314.03,1592,4,679,67.17053191489362,False,174,8.750687785367132,63.39619718309859,62.990833333333335,False,-0.006394135102370594,19-24,B,50-74K,Homeowner,2 Adults No Kids,None/Unknown,0.0,1.0,4.0,0.0,2.0,3.0,16.93617021276596,922.56,1,10,Alto,Descendente,Alto valor / Descendente
457,76,694,78,718.0,386,11,619,9.205128205128204,False,95,6.577861357721047,5.76056338028169,18.256666666666668,False,2.1692502037489816,Sin dato,Sin dato,Sin dato,Sin dato,Sin dato,Sin dato,6.0,2.0,12.0,4.0,3.0,4.0,4.948717948717949,144.98,0,0,Bajo,Ascendente,Bajo valor / Ascendente
458,115,701,126,1660.9,734,4,587,13.181746031746032,False,119,7.415716805133478,19.345352112676057,20.955000000000002,False,0.08320592346671332,55-64,A,35-49K,Homeowner,Single Female,None/Unknown,4.0,0.0,3.0,0.0,4.0,3.0,5.825396825396825,758.54,1,5,Bajo,Ascendente,Bajo valor / Ascendente
459,39,704,67,1194.94,310,1,666,17.83492537313433,False,56,7.08668776602808,12.453239436619718,19.895,False,0.5975762853717569,Sin dato,Sin dato,Sin dato,Sin dato,Sin dato,Sin dato,6.0,2.0,12.0,4.0,3.0,4.0,4.626865671641791,96.75999999999999,1,2,Bajo,Ascendente,Bajo valor / Ascendente
460,79,689,111,734.5,337,16,611,6.617117117117117,False,85,6.6005505400414926,8.264788732394365,6.935,False,-0.16089809134287655,65+,B,25-34K,Homeowner,Single Female,None/Unknown,5.0,1.0,2.0,0.0,4.0,3.0,3.036036036036036,148.72000000000003,1,4,Bajo,Descendente,Bajo valor / Descendente
461,76,684,39,664.8,302,21,609,17.046153846153846,False,79,6.5009893251409245,7.38056338028169,5.5874999999999995,False,-0.2429439716041373,Sin dato,Sin dato,Sin dato,Sin dato,Sin dato,Sin dato,6.0,2.0,12.0,4.0,3.0,4.0,7.743589743589744,196.44,0,0,Bajo,Descendente,Bajo valor / Descendente
462,50,702,96,1497.06,577,3,653,15.594375,False,124,7.311926216679588,16.267042253521126,10.363333333333333,False,-0.36292454572741334,65+,U,100-124K,Unknown,Single Male,None/Unknown,5.0,3.0,6.0,5.0,5.0,3.0,6.010416666666667,270.54,1,1,Bajo,Descendente,Bajo valor / Descendente
463,93,705,585,5784.28,1379,0,613,9.88765811965812,False,126,8.663072039493649,68.37661971830985,50.387499999999996,False,-0.26308875449560637,Sin dato,Sin dato,Sin dato,Sin dato,Sin dato,Sin dato,6.0,2.0,12.0,4.0,3.0,4.0,2.3572649572649573,1240.6299999999999,1,4,Alto,Descendente,Alto valor / Descendente
464,65,703,170,3493.1,1426,2,639,20.54764705882353,False,132,8.158831110776715,38.91718309859155,41.295833333333334,False,0.06112082235540499,65+,A,50-74K,Homeowner,2 Adults No Kids,None/Unknown,5.0,0.0,4.0,0.0,2.0,3.0,8.388235294117647,1383.57,1,10,Alto,Ascendente,Alto valor / Ascendente
465,76,696,44,382.55,176,9,621,8.694318181818183,False,70,5.949469990405305,3.967464788732394,5.548333333333333,False,0.39845811589572455,Sin dato,Sin dato,Sin dato,Sin dato,Sin dato,Sin dato,6.0,2.0,12.0,4.0,3.0,4.0,4.0,66.42,0,0,Bajo,Ascendente,Bajo valor / Ascendente
466,99,670,17,423.32,118,35,572,24.901176470588236,False,56,6.050487887557443,3.5212676056338026,13.457500000000001,False,2.821777128914844,Sin dato,Sin dato,Sin dato,Sin dato,Sin dato,Sin dato,6.0,2.0,12.0,4.0,3.0,4.0,6.9411764705882355,57.11,0,0,Bajo,Ascendente,Bajo valor / Ascendente
467,8,701,144,2632.39,820,4,694,18.28048611111111,False,149,7.876027268542815,27.96845070422535,23.122500000000002,False,-0.1732648960599467,Sin dato,Sin dato,Sin dato,Sin dato,Sin dato,Sin dato,6.0,2.0,12.0,4.0,3.0,4.0,5.694444444444445,538.69,1,7,Alto,Descendente,Alto valor / Descendente
468,54,705,333,5824.41,1865,0,652,17.49072072072072,False,165,8.669984662223,54.596478873239434,128.1341666666667,False,1.3469309616864666,Sin dato,Sin dato,Sin dato,Sin dato,Sin dato,Sin dato,6.0,2.0,12.0,4.0,3.0,4.0,5.6006006006006,931.64,1,7,Alto,Ascendente,Alto valor / Ascendente
469,46,698,165,7748.49,2651,7,653,46.96054545454545,False,179,8.955382313730441,76.56084507042253,71.7775,False,-0.062477694257719985,45-54,U,75-99K,Probable Owner,Single Female,None/Unknown,3.0,3.0,5.0,1.0,4.0,3.0,16.066666666666666,1302.08,1,6,Alto,Descendente,Alto valor / Descendente
470,11,704,155,2294.76,677,1,694,14.804903225806454,False,81,7.7388192223591314,24.29281690140845,30.083333333333332,False,0.23836331765992766,Sin dato,Sin dato,Sin dato,Sin dato,Sin dato,Sin dato,6.0,2.0,12.0,4.0,3.0,4.0,4.367741935483871,159.68,1,6,Alto,Ascendente,Alto valor / Ascendente
471,57,693,49,1469.66,483,12,637,29.993061224489797,False,117,7.29346655860344,12.955492957746479,33.96333333333333,False,1.6215392532034554,Sin dato,Sin dato,Sin dato,Sin dato,Sin dato,Sin dato,6.0,2.0,12.0,4.0,3.0,4.0,9.857142857142858,373.71999999999997,0,0,Bajo,Ascendente,Bajo valor / Ascendente
472,48,663,96,8295.58,2302,42,616,86.41229166666666,False,174,9.023598660676734,93.38352112676057,0.27416666666666667,False,-0.9970640787222564,Sin dato,Sin dato,Sin dato,Sin dato,Sin dato,Sin dato,6.0,2.0,12.0,4.0,3.0,4.0,23.979166666666668,1373.51,1,8,Alto,Descendente,Alto valor / Descendente
473,81,692,69,3162.4900000000002,898,13,612,45.8331884057971,False,119,8.05943112752615,36.45492957746479,14.891666666666667,False,-0.5915047199577587,45-54,U,50-74K,Homeowner,Unknown,None/Unknown,3.0,3.0,4.0,0.0,6.0,3.0,13.014492753623188,677.89,1,2,Alto,Descendente,Alto valor / Descendente
474,4,690,34,1783.15,718,15,687,52.44558823529412,False,101,7.486697390322858,9.884788732394368,77.99083333333333,False,6.889984848916624,Sin dato,Sin dato,Sin dato,Sin dato,Sin dato,Sin dato,6.0,2.0,12.0,4.0,3.0,4.0,21.11764705882353,531.01,0,0,Bajo,Ascendente,Bajo valor / Ascendente
475,40,697,40,1467.8700000000001,549,8,658,36.69675,False,128,7.292248676682692,18.279295774647885,12.833333333333334,False,-0.2979306483386369,Sin dato,Sin dato,Sin dato,Sin dato,Sin dato,Sin dato,6.0,2.0,12.0,4.0,3.0,4.0,13.725,272.16,1,1,Bajo,Descendente,Bajo valor / Descendente
476,32,645,29,1551.27,539,60,614,53.49206896551724,False,79,7.347473654684465,13.196901408450705,4.5175,False,-0.6576847958334223,Sin dato,Sin dato,Sin dato,Sin dato,Sin dato,Sin dato,6.0,2.0,12.0,4.0,3.0,4.0,18.586206896551722,241.29,1,1,Bajo,Descendente,Bajo valor / Descendente
477,53,694,65,812.28,334,11,642,12.496615384615383,False,102,6.701075453698592,6.1374647887323945,14.149999999999999,False,1.3055122085551676,Sin dato,Sin dato,Sin dato,Sin dato,Sin dato,Sin dato,6.0,2.0,12.0,4.0,3.0,4.0,5.138461538461539,163.66,0,0,Bajo,Ascendente,Bajo valor / Ascendente
478,111,676,20,286.02,56,29,566,14.300999999999998,False,26,5.659551899742786,2.2438028169014084,2.5108333333333337,False,0.11900801372585963,Sin dato,Sin dato,Sin dato,Sin dato,Sin dato,Sin dato,6.0,2.0,12.0,4.0,3.0,4.0,2.8,29.23,0,0,Bajo,Ascendente,Bajo valor / Ascendente
479,94,704,185,1773.3,803,1,611,9.585405405405405,False,138,7.481161257929534,22.733661971830983,9.416666666666666,False,-0.5857831141179654,Sin dato,Sin dato,Sin dato,Sin dato,Sin dato,Sin dato,6.0,2.0,12.0,4.0,3.0,4.0,4.34054054054054,415.42,1,2,Bajo,Descendente,Bajo valor / Descendente
480,2,673,92,3646.39,1147,32,672,39.63467391304348,False,161,8.20176712229997,30.47676056338028,17.570833333333333,False,-0.4234678158529165,Sin dato,Sin dato,Sin dato,Sin dato,Sin dato,Sin dato,6.0,2.0,12.0,4.0,3.0,4.0,12.467391304347826,772.7699999999999,1,4,Alto,Descendente,Alto valor / Descendente
481,32,685,49,2055.92,805,20,654,41.95755102040817,False,126,7.628964997306966,20.824647887323945,21.31833333333333,False,0.023706784800423705,Sin dato,Sin dato,Sin dato,Sin dato,Sin dato,Sin dato,6.0,2.0,12.0,4.0,3.0,4.0,16.428571428571427,433.12,1,1,Bajo,Ascendente,Bajo valor / Ascendente
482,73,701,60,1698.07,629,4,629,28.301166666666667,False,116,7.437836321529504,16.902676056338027,31.605833333333333,False,0.8698715651881666,Sin dato,Sin dato,Sin dato,Sin dato,Sin dato,Sin dato,6.0,2.0,12.0,4.0,3.0,4.0,10.483333333333333,381.61,1,1,Bajo,Ascendente,Bajo valor / Ascendente
483,31,705,97,2674.71,837,0,675,27.574329896907216,False,133,7.891970044673049,29.808028169014083,23.736666666666668,False,-0.20368209087572894,45-54,U,35-49K,Unknown,Single Female,None/Unknown,3.0,3.0,3.0,5.0,4.0,3.0,8.628865979381443,814.23,1,3,Alto,Descendente,Alto valor / Descendente
484,32,702,136,2907.03,1156,3,671,21.375220588235294,False,139,7.975231154968835,32.09929577464789,38.97166666666667,False,0.21409724812239014,25-34,U,15-24K,Unknown,2 Adults No Kids,None/Unknown,1.0,3.0,1.0,5.0,2.0,3.0,8.5,508.8,1,3,Alto,Ascendente,Alto valor / Ascendente
485,117,705,161,5392.01,1509,0,589,33.49074534161491,False,137,8.592858949591024,62.239295774647886,79.65166666666667,False,0.27976490857262265,35-44,U,25-34K,Homeowner,Single Male,None/Unknown,2.0,3.0,2.0,0.0,5.0,3.0,9.372670807453416,1508.8999999999999,1,2,Alto,Ascendente,Alto valor / Ascendente
486,100,694,29,922.39,417,11,595,31.80655172413793,False,89,6.828051680471256,10.720281690140846,6.8875,False,-0.35752621068397406,Sin dato,Sin dato,Sin dato,Sin dato,Sin dato,Sin dato,6.0,2.0,12.0,4.0,3.0,4.0,14.379310344827585,128.97000000000003,0,0,Bajo,Descendente,Bajo valor / Descendente
487,101,669,9,133.68,40,36,569,14.853333333333333,False,26,4.9029015942928735,1.2653521126760563,2.23,False,0.7623552983081033,Sin dato,Sin dato,Sin dato,Sin dato,Sin dato,Sin dato,6.0,2.0,12.0,4.0,3.0,4.0,4.444444444444445,22.04,0,0,Bajo,Ascendente,Bajo valor / Ascendente
488,69,661,20,406.96,178,44,593,20.348,False,62,6.011169130382317,3.498732394366197,4.033333333333333,False,0.15279846490345267,Sin dato,Sin dato,Sin dato,Sin dato,Sin dato,Sin dato,6.0,2.0,12.0,4.0,3.0,4.0,8.9,48.269999999999996,0,0,Bajo,Ascendente,Bajo valor / Ascendente
489,87,704,206,5725.83,1683,1,618,27.795291262135922,False,160,8.652917428000077,62.472535211267605,94.995,False,0.5205882021395318,55-64,U,150-174K,Unknown,Single Female,None/Unknown,4.0,3.0,8.0,5.0,4.0,3.0,8.169902912621358,771.32,1,6,Alto,Ascendente,Alto valor / Ascendente
490,34,692,80,3886.87,1290,13,659,48.585875,False,130,8.265616728807336,41.45112676056338,35.725,False,-0.1381416431364954,35-44,A,75-99K,Homeowner,2 Adults Kids,3+,2.0,0.0,5.0,0.0,1.0,2.0,16.125,1576.35,1,5,Alto,Descendente,Alto valor / Descendente
491,67,704,123,4742.01,1124,1,638,38.552926829268294,False,154,8.464427234245589,46.567887323943665,71.46333333333334,False,0.5346054425060692,45-54,A,75-99K,Unknown,Single Female,None/Unknown,3.0,0.0,5.0,5.0,4.0,3.0,9.138211382113822,536.0600000000001,1,5,Alto,Ascendente,Alto valor / Ascendente
492,118,633,117,7148.28,2074,72,516,61.09641025641025,False,158,8.87476693131684,96.48281690140844,18.473333333333333,False,-0.8085324006220671,45-54,U,50-74K,Homeowner,2 Adults No Kids,None/Unknown,3.0,3.0,4.0,0.0,2.0,3.0,17.726495726495727,1534.87,1,8,Alto,Descendente,Alto valor / Descendente
493,75,702,194,4907.55,1732,3,628,25.296649484536083,False,148,8.498733861492022,53.66014084507042,76.745,False,0.4302049676235673,55-64,U,50-74K,Unknown,Unknown,None/Unknown,4.0,3.0,4.0,5.0,6.0,3.0,8.927835051546392,782.36,1,5,Alto,Ascendente,Alto valor / Ascendente
494,94,94,1,8.17,4,611,1,8.17,True,4,2.2159372862683733,0.0,0.0,True,,Sin dato,Sin dato,Sin dato,Sin dato,Sin dato,Sin dato,6.0,2.0,12.0,4.0,3.0,4.0,4.0,0.25,0,0,Bajo,Sin tendencia disponible,Sin tendencia disponible
495,61,682,73,3050.52,880,23,622,41.78794520547945,False,140,8.023395106116766,35.473098591549295,10.595,False,-0.7013229624512128,Sin dato,Sin dato,Sin dato,Sin dato,Sin dato,Sin dato,6.0,2.0,12.0,4.0,3.0,4.0,12.054794520547945,1072.9399999999998,1,6,Alto,Descendente,Alto valor / Descendente
496,114,652,13,648.4,123,53,539,49.87692307692308,False,54,6.4760488596687455,6.710845070422535,7.7683333333333335,False,0.15757900112633885,Sin dato,Sin dato,Sin dato,Sin dato,Sin dato,Sin dato,6.0,2.0,12.0,4.0,3.0,4.0,9.461538461538462,106.12,0,0,Bajo,Ascendente,Bajo valor / Ascendente
497,108,703,63,766.4,325,2,596,12.165079365079364,False,78,6.643008177812852,5.552112676056338,11.719166666666666,False,1.110758075427025,Sin dato,Sin dato,Sin dato,Sin dato,Sin dato,Sin dato,6.0,2.0,12.0,4.0,3.0,4.0,5.158730158730159,168.58999999999997,0,0,Bajo,Ascendente,Bajo valor / Ascendente
498,49,662,57,887.7,377,43,614,15.573684210526316,False,102,6.78975972074443,11.091549295774648,7.035833333333334,False,-0.365658201058201,Sin dato,Sin dato,Sin dato,Sin dato,Sin dato,Sin dato,6.0,2.0,12.0,4.0,3.0,4.0,6.614035087719298,142.53,1,1,Bajo,Descendente,Bajo valor / Descendente
499,40,544,70,753.36,281,161,505,10.762285714285715,False,81,6.625869707644164,4.142394366197183,0.0,False,-1.0,Sin dato,Sin dato,Sin dato,Sin dato,Sin dato,Sin dato,6.0,2.0,12.0,4.0,3.0,4.0,4.014285714285714,119.88,0,0,Bajo,Descendente,Bajo valor / Descendente
500,18,453,5,84.82000000000001,35,252,436,16.964000000000002,False,19,4.452252079563379,0.9661971830985915,0.0,True,,Sin dato,Sin dato,Sin dato,Sin dato,Sin dato,Sin dato,6.0,2.0,12.0,4.0,3.0,4.0,7.0,6.779999999999999,0,0,Bajo,Sin tendencia disponible,Sin tendencia disponible
501,43,695,22,478.13,147,10,653,21.73318181818182,False,65,6.171971959336328,4.228591549295775,10.3125,False,1.43875528761283,Sin dato,Sin dato,Sin dato,Sin dato,Sin dato,Sin dato,6.0,2.0,12.0,4.0,3.0,4.0,6.681818181818182,118.8,0,0,Bajo,Ascendente,Bajo valor / Ascendente
502,113,702,57,2298.84,883,3,590,40.33052631578948,False,122,7.740594834280078,28.087605633802816,19.249166666666667,False,-0.31467399116780825,Sin dato,Sin dato,Sin dato,Sin dato,Sin dato,Sin dato,6.0,2.0,12.0,4.0,3.0,4.0,15.491228070175438,469.48,1,1,Alto,Descendente,Alto valor / Descendente
503,91,702,147,4661.13,1821,3,612,31.708367346938775,False,187,8.447227704234807,51.293661971830986,54.62166666666667,False,0.0648814018516231,Sin dato,Sin dato,Sin dato,Sin dato,Sin dato,Sin dato,6.0,2.0,12.0,4.0,3.0,4.0,12.387755102040817,782.73,1,6,Alto,Ascendente,Alto valor / Ascendente
504,30,620,7,516.34,236,85,591,73.76285714285714,False,77,6.248700298589961,5.516056338028169,0.0,False,-1.0,Sin dato,Sin dato,Sin dato,Sin dato,Sin dato,Sin dato,6.0,2.0,12.0,4.0,3.0,4.0,33.714285714285715,158.15,0,0,Bajo,Descendente,Bajo valor / Descendente
505,115,704,18,188.54,53,1,590,10.474444444444444,False,24,5.244600084042049,1.634507042253521,5.458333333333333,False,2.3394370242711475,Sin dato,Sin dato,Sin dato,Sin dato,Sin dato,Sin dato,6.0,2.0,12.0,4.0,3.0,4.0,2.9444444444444446,49.19,0,0,Bajo,Ascendente,Bajo valor / Ascendente
506,52,696,30,1124.49,350,9,645,37.483,False,108,7.025973775367289,10.551408450704225,24.356666666666666,False,1.3083806091347974,Sin dato,Sin dato,Sin dato,Sin dato,Sin dato,Sin dato,6.0,2.0,12.0,4.0,3.0,4.0,11.666666666666666,148.64000000000001,0,0,Bajo,Ascendente,Bajo valor / Ascendente
507,69,692,66,1455.43,557,13,624,22.0519696969697,False,98,7.283743514825738,15.37492957746479,11.6725,False,-0.24080953078910255,Sin dato,Sin dato,Sin dato,Sin dato,Sin dato,Sin dato,6.0,2.0,12.0,4.0,3.0,4.0,8.43939393939394,340.53000000000003,1,1,Bajo,Descendente,Bajo valor / Descendente
508,113,692,55,1190.51,391,13,580,21.645636363636363,False,93,7.082976689285785,12.635915492957746,18.510833333333334,False,0.46493804454847765,Sin dato,Sin dato,Sin dato,Sin dato,Sin dato,Sin dato,6.0,2.0,12.0,4.0,3.0,4.0,7.109090909090909,250.89,1,1,Bajo,Ascendente,Bajo valor / Ascendente
509,29,567,16,277.14,68,138,539,17.32125,False,34,5.628124584050465,3.348732394366197,0.0,False,-1.0,Sin dato,Sin dato,Sin dato,Sin dato,Sin dato,Sin dato,6.0,2.0,12.0,4.0,3.0,4.0,4.25,19.41,0,0,Bajo,Descendente,Bajo valor / Descendente
510,84,700,344,7830.55,3065,5,617,22.763226744186046,False,189,8.965915725971298,90.0681690140845,80.32416666666667,False,-0.10818474999635115,35-44,A,250K+,Homeowner,2 Adults Kids,1,2.0,0.0,11.0,0.0,1.0,0.0,8.909883720930232,1226.6299999999999,1,11,Alto,Descendente,Alto valor / Descendente
511,22,702,368,5338.65,1673,3,681,14.50720108695652,False,117,8.582915386735039,56.02042253521127,71.04083333333334,False,0.26812383981361604,Sin dato,Sin dato,Sin dato,Sin dato,Sin dato,Sin dato,6.0,2.0,12.0,4.0,3.0,4.0,4.546195652173913,1174.26,1,6,Alto,Ascendente,Alto valor / Ascendente
512,96,686,24,1089.7,531,19,591,45.40416666666667,False,92,6.994574970934697,8.827042253521126,19.459166666666665,False,1.2044945642924005,Sin dato,Sin dato,Sin dato,Sin dato,Sin dato,Sin dato,6.0,2.0,12.0,4.0,3.0,4.0,22.125,284.53999999999996,0,0,Bajo,Ascendente,Bajo valor / Ascendente
513,21,705,161,12130.01,2167,0,685,75.34167701863355,False,156,9.40352026310493,117.49492957746477,106.95833333333333,False,-0.08967702931541939,45-54,U,75-99K,Homeowner,2 Adults No Kids,None/Unknown,3.0,3.0,5.0,0.0,2.0,3.0,13.459627329192546,2733.1699999999996,1,6,Alto,Descendente,Alto valor / Descendente
514,91,699,66,2339.27,967,6,609,35.44348484848485,False,100,7.758021586310839,26.06,35.5775,False,0.3652148887183424,Sin dato,Sin dato,Sin dato,Sin dato,Sin dato,Sin dato,6.0,2.0,12.0,4.0,3.0,4.0,14.651515151515152,247.12,1,2,Alto,Ascendente,Alto valor / Ascendente
515,63,699,46,1824.73,706,6,637,39.66804347826087,False,118,7.5097351860379185,19.830704225352115,21.92,False,0.10535661017912185,Sin dato,Sin dato,Sin dato,Sin dato,Sin dato,Sin dato,6.0,2.0,12.0,4.0,3.0,4.0,15.347826086956522,385.34,1,3,Bajo,Ascendente,Bajo valor / Ascendente
516,82,665,16,288.37,86,40,584,18.023125,False,44,5.6677061460735105,3.883661971830986,0.4991666666666667,False,-0.8714701046879911,Sin dato,Sin dato,Sin dato,Sin dato,Sin dato,Sin dato,6.0,2.0,12.0,4.0,3.0,4.0,5.375,30.57,0,0,Bajo,Descendente,Bajo valor / Descendente
517,71,704,105,3742.89,1292,1,634,35.64657142857143,False,157,8.227880456823991,43.1043661971831,19.735,False,-0.542157750105378,Sin dato,Sin dato,Sin dato,Sin dato,Sin dato,Sin dato,6.0,2.0,12.0,4.0,3.0,4.0,12.304761904761905,559.46,1,7,Alto,Descendente,Alto valor / Descendente
518,90,704,152,4903.86,1783,1,615,32.26223684210526,False,168,8.497981829288353,56.31661971830986,68.17083333333333,False,0.21049227873258508,45-54,A,75-99K,Homeowner,2 Adults No Kids,None/Unknown,3.0,0.0,5.0,0.0,2.0,3.0,11.730263157894736,1265.85,1,5,Alto,Ascendente,Alto valor / Ascendente
519,7,659,32,819.13,319,46,653,25.5978125,False,104,6.709462864278068,8.03338028169014,1.5833333333333333,False,-0.802905716172543,Sin dato,Sin dato,Sin dato,Sin dato,Sin dato,Sin dato,6.0,2.0,12.0,4.0,3.0,4.0,9.96875,234.91,1,1,Bajo,Descendente,Bajo valor / Descendente
520,64,705,111,2061.21,937,0,642,18.56945945945946,False,119,7.631533502262271,23.70450704225352,12.888333333333334,False,-0.45629186422819296,Sin dato,Sin dato,Sin dato,Sin dato,Sin dato,Sin dato,6.0,2.0,12.0,4.0,3.0,4.0,8.441441441441441,602.68,1,1,Bajo,Descendente,Bajo valor / Descendente
521,22,694,53,858.8000000000001,293,11,673,16.20377358490566,False,98,6.7566998040621815,7.910845070422535,20.721666666666668,False,1.6193998848671523,Sin dato,Sin dato,Sin dato,Sin dato,Sin dato,Sin dato,6.0,2.0,12.0,4.0,3.0,4.0,5.528301886792453,105.84,0,0,Bajo,Ascendente,Bajo valor / Ascendente
522,77,491,3,29.340000000000003,8,214,415,9.780000000000001,False,4,3.4124669739203863,0.41323943661971835,0.0,True,,Sin dato,Sin dato,Sin dato,Sin dato,Sin dato,Sin dato,6.0,2.0,12.0,4.0,3.0,4.0,2.6666666666666665,0.29,0,0,Bajo,Sin tendencia disponible,Sin tendencia disponible
523,82,693,276,5727.99,1899,12,612,20.753586956521737,False,154,8.65329452890173,57.06422535211267,90.21750000000002,False,0.5809817699848951,65+,B,35-49K,Homeowner,Single Male,None/Unknown,5.0,1.0,3.0,0.0,5.0,3.0,6.880434782608695,646.0799999999999,1,2,Alto,Ascendente,Alto valor / Ascendente
524,116,694,72,1984.58,778,11,579,27.56361111111111,False,112,7.593666341877455,24.658732394366197,5.495,False,-0.7771580504577985,Sin dato,Sin dato,Sin dato,Sin dato,Sin dato,Sin dato,6.0,2.0,12.0,4.0,3.0,4.0,10.805555555555555,679.72,1,5,Bajo,Descendente,Bajo valor / Descendente
525,109,684,40,902.77,312,21,576,22.56925,False,91,6.80657490324194,8.850140845070422,13.356666666666667,False,0.5092038534173617,Sin dato,Sin dato,Sin dato,Sin dato,Sin dato,Sin dato,6.0,2.0,12.0,4.0,3.0,4.0,7.8,184.42000000000002,0,0,Bajo,Ascendente,Bajo valor / Ascendente
526,101,705,181,4452.31,1372,0,605,24.59839779005525,False,164,8.401402918887843,45.69718309859155,89.64416666666666,False,0.9617000565058815,45-54,U,50-74K,Unknown,Unknown,None/Unknown,3.0,3.0,4.0,5.0,6.0,3.0,7.580110497237569,603.35,1,8,Alto,Ascendente,Alto valor / Ascendente
527,109,701,129,3566.9900000000002,1214,4,593,27.651085271317832,False,106,8.17975769100539,41.861830985915496,42.604166666666664,False,0.017732995983881557,45-54,U,50-74K,Homeowner,Single Female,None/Unknown,3.0,3.0,4.0,0.0,4.0,3.0,9.410852713178295,733.85,1,3,Alto,Ascendente,Alto valor / Ascendente
528,5,705,17,373.83,140,0,701,21.99,False,64,5.926472589850456,3.1616901408450704,8.989166666666668,False,1.8431523224043718,Sin dato,Sin dato,Sin dato,Sin dato,Sin dato,Sin dato,6.0,2.0,12.0,4.0,3.0,4.0,8.235294117647058,40.0,0,0,Bajo,Ascendente,Bajo valor / Ascendente
529,6,693,56,1831.14,709,12,688,32.698928571428574,False,113,7.51323996152825,22.756478873239438,4.176666666666667,False,-0.8164625252468988,Sin dato,Sin dato,Sin dato,Sin dato,Sin dato,Sin dato,6.0,2.0,12.0,4.0,3.0,4.0,12.660714285714286,390.74,1,2,Bajo,Descendente,Bajo valor / Descendente
530,47,691,53,1476.22,437,14,645,27.853207547169813,False,128,7.297917222014835,14.91281690140845,4.614166666666667,False,-0.6905905371753823,Sin dato,Sin dato,Sin dato,Sin dato,Sin dato,Sin dato,6.0,2.0,12.0,4.0,3.0,4.0,8.245283018867925,170.55,1,1,Bajo,Descendente,Bajo valor / Descendente
531,114,700,38,1018.8100000000001,350,5,587,26.810789473684213,False,84,6.927371614417262,12.146338028169014,6.2941666666666665,False,-0.4818054089990221,Sin dato,Sin dato,Sin dato,Sin dato,Sin dato,Sin dato,6.0,2.0,12.0,4.0,3.0,4.0,9.210526315789474,317.8,0,0,Bajo,Descendente,Bajo valor / Descendente
532,115,649,23,401.88,115,56,535,17.47304347826087,False,54,5.998638750855982,2.610845070422535,1.9141666666666666,False,-0.26684019348690013,Sin dato,Sin dato,Sin dato,Sin dato,Sin dato,Sin dato,6.0,2.0,12.0,4.0,3.0,4.0,5.0,38.7,0,0,Bajo,Descendente,Bajo valor / Descendente
533,53,692,64,2792.87,1009,13,640,43.63859375,False,127,7.935183010459559,29.69774647887324,30.24083333333333,False,0.018287140232894124,Sin dato,Sin dato,Sin dato,Sin dato,Sin dato,Sin dato,6.0,2.0,12.0,4.0,3.0,4.0,15.765625,520.7,1,2,Alto,Ascendente,Alto valor / Ascendente
534,111,705,459,1287.64,968,0,595,2.8053159041394338,False,107,7.1613426776630895,15.540563380281691,14.095833333333333,False,-0.09296510117396854,45-54,U,35-49K,Unknown,Single Male,None/Unknown,3.0,3.0,3.0,5.0,5.0,3.0,2.1089324618736383,178.06,1,3,Bajo,Descendente,Bajo valor / Descendente
535,53,632,34,1308.76,377,73,580,38.49294117647059,False,103,7.177599193304038,15.849999999999998,1.8333333333333333,False,-0.8843322818086224,Sin dato,Sin dato,Sin dato,Sin dato,Sin dato,Sin dato,6.0,2.0,12.0,4.0,3.0,4.0,11.088235294117647,542.71,0,0,Bajo,Descendente,Bajo valor / Descendente
536,7,705,86,1507.02,680,0,699,17.523488372093023,False,110,7.318552811079424,17.26169014084507,3.455833333333333,False,-0.7997975108384058,Sin dato,Sin dato,Sin dato,Sin dato,Sin dato,Sin dato,6.0,2.0,12.0,4.0,3.0,4.0,7.906976744186046,441.81,1,4,Bajo,Descendente,Bajo valor / Descendente
537,116,674,45,1411.25,394,31,559,31.36111111111111,False,93,7.252939456205372,15.506478873239438,14.15,False,-0.08747820084290078,Sin dato,Sin dato,Sin dato,Sin dato,Sin dato,Sin dato,6.0,2.0,12.0,4.0,3.0,4.0,8.755555555555556,198.05,1,1,Bajo,Descendente,Bajo valor / Descendente
538,54,704,69,4382.21,1328,1,651,63.510289855072465,False,163,8.385536611659822,44.888028169014085,78.5575,False,0.7500768735978414,Sin dato,Sin dato,Sin dato,Sin dato,Sin dato,Sin dato,6.0,2.0,12.0,4.0,3.0,4.0,19.246376811594203,555.71,1,3,Alto,Ascendente,Alto valor / Ascendente
539,55,702,63,1244.96,322,3,648,19.761269841269844,False,84,7.127661596103363,9.955070422535211,42.7225,False,3.291531670463066,Sin dato,Sin dato,Sin dato,Sin dato,Sin dato,Sin dato,6.0,2.0,12.0,4.0,3.0,4.0,5.111111111111111,321.59000000000003,0,0,Bajo,Ascendente,Bajo valor / Ascendente
540,125,701,92,3233.07,951,4,577,35.142065217391306,False,141,8.081496684924447,34.0487323943662,67.9675,False,0.9961829771743896,25-34,B,50-74K,Homeowner,Single Female,None/Unknown,1.0,1.0,4.0,0.0,4.0,3.0,10.33695652173913,445.29,1,2,Alto,Ascendente,Alto valor / Ascendente
541,51,691,47,1784.19,635,14,641,37.96148936170213,False,112,7.487280131126161,18.525352112676057,8.796666666666667,False,-0.5251552244101473,Sin dato,Sin dato,Sin dato,Sin dato,Sin dato,Sin dato,6.0,2.0,12.0,4.0,3.0,4.0,13.51063829787234,388.38,1,1,Bajo,Descendente,Bajo valor / Descendente
542,56,692,123,2313.52,896,13,637,18.80910569105691,False,133,7.74695760160919,24.85225352112676,17.063333333333333,False,-0.3134090106224013,25-34,U,35-49K,Unknown,Single Female,None/Unknown,1.0,3.0,3.0,5.0,4.0,3.0,7.284552845528455,546.74,1,2,Alto,Descendente,Alto valor / Descendente
543,67,705,103,3650.53,1293,0,639,35.44203883495146,False,79,8.20290153682814,40.57408450704226,54.80916666666667,False,0.35084173389429635,35-44,A,35-49K,Probable Owner,1 Adult Kids,1,2.0,0.0,3.0,1.0,0.0,0.0,12.553398058252426,471.42,1,4,Alto,Ascendente,Alto valor / Ascendente
544,24,684,131,1594.85,648,21,661,12.17442748091603,False,122,7.375161788630485,19.175774647887323,4.826666666666667,False,-0.7482935237143892,Sin dato,Sin dato,Sin dato,Sin dato,Sin dato,Sin dato,6.0,2.0,12.0,4.0,3.0,4.0,4.9465648854961835,305.96,1,3,Bajo,Descendente,Bajo valor / Descendente
545,91,690,55,2586.6,1273,15,600,47.029090909090904,False,148,7.85848608416983,29.521267605633806,24.291666666666668,False,-0.1771468965637887,Sin dato,Sin dato,Sin dato,Sin dato,Sin dato,Sin dato,6.0,2.0,12.0,4.0,3.0,4.0,23.145454545454545,470.22,1,3,Alto,Descendente,Alto valor / Descendente
546,106,633,122,3339.0,863,72,528,27.368852459016395,False,97,8.113726085970747,44.79915492957747,6.355,False,-0.8581446455856183,45-54,U,50-74K,Unknown,2 Adults No Kids,None/Unknown,3.0,3.0,4.0,5.0,2.0,3.0,7.073770491803279,847.85,1,3,Alto,Descendente,Alto valor / Descendente
547,93,705,55,1676.76,700,0,613,30.486545454545453,False,117,7.425214849384168,15.097887323943663,17.046666666666667,False,0.12907629398137344,Sin dato,Sin dato,Sin dato,Sin dato,Sin dato,Sin dato,6.0,2.0,12.0,4.0,3.0,4.0,12.727272727272727,370.33,0,0,Bajo,Ascendente,Bajo valor / Ascendente
548,87,684,93,4255.83,1477,21,598,45.7616129032258,False,165,8.356280030804779,52.26718309859155,18.838333333333335,False,-0.6395762653250588,35-44,B,75-99K,Homeowner,2 Adults No Kids,None/Unknown,2.0,1.0,5.0,0.0,2.0,3.0,15.881720430107526,891.6200000000001,1,5,Alto,Descendente,Alto valor / Descendente
549,116,703,97,2292.17,580,2,588,23.63061855670103,False,91,7.737690418792717,25.058450704225354,18.476666666666667,False,-0.2626572614263366,Sin dato,Sin dato,Sin dato,Sin dato,Sin dato,Sin dato,6.0,2.0,12.0,4.0,3.0,4.0,5.979381443298969,369.45000000000005,1,1,Alto,Descendente,Alto valor / Descendente
550,44,702,37,802.79,312,3,659,21.697027027027026,False,81,6.6893380410320145,5.670422535211268,27.1275,False,3.7840350223546944,Sin dato,Sin dato,Sin dato,Sin dato,Sin dato,Sin dato,6.0,2.0,12.0,4.0,3.0,4.0,8.432432432432432,190.04,0,0,Bajo,Ascendente,Bajo valor / Ascendente
551,12,699,52,853.65,296,6,688,16.416346153846153,False,88,6.750692028402277,8.080281690140845,12.149166666666668,False,0.503557317994306,Sin dato,Sin dato,Sin dato,Sin dato,Sin dato,Sin dato,6.0,2.0,12.0,4.0,3.0,4.0,5.6923076923076925,239.76,0,0,Bajo,Ascendente,Bajo valor / Ascendente
552,52,704,44,2289.47,823,1,653,52.03340909090909,False,93,7.736512315664075,25.369718309859156,25.150833333333335,False,-0.008627804765209328,Sin dato,Sin dato,Sin dato,Sin dato,Sin dato,Sin dato,6.0,2.0,12.0,4.0,3.0,4.0,18.704545454545453,682.36,0,0,Alto,Descendente,Alto valor / Descendente
553,95,705,264,7239.11,2694,0,611,27.42087121212121,False,199,8.88739167863451,82.57225352112677,76.00166666666667,False,-0.0795737862813562,45-54,U,75-99K,Homeowner,2 Adults No Kids,None/Unknown,3.0,3.0,5.0,0.0,2.0,3.0,10.204545454545455,1136.5800000000002,1,8,Alto,Descendente,Alto valor / Descendente
554,53,695,21,1524.33,492,10,643,72.58714285714285,False,121,7.329966059074451,14.199154929577464,22.674166666666665,False,0.5968673332407536,Sin dato,Sin dato,Sin dato,Sin dato,Sin dato,Sin dato,6.0,2.0,12.0,4.0,3.0,4.0,23.428571428571427,175.79,0,0,Bajo,Ascendente,Bajo valor / Ascendente
555,44,601,21,561.03,131,104,558,26.715714285714284,False,55,6.331555229251906,4.19169014084507,0.0,False,-1.0,Sin dato,Sin dato,Sin dato,Sin dato,Sin dato,Sin dato,6.0,2.0,12.0,4.0,3.0,4.0,6.238095238095238,63.14,0,0,Bajo,Descendente,Bajo valor / Descendente
556,28,668,15,693.86,158,37,641,46.257333333333335,False,68,6.543710386424341,2.3977464788732394,6.666666666666667,False,1.780388471177945,Sin dato,Sin dato,Sin dato,Sin dato,Sin dato,Sin dato,6.0,2.0,12.0,4.0,3.0,4.0,10.533333333333333,129.13,0,0,Bajo,Ascendente,Bajo valor / Ascendente
557,49,683,29,718.46,258,22,635,24.774482758620692,False,103,6.578500930619397,9.372394366197184,3.0116666666666667,False,-0.6786662458924422,Sin dato,Sin dato,Sin dato,Sin dato,Sin dato,Sin dato,6.0,2.0,12.0,4.0,3.0,4.0,8.89655172413793,115.73,0,0,Bajo,Descendente,Bajo valor / Descendente
558,108,704,115,2426.35,956,1,597,21.098695652173912,False,107,7.794555406289233,31.58887323943662,8.879166666666666,False,-0.7189147393968578,Sin dato,Sin dato,Sin dato,Sin dato,Sin dato,Sin dato,6.0,2.0,12.0,4.0,3.0,4.0,8.31304347826087,370.15,1,4,Alto,Descendente,Alto valor / Descendente
559,78,489,27,249.34,88,216,412,9.234814814814815,False,48,5.522819993899877,3.359577464788732,0.0,False,-1.0,Sin dato,Sin dato,Sin dato,Sin dato,Sin dato,Sin dato,6.0,2.0,12.0,4.0,3.0,4.0,3.259259259259259,140.88,0,0,Bajo,Descendente,Bajo valor / Descendente
560,15,702,322,7205.49,2307,3,688,22.377298136645962,False,190,8.882737287886032,67.39154929577465,91.59833333333334,False,0.3591961349830018,19-24,U,35-49K,Unknown,2 Adults No Kids,None/Unknown,0.0,3.0,3.0,5.0,2.0,3.0,7.1645962732919255,994.39,1,8,Alto,Ascendente,Alto valor / Ascendente
561,51,701,26,1404.3600000000001,373,4,651,54.01384615384616,False,99,7.248048776705128,11.960422535211269,37.43083333333333,False,2.1295577746636987,Sin dato,Sin dato,Sin dato,Sin dato,Sin dato,Sin dato,6.0,2.0,12.0,4.0,3.0,4.0,14.346153846153847,276.85,0,0,Bajo,Ascendente,Bajo valor / Ascendente
562,34,695,79,3178.11,714,10,662,40.22924050632911,False,135,8.064356562388289,27.864788732394366,51.85,False,0.8607713303679742,Sin dato,Sin dato,Sin dato,Sin dato,Sin dato,Sin dato,6.0,2.0,12.0,4.0,3.0,4.0,9.037974683544304,610.96,1,2,Alto,Ascendente,Alto valor / Ascendente
563,64,704,71,2483.9900000000002,840,1,641,34.985774647887325,False,151,7.818023914377763,27.907887323943662,14.936666666666667,False,-0.4647869079702172,Sin dato,Sin dato,Sin dato,Sin dato,Sin dato,Sin dato,6.0,2.0,12.0,4.0,3.0,4.0,11.830985915492958,432.84,1,1,Alto,Descendente,Alto valor / Descendente
564,68,673,51,830.65,255,32,606,16.287254901960782,False,100,6.723411679236544,9.944225352112676,7.248333333333334,False,-0.2711012596075765,Sin dato,Sin dato,Sin dato,Sin dato,Sin dato,Sin dato,6.0,2.0,12.0,4.0,3.0,4.0,5.0,114.36,0,0,Bajo,Descendente,Bajo valor / Descendente
565,78,694,20,491.8,133,11,617,24.59,False,58,6.20010341221931,3.5673239436619717,1.7975,False,-0.49612089387239416,Sin dato,Sin dato,Sin dato,Sin dato,Sin dato,Sin dato,6.0,2.0,12.0,4.0,3.0,4.0,6.65,45.0,0,0,Bajo,Descendente,Bajo valor / Descendente
566,82,694,145,1208.82,487,11,613,8.336689655172414,False,108,7.098226867194293,13.179295774647887,3.3091666666666666,False,-0.7489117231110114,Sin dato,Sin dato,Sin dato,Sin dato,Sin dato,Sin dato,6.0,2.0,12.0,4.0,3.0,4.0,3.3586206896551722,218.11,1,1,Bajo,Descendente,Bajo valor / Descendente
567,33,704,252,3109.86,1249,1,672,12.340714285714286,False,135,8.042654494277834,35.3543661971831,41.51583333333333,False,0.1742774032996569,19-24,U,25-34K,Unknown,Single Male,None/Unknown,0.0,3.0,2.0,5.0,5.0,3.0,4.9563492063492065,601.9499999999999,1,4,Alto,Ascendente,Alto valor / Ascendente
568,4,705,178,8553.62,2893,0,702,48.05404494382023,False,159,9.054226766871032,88.8843661971831,156.76583333333335,False,0.7637053628256791,Sin dato,Sin dato,Sin dato,Sin dato,Sin dato,Sin dato,6.0,2.0,12.0,4.0,3.0,4.0,16.252808988764045,1288.61,1,7,Alto,Ascendente,Alto valor / Ascendente
569,67,692,100,6523.45,1584,13,626,65.2345,False,183,8.783311937450453,66.79394366197182,42.51166666666666,False,-0.36354010055450475,35-44,A,250K+,Homeowner,2 Adults Kids,1,2.0,0.0,11.0,0.0,1.0,0.0,15.84,480.04999999999995,1,7,Alto,Descendente,Alto valor / Descendente
570,90,704,34,1326.84,370,1,615,39.02470588235294,False,103,7.191308840850138,14.98042253521127,19.120833333333334,False,0.27638811845193867,Sin dato,Sin dato,Sin dato,Sin dato,Sin dato,Sin dato,6.0,2.0,12.0,4.0,3.0,4.0,10.882352941176471,411.63,1,1,Bajo,Ascendente,Bajo valor / Ascendente
571,30,605,16,1114.16,322,100,576,69.635,False,100,7.016753171357248,11.680704225352113,0.0,False,-1.0,Sin dato,Sin dato,Sin dato,Sin dato,Sin dato,Sin dato,6.0,2.0,12.0,4.0,3.0,4.0,20.125,124.56,0,0,Bajo,Descendente,Bajo valor / Descendente
572,90,516,45,903.15,368,189,427,20.07,False,95,6.806995275830989,3.487042253521127,0.0,False,-1.0,Sin dato,Sin dato,Sin dato,Sin dato,Sin dato,Sin dato,6.0,2.0,12.0,4.0,3.0,4.0,8.177777777777777,175.89,1,2,Bajo,Descendente,Bajo valor / Descendente
573,96,696,102,3111.55,853,9,601,30.505392156862747,False,145,8.043197604900962,38.72169014084508,2.6783333333333332,False,-0.9308311872856984,Sin dato,Sin dato,Sin dato,Sin dato,Sin dato,Sin dato,6.0,2.0,12.0,4.0,3.0,4.0,8.362745098039216,490.2,1,3,Alto,Descendente,Alto valor / Descendente
574,88,704,119,6693.27,2486,1,617,56.24596638655463,False,145,8.809007215585877,73.95788732394367,87.49833333333333,False,0.18308319097976702,35-44,A,75-99K,Homeowner,2 Adults Kids,1,2.0,0.0,5.0,0.0,1.0,0.0,20.89075630252101,2246.2,1,9,Alto,Ascendente,Alto valor / Ascendente
575,4,704,353,11650.82,4098,1,701,33.00515580736544,False,199,9.363217669968243,126.75760563380283,123.68083333333334,False,-0.024272881182042412,35-44,U,50-74K,Unknown,Single Female,None/Unknown,2.0,3.0,4.0,5.0,4.0,3.0,11.609065155807366,1693.98,1,9,Alto,Descendente,Alto valor / Descendente
576,47,679,167,3750.12,1171,26,633,22.45580838323353,False,167,8.229809741039112,40.82056338028169,7.525833333333334,False,-0.8156362208129476,55-64,A,35-49K,Homeowner,Single Male,None/Unknown,4.0,0.0,3.0,0.0,5.0,3.0,7.0119760479041915,505.9,1,9,Alto,Descendente,Alto valor / Descendente
577,113,678,38,4255.19,1301,27,566,111.97868421052631,False,170,8.35612967288216,49.18929577464789,48.524166666666666,False,-0.013521826192194225,Sin dato,Sin dato,Sin dato,Sin dato,Sin dato,Sin dato,6.0,2.0,12.0,4.0,3.0,4.0,34.23684210526316,487.91999999999996,1,1,Alto,Descendente,Alto valor / Descendente
578,90,704,117,2996.69,935,1,615,25.612735042735043,False,155,8.00559727104798,28.74014084507042,66.06416666666667,False,1.2986723350730605,25-34,U,50-74K,Unknown,Single Male,None/Unknown,1.0,3.0,4.0,5.0,5.0,3.0,7.9914529914529915,450.63000000000005,1,3,Alto,Ascendente,Alto valor / Ascendente
579,61,705,23,435.26,143,0,645,18.924347826086954,False,48,6.07823839589002,3.197887323943662,11.972499999999998,False,2.743878000440431,Sin dato,Sin dato,Sin dato,Sin dato,Sin dato,Sin dato,6.0,2.0,12.0,4.0,3.0,4.0,6.217391304347826,185.58,0,0,Bajo,Ascendente,Bajo valor / Ascendente
580,42,697,97,1312.09,333,8,656,13.526701030927834,False,65,7.180138417269744,12.67619718309859,19.294999999999998,False,0.5221441983977956,Sin dato,Sin dato,Sin dato,Sin dato,Sin dato,Sin dato,6.0,2.0,12.0,4.0,3.0,4.0,3.4329896907216493,169.07000000000002,1,2,Bajo,Ascendente,Bajo valor / Ascendente
581,50,700,146,5060.44,1426,5,651,34.66054794520548,False,156,8.529406306775124,64.35140845070423,32.95666666666667,False,-0.487864097148506,Sin dato,Sin dato,Sin dato,Sin dato,Sin dato,Sin dato,6.0,2.0,12.0,4.0,3.0,4.0,9.767123287671232,1257.01,1,3,Alto,Descendente,Alto valor / Descendente
582,100,700,140,5057.74,1151,5,601,36.126714285714286,False,163,8.528872719415203,57.65816901408451,59.406666666666666,False,0.030325237212354826,45-54,A,125-149K,Homeowner,Unknown,1,3.0,0.0,7.0,0.0,6.0,0.0,8.221428571428572,692.55,1,3,Alto,Ascendente,Alto valor / Ascendente
583,33,690,156,3063.34,850,15,658,19.636794871794873,False,143,8.027587490761645,35.86788732394366,18.354166666666668,False,-0.4882841439502818,35-44,B,15-24K,Unknown,Single Female,None/Unknown,2.0,1.0,1.0,5.0,4.0,3.0,5.448717948717949,499.08,1,6,Alto,Descendente,Alto valor / Descendente
584,86,535,56,1098.3,214,170,450,19.6125,False,70,7.002428892584818,13.016478873239436,0.0,False,-1.0,Sin dato,Sin dato,Sin dato,Sin dato,Sin dato,Sin dato,6.0,2.0,12.0,4.0,3.0,4.0,3.8214285714285716,108.27,1,1,Bajo,Descendente,Bajo valor / Descendente
585,4,690,42,805.07,271,15,687,19.168333333333333,False,80,6.6921705873707396,7.6499999999999995,6.2316666666666665,False,-0.18540305010893243,Sin dato,Sin dato,Sin dato,Sin dato,Sin dato,Sin dato,6.0,2.0,12.0,4.0,3.0,4.0,6.4523809523809526,285.73,0,0,Bajo,Descendente,Bajo valor / Descendente
586,52,704,206,5682.22,1933,1,653,27.58359223300971,False,154,8.645273252495748,59.57084507042253,86.49583333333334,False,0.451982647402115,19-24,A,35-49K,Renter,2 Adults Kids,1,0.0,0.0,3.0,3.0,1.0,0.0,9.383495145631068,859.9,1,8,Alto,Ascendente,Alto valor / Ascendente
587,56,685,25,228.88,104,20,630,9.1552,False,49,5.437557433639541,2.3995774647887322,4.3374999999999995,False,0.8076099078476257,Sin dato,Sin dato,Sin dato,Sin dato,Sin dato,Sin dato,6.0,2.0,12.0,4.0,3.0,4.0,4.16,51.53,0,0,Bajo,Ascendente,Bajo valor / Ascendente
588,28,704,260,9465.11,3169,1,677,36.40426923076923,False,187,9.155473330935333,109.07816901408451,112.65499999999999,False,0.03279144688845691,35-44,A,50-74K,Homeowner,2 Adults Kids,3+,2.0,0.0,4.0,0.0,1.0,2.0,12.188461538461539,1314.01,1,10,Alto,Ascendente,Alto valor / Ascendente
589,83,692,17,298.97,108,13,610,17.586470588235297,False,53,5.703682469655868,3.307042253521127,4.140833333333333,False,0.2521259227711527,Sin dato,Sin dato,Sin dato,Sin dato,Sin dato,Sin dato,6.0,2.0,12.0,4.0,3.0,4.0,6.352941176470588,72.86,0,0,Bajo,Ascendente,Bajo valor / Ascendente
590,30,702,133,3324.14,1224,3,673,24.993533834586465,False,131,8.109267057466711,23.283943661971833,64.80833333333334,False,1.7833916055715517,Sin dato,Sin dato,Sin dato,Sin dato,Sin dato,Sin dato,6.0,2.0,12.0,4.0,3.0,4.0,9.203007518796992,683.26,0,0,Alto,Ascendente,Alto valor / Ascendente
591,51,701,323,13479.18,3904,4,651,41.73120743034056,False,196,9.508975737492873,168.11211267605634,49.85666666666666,False,-0.7034320378642914,Sin dato,Sin dato,Sin dato,Sin dato,Sin dato,Sin dato,6.0,2.0,12.0,4.0,3.0,4.0,12.086687306501547,2221.78,1,8,Alto,Descendente,Alto valor / Descendente
592,30,658,34,660.79,260,47,629,19.435,False,91,6.494948285068122,6.360985915492957,9.009166666666667,False,0.41631608470060316,Sin dato,Sin dato,Sin dato,Sin dato,Sin dato,Sin dato,6.0,2.0,12.0,4.0,3.0,4.0,7.647058823529412,162.58,0,0,Bajo,Ascendente,Bajo valor / Ascendente
593,3,691,57,646.4,317,14,689,11.340350877192982,False,95,6.472964341492144,7.671971830985916,5.0225,False,-0.34534431165207174,35-44,U,35-49K,Unknown,Single Male,None/Unknown,2.0,3.0,3.0,5.0,5.0,3.0,5.56140350877193,116.98,0,0,Bajo,Descendente,Bajo valor / Descendente
594,98,705,104,2421.39,807,0,608,23.282596153846153,False,130,7.7925099350972244,29.83830985915493,20.698333333333334,False,-0.3063168312469711,Sin dato,Sin dato,Sin dato,Sin dato,Sin dato,Sin dato,6.0,2.0,12.0,4.0,3.0,4.0,7.759615384615385,765.34,1,3,Alto,Descendente,Alto valor / Descendente
595,68,699,145,2346.52,898,6,632,16.182896551724138,False,140,7.761114730747936,28.43929577464789,12.595833333333333,False,-0.55709756552545,25-34,U,35-49K,Unknown,2 Adults Kids,1,1.0,3.0,3.0,5.0,1.0,0.0,6.1931034482758625,572.4599999999999,1,5,Alto,Descendente,Alto valor / Descendente
596,53,690,112,2988.63,805,15,638,26.68419642857143,False,124,8.002904912908189,34.14253521126761,24.743333333333336,False,-0.27529302729787847,45-54,A,15-24K,Homeowner,1 Adult Kids,1,3.0,0.0,1.0,0.0,0.0,0.0,7.1875,340.3,1,4,Alto,Descendente,Alto valor / Descendente
597,40,699,99,3815.4,1595,6,660,38.53939393939394,False,152,8.247062848877691,40.804084507042255,46.83083333333334,False,0.14769964573646896,19-24,U,Under 15K,Unknown,1 Adult Kids,1,0.0,3.0,0.0,5.0,0.0,0.0,16.11111111111111,667.3,1,3,Alto,Ascendente,Alto valor / Ascendente
598,60,701,211,3335.96,1087,4,642,15.810236966824645,False,133,8.112815491865028,35.85647887323944,42.468333333333334,False,0.18439776207441502,35-44,B,25-34K,Unknown,Single Female,None/Unknown,2.0,1.0,2.0,5.0,4.0,3.0,5.151658767772512,552.5200000000001,1,7,Alto,Ascendente,Alto valor / Ascendente
599,45,644,5,357.78000000000003,123,61,600,71.55600000000001,False,63,5.882709387270944,0.07028169014084508,2.4525,True,,Sin dato,Sin dato,Sin dato,Sin dato,Sin dato,Sin dato,6.0,2.0,12.0,4.0,3.0,4.0,24.6,37.25,0,0,Bajo,Sin tendencia disponible,Sin tendencia disponible
600,55,703,163,5473.7,1348,2,649,33.58098159509203,False,152,8.60789275866288,54.440563380281695,109.22916666666667,False,1.0063930254298092,Sin dato,Sin dato,Sin dato,Sin dato,Sin dato,Sin dato,6.0,2.0,12.0,4.0,3.0,4.0,8.269938650306749,1554.19,1,7,Alto,Ascendente,Alto valor / Ascendente
601,42,690,78,5146.75,1483,15,649,65.98397435897436,False,154,8.546315004988257,59.310422535211266,25.72,False,-0.5663494053725445,35-44,A,100-124K,Homeowner,2 Adults Kids,2,2.0,0.0,6.0,0.0,1.0,1.0,19.012820512820515,767.09,1,6,Alto,Descendente,Alto valor / Descendente
602,37,677,53,1850.07,533,28,641,34.90698113207547,False,98,7.52351912925444,19.355774647887323,33.714166666666664,False,0.741814382528294,Sin dato,Sin dato,Sin dato,Sin dato,Sin dato,Sin dato,6.0,2.0,12.0,4.0,3.0,4.0,10.056603773584905,284.89,0,0,Bajo,Ascendente,Bajo valor / Ascendente
603,30,693,179,3203.58,1292,12,664,17.897094972067038,False,142,8.072336315525783,35.03239436619719,3.1675000000000004,False,-0.9095836851204117,Sin dato,Sin dato,Sin dato,Sin dato,Sin dato,Sin dato,6.0,2.0,12.0,4.0,3.0,4.0,7.217877094972067,624.72,1,5,Alto,Descendente,Alto valor / Descendente
604,11,691,55,2195.4900000000002,760,14,681,39.918000000000006,False,105,7.694615910707998,19.189154929577466,34.086666666666666,False,0.7763505892657481,Sin dato,Sin dato,Sin dato,Sin dato,Sin dato,Sin dato,6.0,2.0,12.0,4.0,3.0,4.0,13.818181818181818,283.32,1,1,Alto,Ascendente,Alto valor / Ascendente
605,49,703,127,5812.71,1975,2,655,45.76937007874016,False,154,8.667974200273829,68.98535211267605,70.2125,False,0.0177885282852454,25-34,A,75-99K,Homeowner,2 Adults Kids,2,1.0,0.0,5.0,0.0,1.0,1.0,15.551181102362206,964.71,1,6,Alto,Ascendente,Alto valor / Ascendente
606,39,692,96,3311.45,1159,13,654,34.49427083333333,False,150,8.105443375840935,34.65619718309859,35.85916666666667,False,0.03471152582646169,45-54,U,35-49K,Probable Renter,Unknown,None/Unknown,3.0,3.0,3.0,2.0,6.0,3.0,12.072916666666666,463.92,1,3,Alto,Ascendente,Alto valor / Ascendente
607,46,598,215,3181.44,1379,107,553,14.79739534883721,False,140,8.065403477150934,34.32239436619718,0.0,False,-1.0,45-54,U,125-149K,Unknown,Unknown,None/Unknown,3.0,3.0,7.0,5.0,6.0,3.0,6.413953488372093,1127.31,1,3,Alto,Descendente,Alto valor / Descendente
608,96,698,216,5103.7300000000005,1586,7,603,23.62837962962963,False,158,8.537922839875884,60.76436619718311,57.63916666666666,False,-0.051431451130009874,25-34,B,25-34K,Renter,1 Adult Kids,3+,1.0,1.0,2.0,3.0,0.0,2.0,7.342592592592593,655.94,1,7,Alto,Descendente,Alto valor / Descendente
609,26,685,161,1656.1100000000001,766,20,660,10.286397515527952,False,101,7.412830400256366,20.235352112676058,3.7975,False,-0.812333386695993,45-54,U,50-74K,Unknown,Unknown,None/Unknown,3.0,3.0,4.0,5.0,6.0,3.0,4.75776397515528,379.81,1,4,Bajo,Descendente,Bajo valor / Descendente
610,108,676,24,573.0600000000001,255,29,569,23.8775,False,67,6.352733920473452,5.517323943661972,1.4941666666666666,False,-0.7291863443358095,Sin dato,Sin dato,Sin dato,Sin dato,Sin dato,Sin dato,6.0,2.0,12.0,4.0,3.0,4.0,10.625,148.61,0,0,Bajo,Descendente,Bajo valor / Descendente
611,82,696,72,2291.25,571,9,615,31.822916666666668,False,110,7.73728914693001,22.614225352112676,51.75,False,1.2883826084790204,Sin dato,Sin dato,Sin dato,Sin dato,Sin dato,Sin dato,6.0,2.0,12.0,4.0,3.0,4.0,7.930555555555555,579.9700000000001,0,0,Alto,Ascendente,Alto valor / Ascendente
612,88,702,143,3971.7400000000002,1360,3,615,27.774405594405597,False,118,8.287211311941507,38.818450704225356,79.18333333333334,False,1.0398375488157825,Sin dato,Sin dato,Sin dato,Sin dato,Sin dato,Sin dato,6.0,2.0,12.0,4.0,3.0,4.0,9.51048951048951,674.98,1,3,Alto,Ascendente,Alto valor / Ascendente
613,18,700,11,347.31,174,5,683,31.573636363636364,False,63,5.85309288784123,0.726619718309859,9.745833333333334,True,,Sin dato,Sin dato,Sin dato,Sin dato,Sin dato,Sin dato,6.0,2.0,12.0,4.0,3.0,4.0,15.818181818181818,108.5,0,0,Bajo,Sin tendencia disponible,Sin tendencia disponible
614,5,705,121,2726.69,1380,0,701,22.534628099173553,False,104,7.911210376142615,31.69943661971831,34.18833333333333,False,0.07851548730890791,35-44,A,15-24K,Unknown,2 Adults Kids,2,2.0,0.0,1.0,5.0,1.0,1.0,11.40495867768595,623.96,1,6,Alto,Ascendente,Alto valor / Ascendente
615,217,698,24,346.4,114,7,482,14.433333333333332,False,58,5.850476853807004,3.4784507042253523,8.285833333333334,False,1.3820470772428501,Sin dato,Sin dato,Sin dato,Sin dato,Sin dato,Sin dato,6.0,2.0,12.0,4.0,3.0,4.0,4.75,94.99,0,0,Bajo,Ascendente,Bajo valor / Ascendente
616,29,702,10,476.14,226,3,674,47.614,False,75,6.167809948873552,3.6112676056338024,1.495,False,-0.5860179407176286,Sin dato,Sin dato,Sin dato,Sin dato,Sin dato,Sin dato,6.0,2.0,12.0,4.0,3.0,4.0,22.6,164.92,0,0,Bajo,Descendente,Bajo valor / Descendente
617,20,692,27,1315.54,515,13,673,48.723703703703706,False,116,7.182762362067652,10.709154929577466,26.99416666666667,False,1.520662633436356,Sin dato,Sin dato,Sin dato,Sin dato,Sin dato,Sin dato,6.0,2.0,12.0,4.0,3.0,4.0,19.074074074074073,232.09,0,0,Bajo,Ascendente,Bajo valor / Ascendente
618,117,705,543,7333.2,2087,0,589,13.504972375690608,False,165,8.900303618507603,92.69788732394366,56.373333333333335,False,-0.39185956702195274,Sin dato,Sin dato,Sin dato,Sin dato,Sin dato,Sin dato,6.0,2.0,12.0,4.0,3.0,4.0,3.8434622467771637,1018.0300000000001,1,6,Alto,Descendente,Alto valor / Descendente
619,58,605,5,168.98,50,100,548,33.796,False,38,5.13568078307048,2.0595774647887324,0.0,False,-1.0,Sin dato,Sin dato,Sin dato,Sin dato,Sin dato,Sin dato,6.0,2.0,12.0,4.0,3.0,4.0,10.0,37.63,0,0,Bajo,Descendente,Bajo valor / Descendente
620,102,571,19,304.98,107,134,470,16.051578947368423,False,55,5.723519740339233,2.3373239436619717,0.0,False,-1.0,Sin dato,Sin dato,Sin dato,Sin dato,Sin dato,Sin dato,6.0,2.0,12.0,4.0,3.0,4.0,5.631578947368421,58.08,0,0,Bajo,Descendente,Bajo valor / Descendente
621,93,699,141,3153.04,1009,6,607,22.361985815602836,False,101,8.056439449750744,34.069014084507046,51.818333333333335,False,0.5209813000399629,45-54,U,35-49K,Unknown,Single Male,None/Unknown,3.0,3.0,3.0,5.0,5.0,3.0,7.156028368794326,429.04,1,2,Alto,Ascendente,Alto valor / Ascendente
622,118,694,144,2361.51,724,11,577,16.399375000000003,False,129,7.7674798921631725,28.667323943661973,26.183333333333334,False,-0.08664884853606374,35-44,U,15-24K,Unknown,Single Female,None/Unknown,2.0,3.0,1.0,5.0,4.0,3.0,5.027777777777778,372.54,1,5,Alto,Descendente,Alto valor / Descendente
623,109,705,123,3897.91,976,0,597,31.69032520325203,False,134,8.26845230587443,52.21760563380281,3.1208333333333336,False,-0.9402340782298706,45-54,A,35-49K,Homeowner,2 Adults Kids,1,3.0,0.0,3.0,0.0,1.0,0.0,7.934959349593496,951.79,1,5,Alto,Descendente,Alto valor / Descendente
624,26,705,160,6003.47,1963,0,680,37.5216875,False,143,8.700259470835446,53.952253521126764,96.41333333333334,False,0.7870121642941116,45-54,U,50-74K,Unknown,Unknown,None/Unknown,3.0,3.0,4.0,5.0,6.0,3.0,12.26875,1573.61,1,5,Alto,Ascendente,Alto valor / Ascendente
625,110,703,33,1191.8700000000001,542,2,594,36.117272727272734,False,111,7.084117447174615,12.2243661971831,24.241666666666664,False,0.9830612299763033,Sin dato,Sin dato,Sin dato,Sin dato,Sin dato,Sin dato,6.0,2.0,12.0,4.0,3.0,4.0,16.424242424242426,351.43,0,0,Bajo,Ascendente,Bajo valor / Ascendente
626,12,699,25,649.33,350,6,688,25.973200000000002,False,68,6.4774799263652385,7.910140845070423,4.075,False,-0.4848385029023183,Sin dato,Sin dato,Sin dato,Sin dato,Sin dato,Sin dato,6.0,2.0,12.0,4.0,3.0,4.0,14.0,128.6,0,0,Bajo,Descendente,Bajo valor / Descendente
627,86,700,44,1717.79,428,5,615,39.04068181818182,False,104,7.449375833871349,18.647323943661974,14.1025,False,-0.24372526360313013,Sin dato,Sin dato,Sin dato,Sin dato,Sin dato,Sin dato,6.0,2.0,12.0,4.0,3.0,4.0,9.727272727272727,172.9,0,0,Bajo,Descendente,Bajo valor / Descendente
628,20,640,17,1041.39,271,65,621,61.258235294117654,False,96,6.949271432518265,11.657887323943662,5.671666666666667,False,-0.513491037521193,Sin dato,Sin dato,Sin dato,Sin dato,Sin dato,Sin dato,6.0,2.0,12.0,4.0,3.0,4.0,15.941176470588236,140.36,0,0,Bajo,Descendente,Bajo valor / Descendente
629,14,630,27,377.49,136,75,617,13.981111111111112,False,69,5.936189652449227,3.050422535211268,0.41583333333333333,False,-0.8636800874195831,Sin dato,Sin dato,Sin dato,Sin dato,Sin dato,Sin dato,6.0,2.0,12.0,4.0,3.0,4.0,5.037037037037037,65.0,0,0,Bajo,Descendente,Bajo valor / Descendente
630,4,703,204,7682.69,1807,2,700,37.66024509803921,False,143,8.946855179503567,78.41676056338028,89.91000000000001,False,0.14656610849577661,35-44,A,35-49K,Homeowner,2 Adults Kids,1,2.0,0.0,3.0,0.0,1.0,0.0,8.857843137254902,2784.9300000000003,1,6,Alto,Ascendente,Alto valor / Ascendente
631,29,704,479,9195.42,2968,1,676,19.197118997912316,False,182,9.126569556871456,88.39197183098591,118.4225,False,0.3397427113226459,65+,A,100-124K,Homeowner,2 Adults Kids,1,5.0,0.0,6.0,0.0,1.0,0.0,6.196242171189979,1501.5099999999998,1,5,Alto,Ascendente,Alto valor / Ascendente
632,103,705,93,3350.68,1187,0,603,36.02881720430107,False,161,8.117216991651068,37.819014084507046,51.09916666666667,False,0.3511501530020048,Sin dato,Sin dato,Sin dato,Sin dato,Sin dato,Sin dato,6.0,2.0,12.0,4.0,3.0,4.0,12.763440860215054,836.16,1,2,Alto,Ascendente,Alto valor / Ascendente
633,110,702,166,5479.49,1734,3,593,33.008975903614456,False,151,8.608949792003077,61.91140845070423,64.095,False,0.035269615147496,Sin dato,Sin dato,Sin dato,Sin dato,Sin dato,Sin dato,6.0,2.0,12.0,4.0,3.0,4.0,10.44578313253012,1406.44,1,2,Alto,Ascendente,Alto valor / Ascendente
634,65,469,35,1555.15,468,236,405,44.432857142857145,False,98,7.349970101120334,21.903521126760566,0.0,False,-1.0,Sin dato,Sin dato,Sin dato,Sin dato,Sin dato,Sin dato,6.0,2.0,12.0,4.0,3.0,4.0,13.371428571428572,258.36,1,3,Bajo,Descendente,Bajo valor / Descendente
635,33,655,34,362.9,147,50,623,10.673529411764704,False,42,5.896879104618114,3.8385915492957747,4.251666666666667,False,0.10761111518798468,Sin dato,Sin dato,Sin dato,Sin dato,Sin dato,Sin dato,6.0,2.0,12.0,4.0,3.0,4.0,4.323529411764706,138.8,1,1,Bajo,Ascendente,Bajo valor / Ascendente
636,67,704,224,8943.72,3507,1,638,39.927321428571425,False,182,9.098818693049312,103.51859154929578,112.53083333333335,False,0.08705916153955709,Sin dato,Sin dato,Sin dato,Sin dato,Sin dato,Sin dato,6.0,2.0,12.0,4.0,3.0,4.0,15.65625,2250.0899999999997,1,10,Alto,Ascendente,Alto valor / Ascendente
637,30,680,112,2499.52,934,25,651,22.31714285714286,False,127,7.824253989227291,31.175492957746478,16.136666666666667,False,-0.48239257391896245,Sin dato,Sin dato,Sin dato,Sin dato,Sin dato,Sin dato,6.0,2.0,12.0,4.0,3.0,4.0,8.339285714285714,669.7,1,7,Alto,Descendente,Alto valor / Descendente
638,117,699,163,7982.45,2195,6,583,48.97208588957055,False,180,8.985125927842876,94.19084507042254,84.11166666666666,False,-0.10700804729185832,Sin dato,Sin dato,Sin dato,Sin dato,Sin dato,Sin dato,6.0,2.0,12.0,4.0,3.0,4.0,13.466257668711657,1065.99,1,4,Alto,Descendente,Alto valor / Descendente
639,64,620,79,759.83,325,85,557,9.618101265822785,False,76,6.634409942630409,9.380704225352112,0.0,False,-1.0,Sin dato,Sin dato,Sin dato,Sin dato,Sin dato,Sin dato,6.0,2.0,12.0,4.0,3.0,4.0,4.113924050632911,130.66,1,1,Bajo,Descendente,Bajo valor / Descendente
640,62,680,92,2253.25,915,25,619,24.491847826086957,False,119,7.720572602380016,22.12732394366197,9.290833333333333,False,-0.5801194325627185,Sin dato,Sin dato,Sin dato,Sin dato,Sin dato,Sin dato,6.0,2.0,12.0,4.0,3.0,4.0,9.945652173913043,537.63,1,3,Alto,Descendente,Alto valor / Descendente
641,30,699,351,12958.130000000001,4286,6,670,36.91774928774929,False,194,9.469555838023341,134.42647887323943,133.60999999999999,False,-0.006073794985059192,Sin dato,Sin dato,Sin dato,Sin dato,Sin dato,Sin dato,6.0,2.0,12.0,4.0,3.0,4.0,12.21082621082621,2346.91,1,10,Alto,Descendente,Alto valor / Descendente
642,40,587,64,2208.34,704,118,548,34.5053125,False,137,7.7004491073753,26.274788732394367,0.0,False,-1.0,Sin dato,Sin dato,Sin dato,Sin dato,Sin dato,Sin dato,6.0,2.0,12.0,4.0,3.0,4.0,11.0,249.81,1,7,Alto,Descendente,Alto valor / Descendente
643,86,704,31,1415.59,548,1,619,45.6641935483871,False,99,7.256007854138881,12.687605633802818,20.7075,False,0.632104637996492,Sin dato,Sin dato,Sin dato,Sin dato,Sin dato,Sin dato,6.0,2.0,12.0,4.0,3.0,4.0,17.677419354838708,551.64,0,0,Bajo,Ascendente,Bajo valor / Ascendente
644,93,704,213,3764.91,1707,1,612,17.6756338028169,False,149,8.233744810896484,43.8743661971831,26.516666666666666,False,-0.39562279834439784,65+,A,75-99K,Homeowner,2 Adults No Kids,None/Unknown,5.0,0.0,5.0,0.0,2.0,3.0,8.014084507042254,604.1200000000001,1,7,Alto,Descendente,Alto valor / Descendente
645,86,542,49,429.06,153,163,457,8.756326530612245,False,63,6.063924733837243,5.037183098591549,0.0,False,-1.0,Sin dato,Sin dato,Sin dato,Sin dato,Sin dato,Sin dato,6.0,2.0,12.0,4.0,3.0,4.0,3.122448979591837,96.88,0,0,Bajo,Descendente,Bajo valor / Descendente
646,17,690,41,1691.72,676,15,674,41.26146341463415,False,138,7.4340919815680335,17.75338028169014,6.755,False,-0.6195090798022992,Sin dato,Sin dato,Sin dato,Sin dato,Sin dato,Sin dato,6.0,2.0,12.0,4.0,3.0,4.0,16.48780487804878,481.26,1,1,Bajo,Descendente,Bajo valor / Descendente
647,62,701,126,6023.22,1669,4,640,47.803333333333335,False,159,8.7035432893972,64.20380281690142,89.38,False,0.3921293767426349,35-44,A,50-74K,Renter,2 Adults Kids,2,2.0,0.0,4.0,3.0,1.0,1.0,13.246031746031745,1272.03,1,10,Alto,Ascendente,Alto valor / Ascendente
648,58,695,72,1860.0700000000002,619,10,638,25.83430555555556,False,120,7.528906870120776,17.166478873239434,48.85,False,1.8456621978635077,Sin dato,Sin dato,Sin dato,Sin dato,Sin dato,Sin dato,6.0,2.0,12.0,4.0,3.0,4.0,8.597222222222221,212.71,0,0,Bajo,Ascendente,Bajo valor / Ascendente
649,115,556,55,1553.45,582,149,442,28.244545454545456,False,127,7.348877064298336,15.518169014084506,0.0,False,-1.0,Sin dato,Sin dato,Sin dato,Sin dato,Sin dato,Sin dato,6.0,2.0,12.0,4.0,3.0,4.0,10.581818181818182,340.84,0,0,Bajo,Descendente,Bajo valor / Descendente
650,6,695,78,1415.65,586,10,690,18.149358974358975,False,116,7.256050208475266,12.697464788732393,5.255,False,-0.5861378560653119,Sin dato,Sin dato,Sin dato,Sin dato,Sin dato,Sin dato,6.0,2.0,12.0,4.0,3.0,4.0,7.512820512820513,395.74,1,4,Bajo,Descendente,Bajo valor / Descendente
651,74,531,8,370.53000000000003,143,174,458,46.316250000000004,False,53,5.917629614598621,2.726338028169014,0.0,False,-1.0,Sin dato,Sin dato,Sin dato,Sin dato,Sin dato,Sin dato,6.0,2.0,12.0,4.0,3.0,4.0,17.875,116.04,0,0,Bajo,Descendente,Bajo valor / Descendente
652,74,703,47,1761.97,862,2,630,37.48872340425532,False,95,7.474755165803854,16.275211267605634,31.924166666666665,False,0.9615208762425647,Sin dato,Sin dato,Sin dato,Sin dato,Sin dato,Sin dato,6.0,2.0,12.0,4.0,3.0,4.0,18.340425531914892,244.42,0,0,Bajo,Ascendente,Bajo valor / Ascendente
653,90,702,228,10822.55,3105,3,613,47.46732456140351,False,195,9.28947959470701,124.42380281690141,101.18,False,-0.1868115448223869,Sin dato,Sin dato,Sin dato,Sin dato,Sin dato,Sin dato,6.0,2.0,12.0,4.0,3.0,4.0,13.618421052631579,1676.4,1,8,Alto,Descendente,Alto valor / Descendente
654,34,701,145,2269.4,917,4,668,15.651034482758622,False,117,7.727711306405778,23.557464788732393,22.764166666666668,False,-0.03367502102540175,Sin dato,Sin dato,Sin dato,Sin dato,Sin dato,Sin dato,6.0,2.0,12.0,4.0,3.0,4.0,6.324137931034483,516.73,1,2,Alto,Descendente,Alto valor / Descendente
655,18,689,60,1975.09,676,16,672,32.918166666666664,False,133,7.588875423829305,12.911267605633803,64.86749999999999,False,4.024100032726082,Sin dato,Sin dato,Sin dato,Sin dato,Sin dato,Sin dato,6.0,2.0,12.0,4.0,3.0,4.0,11.266666666666667,391.95,0,0,Bajo,Ascendente,Bajo valor / Ascendente
656,53,695,95,5040.28,1647,10,643,53.05557894736842,False,141,8.525415297074904,56.098591549295776,31.78833333333333,False,-0.43334881580048545,Sin dato,Sin dato,Sin dato,Sin dato,Sin dato,Sin dato,6.0,2.0,12.0,4.0,3.0,4.0,17.33684210526316,920.69,1,5,Alto,Descendente,Alto valor / Descendente
657,77,703,20,119.8,44,2,627,5.99,False,15,4.794136285500715,1.1528169014084506,0.9116666666666666,False,-0.20918346568926896,Sin dato,Sin dato,Sin dato,Sin dato,Sin dato,Sin dato,6.0,2.0,12.0,4.0,3.0,4.0,2.2,1.78,0,0,Bajo,Descendente,Bajo valor / Descendente
658,97,703,49,1052.48,409,2,607,21.47918367346939,False,102,6.959854248726118,12.44619718309859,8.975,False,-0.27889620677168203,Sin dato,Sin dato,Sin dato,Sin dato,Sin dato,Sin dato,6.0,2.0,12.0,4.0,3.0,4.0,8.346938775510203,250.87,0,0,Bajo,Descendente,Bajo valor / Descendente
659,14,685,32,760.89,294,20,672,23.7778125,False,79,6.635802188310797,6.44943661971831,13.26,False,1.0559935358476555,Sin dato,Sin dato,Sin dato,Sin dato,Sin dato,Sin dato,6.0,2.0,12.0,4.0,3.0,4.0,9.1875,137.12,0,0,Bajo,Ascendente,Bajo valor / Ascendente
660,113,700,165,7802.26,2153,5,588,47.286424242424246,False,165,8.962296874079394,92.33239436619719,84.81583333333333,False,-0.081407626049993,55-64,A,50-74K,Homeowner,Unknown,None/Unknown,4.0,0.0,4.0,0.0,6.0,3.0,13.048484848484849,1370.8000000000002,1,9,Alto,Descendente,Alto valor / Descendente
661,100,705,388,8240.07,1731,0,606,21.237293814432988,False,126,9.016885468842101,99.01070422535211,76.49083333333333,False,-0.2274488507905439,45-54,U,50-74K,Homeowner,Unknown,None/Unknown,3.0,3.0,4.0,0.0,6.0,3.0,4.461340206185567,784.92,1,6,Alto,Descendente,Alto valor / Descendente
662,70,693,39,1381.73,387,12,624,35.42897435897436,False,70,7.231815084839611,15.40507042253521,11.096666666666666,False,-0.2796743953579091,Sin dato,Sin dato,Sin dato,Sin dato,Sin dato,Sin dato,6.0,2.0,12.0,4.0,3.0,4.0,9.923076923076923,225.22,1,1,Bajo,Descendente,Bajo valor / Descendente
663,115,704,103,3153.18,1308,1,590,30.613398058252425,False,146,8.056483836281341,34.86239436619719,38.37916666666667,False,0.1008758108674076,Sin dato,Sin dato,Sin dato,Sin dato,Sin dato,Sin dato,6.0,2.0,12.0,4.0,3.0,4.0,12.699029126213592,885.5100000000001,1,5,Alto,Ascendente,Alto valor / Ascendente
664,117,691,31,995.08,521,14,575,32.09935483870968,False,109,6.903827575644157,10.527605633802818,12.404166666666667,False,0.17825145604224077,Sin dato,Sin dato,Sin dato,Sin dato,Sin dato,Sin dato,6.0,2.0,12.0,4.0,3.0,4.0,16.806451612903224,249.52,0,0,Bajo,Ascendente,Bajo valor / Ascendente
665,32,699,37,686.86,196,6,668,18.563783783783784,False,63,6.533585328854683,4.502676056338028,7.31,False,0.6234789952766744,Sin dato,Sin dato,Sin dato,Sin dato,Sin dato,Sin dato,6.0,2.0,12.0,4.0,3.0,4.0,5.297297297297297,71.56,1,1,Bajo,Ascendente,Bajo valor / Ascendente
666,83,703,99,990.66,425,2,621,10.006666666666666,False,96,6.899380306599947,10.857464788732395,15.860833333333334,False,0.46082291234260403,Sin dato,Sin dato,Sin dato,Sin dato,Sin dato,Sin dato,6.0,2.0,12.0,4.0,3.0,4.0,4.292929292929293,179.31,0,0,Bajo,Ascendente,Bajo valor / Ascendente
667,105,689,65,1091.71,477,16,585,16.795538461538463,False,121,6.996416128177543,10.51718309859155,26.440833333333334,False,1.5140603796157415,Sin dato,Sin dato,Sin dato,Sin dato,Sin dato,Sin dato,6.0,2.0,12.0,4.0,3.0,4.0,7.338461538461538,334.99,0,0,Bajo,Ascendente,Bajo valor / Ascendente
668,86,700,56,1108.19,495,5,615,19.789107142857144,False,99,7.011385298194312,11.350281690140845,13.329166666666666,False,0.1743467722254623,Sin dato,Sin dato,Sin dato,Sin dato,Sin dato,Sin dato,6.0,2.0,12.0,4.0,3.0,4.0,8.839285714285714,368.68,0,0,Bajo,Ascendente,Bajo valor / Ascendente
669,25,702,118,8990.87,2145,3,678,76.19381355932204,False,170,9.10407611473359,96.92661971830987,63.76833333333334,False,-0.3420967994276683,Sin dato,Sin dato,Sin dato,Sin dato,Sin dato,Sin dato,6.0,2.0,12.0,4.0,3.0,4.0,18.177966101694917,961.77,1,7,Alto,Descendente,Alto valor / Descendente
670,29,704,191,5595.82,1766,1,676,29.297486910994763,False,175,8.629953858288452,60.89985915492958,71.795,False,0.1789025622760986,55-64,A,35-49K,Unknown,2 Adults Kids,1,4.0,0.0,3.0,5.0,1.0,0.0,9.24607329842932,949.84,1,5,Alto,Ascendente,Alto valor / Ascendente
671,77,694,127,5089.66,948,11,618,40.07606299212598,False,112,8.535162767150446,55.10352112676056,39.049166666666665,False,-0.2913489761055802,35-44,U,35-49K,Homeowner,Single Female,None/Unknown,2.0,3.0,3.0,0.0,4.0,3.0,7.464566929133858,720.96,1,3,Alto,Descendente,Alto valor / Descendente
672,67,702,120,2716.2400000000002,1145,3,636,22.635333333333335,False,131,7.907371938245155,24.729295774647888,64.94333333333334,False,1.6261699453614162,35-44,U,25-34K,Unknown,2 Adults No Kids,None/Unknown,2.0,3.0,2.0,5.0,2.0,3.0,9.541666666666666,811.93,1,1,Alto,Ascendente,Alto valor / Ascendente
673,21,689,49,611.49,183,16,669,12.47938775510204,False,57,6.417532615754991,6.145352112676056,12.785000000000002,False,1.0804340850751746,Sin dato,Sin dato,Sin dato,Sin dato,Sin dato,Sin dato,6.0,2.0,12.0,4.0,3.0,4.0,3.7346938775510203,112.55000000000001,0,0,Bajo,Ascendente,Bajo valor / Ascendente
674,33,702,136,4608.95,1694,3,670,33.88933823529412,False,150,8.43597228994489,54.760704225352114,33.901666666666664,False,-0.3809125147997734,Sin dato,Sin dato,Sin dato,Sin dato,Sin dato,Sin dato,6.0,2.0,12.0,4.0,3.0,4.0,12.455882352941176,798.68,1,9,Alto,Descendente,Alto valor / Descendente
675,103,704,218,4729.39,1369,1,602,21.694449541284406,False,117,8.461762930518253,51.891971830985916,78.92416666666666,False,0.5209321188203372,35-44,U,50-74K,Unknown,2 Adults No Kids,None/Unknown,2.0,3.0,4.0,5.0,2.0,3.0,6.279816513761468,638.4799999999999,1,4,Alto,Ascendente,Alto valor / Ascendente
676,9,705,375,10719.34,3679,0,697,28.58490666666667,False,191,9.279898150539749,126.33239436619719,139.78583333333333,False,0.10649239282316554,Sin dato,Sin dato,Sin dato,Sin dato,Sin dato,Sin dato,6.0,2.0,12.0,4.0,3.0,4.0,9.810666666666666,2029.52,1,14,Alto,Ascendente,Alto valor / Ascendente
677,96,696,44,1569.47,536,9,601,35.66977272727273,False,133,7.3591302165995,20.434084507042254,4.232500000000001,False,-0.7928705835320714,Sin dato,Sin dato,Sin dato,Sin dato,Sin dato,Sin dato,6.0,2.0,12.0,4.0,3.0,4.0,12.181818181818182,237.46,0,0,Bajo,Descendente,Bajo valor / Descendente
678,89,544,57,459.17,141,161,456,8.05561403508772,False,55,6.1315959864281275,4.755070422535211,0.0,False,-1.0,Sin dato,Sin dato,Sin dato,Sin dato,Sin dato,Sin dato,6.0,2.0,12.0,4.0,3.0,4.0,2.473684210526316,107.4,0,0,Bajo,Descendente,Bajo valor / Descendente
679,18,702,259,6378.68,1910,3,685,24.62810810810811,False,192,8.760873218341132,61.05591549295775,30.397499999999997,False,-0.5021366929874949,Sin dato,Sin dato,Sin dato,Sin dato,Sin dato,Sin dato,6.0,2.0,12.0,4.0,3.0,4.0,7.374517374517374,1028.23,1,8,Alto,Descendente,Alto valor / Descendente
680,111,700,96,3513.02,1478,5,590,36.59395833333333,False,133,8.164515960250482,42.078450704225354,39.843333333333334,False,-0.05311786278926801,45-54,U,50-74K,Homeowner,Unknown,None/Unknown,3.0,3.0,4.0,0.0,6.0,3.0,15.395833333333334,942.8199999999999,1,3,Alto,Descendente,Alto valor / Descendente
681,4,690,64,2661.72,754,15,687,41.589375,False,87,7.887103435712065,26.557183098591548,25.6125,False,-0.035571660408578794,Sin dato,Sin dato,Sin dato,Sin dato,Sin dato,Sin dato,6.0,2.0,12.0,4.0,3.0,4.0,11.78125,258.18,1,5,Alto,Descendente,Alto valor / Descendente
682,31,569,217,4438.29,1306,136,539,20.45294930875576,False,159,8.398249732729408,48.97915492957746,0.0,False,-1.0,65+,A,125-149K,Homeowner,2 Adults No Kids,None/Unknown,5.0,0.0,7.0,0.0,2.0,3.0,6.018433179723503,1038.38,1,3,Alto,Descendente,Alto valor / Descendente
683,115,597,9,170.06,80,108,483,18.895555555555557,False,37,5.1420143721526355,2.081830985915493,0.0,False,-1.0,Sin dato,Sin dato,Sin dato,Sin dato,Sin dato,Sin dato,6.0,2.0,12.0,4.0,3.0,4.0,8.88888888888889,30.53,0,0,Bajo,Descendente,Bajo valor / Descendente
684,36,687,106,2032.21,848,18,652,19.17179245283019,False,136,7.617371103915954,25.182394366197183,11.3825,False,-0.5479977068709975,Sin dato,Sin dato,Sin dato,Sin dato,Sin dato,Sin dato,6.0,2.0,12.0,4.0,3.0,4.0,8.0,281.75,1,6,Bajo,Descendente,Bajo valor / Descendente
685,98,705,199,5973.65,1998,0,608,30.01834170854271,False,148,8.69528079767813,64.89732394366197,80.0975,False,0.23421884189760198,35-44,A,Under 15K,Unknown,Single Female,None/Unknown,2.0,0.0,0.0,5.0,4.0,3.0,10.040201005025125,963.53,1,2,Alto,Ascendente,Alto valor / Ascendente
686,106,656,21,534.57,138,49,551,25.455714285714286,False,71,6.283331600299074,6.997042253521127,1.0483333333333333,False,-0.8501747888108323,Sin dato,Sin dato,Sin dato,Sin dato,Sin dato,Sin dato,6.0,2.0,12.0,4.0,3.0,4.0,6.571428571428571,91.78,0,0,Bajo,Descendente,Bajo valor / Descendente
687,6,686,68,3186.15,1140,19,681,46.85514705882353,False,120,8.06688237951622,32.75267605633803,30.3625,False,-0.07297651197192799,Sin dato,Sin dato,Sin dato,Sin dato,Sin dato,Sin dato,6.0,2.0,12.0,4.0,3.0,4.0,16.764705882352942,782.0999999999999,1,3,Alto,Descendente,Alto valor / Descendente
688,70,692,28,3207.61,924,13,623,114.5575,False,146,8.073593100536192,36.4812676056338,28.081666666666667,False,-0.23024421820446792,35-44,A,125-149K,Homeowner,2 Adults Kids,1,2.0,0.0,7.0,0.0,1.0,0.0,33.0,456.92,1,3,Alto,Descendente,Alto valor / Descendente
689,115,387,3,28.96,20,318,273,9.653333333333334,True,11,3.3998631586490187,0.17788732394366197,0.0,True,,Sin dato,Sin dato,Sin dato,Sin dato,Sin dato,Sin dato,6.0,2.0,12.0,4.0,3.0,4.0,6.666666666666667,3.84,0,0,Bajo,Sin tendencia disponible,Sin tendencia disponible
690,22,705,270,4896.78,1409,0,684,18.136222222222223,False,164,8.496537320210981,53.03746478873239,42.25333333333334,False,-0.20333044760635133,65+,B,15-24K,Homeowner,Single Female,None/Unknown,5.0,1.0,1.0,0.0,4.0,3.0,5.218518518518518,675.34,1,5,Alto,Descendente,Alto valor / Descendente
691,34,704,54,2511.33,876,1,671,46.50611111111111,False,131,7.828965888386634,22.800845070422536,22.62,False,-0.007931507357029013,Sin dato,Sin dato,Sin dato,Sin dato,Sin dato,Sin dato,6.0,2.0,12.0,4.0,3.0,4.0,16.22222222222222,377.59000000000003,1,3,Alto,Descendente,Alto valor / Descendente
692,76,702,122,3831.21,1337,3,627,31.403360655737707,False,138,8.25119693925934,44.01323943661972,44.39833333333333,False,0.008749501323758704,65+,U,35-49K,Homeowner,Single Female,None/Unknown,5.0,3.0,3.0,0.0,4.0,3.0,10.959016393442623,371.33000000000004,1,4,Alto,Ascendente,Alto valor / Ascendente
693,7,696,209,6378.8,2173,9,690,30.520574162679427,False,197,8.760892027885095,69.25295774647887,36.339166666666664,False,-0.4752691025891337,45-54,U,15-24K,Unknown,2 Adults No Kids,None/Unknown,3.0,3.0,1.0,5.0,2.0,3.0,10.397129186602871,1122.24,1,9,Alto,Descendente,Alto valor / Descendente
694,82,702,153,1747.94,641,3,621,11.424444444444445,False,96,7.466765169112837,16.67338028169014,13.3275,False,-0.20067198283508322,Sin dato,Sin dato,Sin dato,Sin dato,Sin dato,Sin dato,6.0,2.0,12.0,4.0,3.0,4.0,4.189542483660131,185.82,1,2,Bajo,Descendente,Bajo valor / Descendente
695,115,705,223,8431.77,2493,0,591,37.81062780269058,False,181,9.039880585397416,93.22873239436619,149.56916666666666,False,0.6043247915672092,35-44,B,35-49K,Unknown,1 Adult Kids,2,2.0,1.0,3.0,5.0,0.0,1.0,11.179372197309418,1109.44,1,8,Alto,Ascendente,Alto valor / Ascendente
696,114,705,324,14626.51,3866,0,592,45.14354938271605,False,210,9.59065928130598,168.51985915492958,194.9366666666667,False,0.15675783046703531,35-44,U,50-74K,Homeowner,2 Adults No Kids,None/Unknown,2.0,3.0,4.0,0.0,2.0,3.0,11.932098765432098,2444.93,1,2,Alto,Ascendente,Alto valor / Ascendente
697,61,699,62,2823.59,954,6,639,45.54177419354839,False,146,7.946118500304403,29.120281690140846,25.757499999999997,False,-0.11547902338044261,Sin dato,Sin dato,Sin dato,Sin dato,Sin dato,Sin dato,6.0,2.0,12.0,4.0,3.0,4.0,15.387096774193548,327.09,1,4,Alto,Descendente,Alto valor / Descendente
698,5,694,126,1199.91,540,11,690,9.52309523809524,False,126,7.090834881719985,11.531408450704225,17.030833333333334,False,0.4769083417813769,Sin dato,Sin dato,Sin dato,Sin dato,Sin dato,Sin dato,6.0,2.0,12.0,4.0,3.0,4.0,4.285714285714286,178.84,1,3,Bajo,Ascendente,Bajo valor / Ascendente
699,60,704,149,10322.630000000001,2390,1,645,69.27939597315437,False,170,9.242190721374117,113.80746478873239,108.82416666666667,False,-0.0437870936789297,45-54,A,50-74K,Homeowner,2 Adults No Kids,None/Unknown,3.0,0.0,4.0,0.0,2.0,3.0,16.040268456375838,1230.83,1,7,Alto,Descendente,Alto valor / Descendente
700,14,705,39,2981.04,802,0,692,76.43692307692308,False,126,8.00036290905095,23.875774647887326,90.96416666666666,False,2.8098938362494437,Sin dato,Sin dato,Sin dato,Sin dato,Sin dato,Sin dato,6.0,2.0,12.0,4.0,3.0,4.0,20.564102564102566,567.0200000000001,1,2,Alto,Ascendente,Alto valor / Ascendente
701,103,702,39,2593.56,679,3,600,66.50153846153846,False,134,7.861172224383526,25.669718309859153,61.77,False,1.4063372746975393,Sin dato,Sin dato,Sin dato,Sin dato,Sin dato,Sin dato,6.0,2.0,12.0,4.0,3.0,4.0,17.41025641025641,345.13,0,0,Alto,Ascendente,Alto valor / Ascendente
702,77,705,274,8171.42,2368,0,629,29.822700729927007,False,169,9.008520349624177,90.62295774647887,109.97666666666667,False,0.2135629800820508,Sin dato,Sin dato,Sin dato,Sin dato,Sin dato,Sin dato,6.0,2.0,12.0,4.0,3.0,4.0,8.642335766423358,1476.8799999999999,1,5,Alto,Ascendente,Alto valor / Ascendente
703,71,692,215,9298.2,2194,13,622,43.247441860465116,False,158,9.137683653935909,103.89859154929577,95.48083333333334,False,-0.0810189829374977,Sin dato,Sin dato,Sin dato,Sin dato,Sin dato,Sin dato,6.0,2.0,12.0,4.0,3.0,4.0,10.204651162790698,1067.18,1,9,Alto,Descendente,Alto valor / Descendente
704,113,524,9,76.53,33,181,412,8.503333333333334,False,20,4.350664958230868,0.9370422535211268,0.0,True,,Sin dato,Sin dato,Sin dato,Sin dato,Sin dato,Sin dato,6.0,2.0,12.0,4.0,3.0,4.0,3.6666666666666665,18.13,0,0,Bajo,Sin tendencia disponible,Sin tendencia disponible
705,76,693,93,1385.93,485,12,618,14.90247311827957,False,74,7.234847950403901,15.845211267605634,10.955833333333333,False,-0.3085713312177967,Sin dato,Sin dato,Sin dato,Sin dato,Sin dato,Sin dato,6.0,2.0,12.0,4.0,3.0,4.0,5.21505376344086,276.31,1,3,Bajo,Descendente,Bajo valor / Descendente
706,20,700,128,3937.12,1244,5,681,30.75875,False,170,8.278458731055775,43.01084507042253,53.57583333333333,False,0.24563544951540767,45-54,B,50-74K,Homeowner,2 Adults No Kids,None/Unknown,3.0,1.0,4.0,0.0,2.0,3.0,9.71875,752.9499999999999,1,7,Alto,Ascendente,Alto valor / Ascendente
707,103,705,492,19060.61,4277,0,603,38.74107723577236,False,202,9.855431643735233,215.31957746478875,256.5491666666667,False,0.1914809126384256,25-34,A,100-124K,Homeowner,2 Adults Kids,3+,1.0,0.0,6.0,0.0,1.0,2.0,8.69308943089431,2181.23,1,9,Alto,Ascendente,Alto valor / Ascendente
708,16,689,67,2764.73,902,16,674,41.264626865671644,False,139,7.925059893577295,27.248450704225352,42.30166666666667,False,0.5524430040386499,35-44,A,100-124K,Homeowner,2 Adults Kids,2,2.0,0.0,6.0,0.0,1.0,1.0,13.462686567164178,411.84,1,4,Alto,Ascendente,Alto valor / Ascendente
709,46,703,155,5416.49,2193,2,658,34.945096774193544,False,157,8.597387887538945,58.07169014084507,77.11833333333334,False,0.3279849983062866,Sin dato,Sin dato,Sin dato,Sin dato,Sin dato,Sin dato,6.0,2.0,12.0,4.0,3.0,4.0,14.148387096774194,1514.27,1,8,Alto,Ascendente,Alto valor / Ascendente
710,24,705,227,3665.69,1526,0,682,16.1484140969163,False,149,8.207044626728514,37.35591549295775,52.64166666666667,False,0.40919225166869644,Sin dato,Sin dato,Sin dato,Sin dato,Sin dato,Sin dato,6.0,2.0,12.0,4.0,3.0,4.0,6.722466960352423,702.5500000000001,1,8,Alto,Ascendente,Alto valor / Ascendente
711,30,682,33,393.51,116,23,653,11.924545454545454,False,54,5.977644488507119,3.5449295774647887,11.401666666666666,False,2.21633093620459,Sin dato,Sin dato,Sin dato,Sin dato,Sin dato,Sin dato,6.0,2.0,12.0,4.0,3.0,4.0,3.515151515151515,67.64,0,0,Bajo,Ascendente,Bajo valor / Ascendente
712,35,702,253,11516.16,3492,3,668,45.518418972332015,False,181,9.351593376079137,123.45732394366196,94.02166666666666,False,-0.2384277929953176,65+,A,50-74K,Homeowner,2 Adults No Kids,None/Unknown,5.0,0.0,4.0,0.0,2.0,3.0,13.802371541501977,1911.7399999999998,1,11,Alto,Descendente,Alto valor / Descendente
713,98,692,24,540.9,155,13,595,22.537499999999998,False,53,6.295081482572068,4.1326760563380285,16.831666666666667,False,3.0728250744098333,Sin dato,Sin dato,Sin dato,Sin dato,Sin dato,Sin dato,6.0,2.0,12.0,4.0,3.0,4.0,6.458333333333333,137.66,0,0,Bajo,Ascendente,Bajo valor / Ascendente
714,52,704,291,4102.27,1472,1,653,14.097147766323026,False,124,8.319539495785264,45.01154929577465,41.62583333333333,False,-0.0752188275101018,55-64,U,15-24K,Unknown,2 Adults Kids,1,4.0,3.0,1.0,5.0,1.0,0.0,5.058419243986254,1449.06,1,5,Alto,Descendente,Alto valor / Descendente
715,43,705,177,3689.37,1462,0,663,20.843898305084746,False,157,8.213482003010482,37.50450704225352,49.340833333333336,False,0.3155974368025878,55-64,A,15-24K,Homeowner,2 Adults No Kids,None/Unknown,4.0,0.0,1.0,0.0,2.0,3.0,8.259887005649718,1182.5900000000001,1,3,Alto,Ascendente,Alto valor / Ascendente
716,77,703,78,1219.93,432,2,627,15.640128205128207,False,105,7.107368142409944,14.112957746478873,7.995833333333334,False,-0.43344028395973466,45-54,A,75-99K,Homeowner,2 Adults Kids,3+,3.0,0.0,5.0,0.0,1.0,2.0,5.538461538461538,550.38,1,1,Bajo,Descendente,Bajo valor / Descendente
717,97,691,51,616.72,146,14,595,12.092549019607844,False,64,6.4260352803548,7.556619718309859,4.601666666666667,False,-0.39104165113447154,Sin dato,Sin dato,Sin dato,Sin dato,Sin dato,Sin dato,6.0,2.0,12.0,4.0,3.0,4.0,2.8627450980392157,56.44,0,0,Bajo,Descendente,Bajo valor / Descendente
718,1,705,598,19256.13,6837,0,705,32.20088628762542,False,220,9.865636660749022,196.7694366197183,146.90916666666666,False,-0.25339438283503796,45-54,A,25-34K,Homeowner,2 Adults Kids,3+,3.0,0.0,2.0,0.0,1.0,2.0,11.433110367892976,4196.97,1,15,Alto,Descendente,Alto valor / Descendente
719,20,703,34,1098.51,497,2,684,32.30911764705883,False,60,7.002619904996657,5.479154929577464,39.97083333333333,False,6.295072661217076,Sin dato,Sin dato,Sin dato,Sin dato,Sin dato,Sin dato,6.0,2.0,12.0,4.0,3.0,4.0,14.617647058823529,301.15999999999997,0,0,Bajo,Ascendente,Bajo valor / Ascendente
720,47,702,85,1671.23,330,3,656,19.661529411764707,False,55,7.4219133439927765,18.87450704225352,17.889166666666664,False,-0.052204827038979995,Sin dato,Sin dato,Sin dato,Sin dato,Sin dato,Sin dato,6.0,2.0,12.0,4.0,3.0,4.0,3.8823529411764706,107.88,1,2,Bajo,Descendente,Bajo valor / Descendente
721,110,702,46,553.57,183,3,593,12.03413043478261,False,48,6.318193038678568,5.723380281690141,8.18,False,0.42922531745250503,Sin dato,Sin dato,Sin dato,Sin dato,Sin dato,Sin dato,6.0,2.0,12.0,4.0,3.0,4.0,3.9782608695652173,49.839999999999996,0,0,Bajo,Ascendente,Bajo valor / Ascendente
722,99,705,136,6437.62,2022,0,607,47.33544117647059,False,166,8.77006951042165,71.7681690140845,81.86833333333333,False,0.14073320328496414,35-44,A,50-74K,Homeowner,2 Adults No Kids,None/Unknown,2.0,0.0,4.0,0.0,2.0,3.0,14.867647058823529,1256.96,1,5,Alto,Ascendente,Alto valor / Ascendente
723,77,705,23,1230.83,444,0,629,53.514347826086954,False,87,7.116256147559394,9.987042253521127,39.306666666666665,False,2.9357665331603395,Sin dato,Sin dato,Sin dato,Sin dato,Sin dato,Sin dato,6.0,2.0,12.0,4.0,3.0,4.0,19.304347826086957,268.90999999999997,0,0,Bajo,Ascendente,Bajo valor / Ascendente
724,75,660,26,639.3,187,45,586,24.588461538461537,False,65,6.461936816524757,4.5126760563380275,1.3233333333333333,False,-0.7067519766957969,Sin dato,Sin dato,Sin dato,Sin dato,Sin dato,Sin dato,6.0,2.0,12.0,4.0,3.0,4.0,7.1923076923076925,62.5,0,0,Bajo,Descendente,Bajo valor / Descendente
725,88,702,132,4819.16,2427,3,615,36.50878787878788,False,111,8.480562401514451,55.83154929577465,51.5025,False,-0.07753768882251448,45-54,U,25-34K,Unknown,Single Female,None/Unknown,3.0,3.0,2.0,5.0,4.0,3.0,18.386363636363637,1607.05,1,6,Alto,Descendente,Alto valor / Descendente
726,72,703,69,2169.68,818,2,632,31.444637681159417,False,141,7.682795761501544,20.46056338028169,53.90833333333333,False,1.6347433514604985,Sin dato,Sin dato,Sin dato,Sin dato,Sin dato,Sin dato,6.0,2.0,12.0,4.0,3.0,4.0,11.855072463768115,501.05,1,4,Alto,Ascendente,Alto valor / Ascendente
727,64,697,117,4854.13,1628,8,634,41.4882905982906,False,118,8.487791156885994,53.4681690140845,32.03333333333333,False,-0.4008896522172816,Sin dato,Sin dato,Sin dato,Sin dato,Sin dato,Sin dato,6.0,2.0,12.0,4.0,3.0,4.0,13.914529914529915,948.07,1,3,Alto,Descendente,Alto valor / Descendente
728,42,701,473,10727.380000000001,2759,4,660,22.679450317124736,False,177,9.280647845661562,117.32492957746479,31.924166666666665,False,-0.727899545462003,Sin dato,Sin dato,Sin dato,Sin dato,Sin dato,Sin dato,6.0,2.0,12.0,4.0,3.0,4.0,5.832980972515856,1561.9199999999998,1,5,Alto,Descendente,Alto valor / Descendente
729,54,702,32,1159.32,357,3,649,36.22875,False,112,7.056451108126431,11.002957746478874,16.485,False,0.4982335095556891,Sin dato,Sin dato,Sin dato,Sin dato,Sin dato,Sin dato,6.0,2.0,12.0,4.0,3.0,4.0,11.15625,230.79,1,1,Bajo,Ascendente,Bajo valor / Ascendente
730,18,705,92,1111.69,330,0,688,12.08358695652174,False,49,7.014535785974893,10.83338028169014,14.5,False,0.3384557380033024,Sin dato,Sin dato,Sin dato,Sin dato,Sin dato,Sin dato,6.0,2.0,12.0,4.0,3.0,4.0,3.5869565217391304,185.46,1,1,Bajo,Ascendente,Bajo valor / Ascendente
731,85,702,233,3151.31,916,3,618,13.524935622317596,False,164,8.055890796395508,37.657042253521126,19.75166666666667,False,-0.4754854474844002,45-54,U,35-49K,Homeowner,2 Adults No Kids,None/Unknown,3.0,3.0,3.0,0.0,2.0,3.0,3.9313304721030042,639.1899999999999,1,4,Alto,Descendente,Alto valor / Descendente
732,118,693,103,3938.11,1491,12,576,38.234077669902916,False,134,8.278710088450497,45.822676056338025,51.10333333333333,False,0.11524113673550729,55-64,A,75-99K,Homeowner,2 Adults Kids,2,4.0,0.0,5.0,0.0,1.0,1.0,14.475728155339805,1237.3,1,8,Alto,Ascendente,Alto valor / Ascendente
733,89,704,76,2678.56,1002,1,616,35.24421052631579,False,113,7.89340788092156,27.332816901408453,46.12416666666667,False,0.6875013955949012,45-54,A,75-99K,Homeowner,2 Adults No Kids,None/Unknown,3.0,0.0,5.0,0.0,2.0,3.0,13.18421052631579,593.0300000000001,1,2,Alto,Ascendente,Alto valor / Ascendente
734,25,697,76,1319.76,324,8,673,17.365263157894738,False,99,7.1859626074713745,14.475774647887324,16.858333333333334,False,0.16458937386081335,Sin dato,Sin dato,Sin dato,Sin dato,Sin dato,Sin dato,6.0,2.0,12.0,4.0,3.0,4.0,4.2631578947368425,229.61,1,1,Bajo,Ascendente,Bajo valor / Ascendente
735,57,687,92,1062.25,408,18,631,11.546195652173912,False,86,6.969085534133743,9.554929577464788,18.89,False,0.9769899764150944,Sin dato,Sin dato,Sin dato,Sin dato,Sin dato,Sin dato,6.0,2.0,12.0,4.0,3.0,4.0,4.434782608695652,125.04,0,0,Bajo,Ascendente,Bajo valor / Ascendente
736,26,705,60,3061.62,980,0,680,51.027,False,151,8.027026037758791,24.334788732394365,90.9375,False,2.736934024783391,Sin dato,Sin dato,Sin dato,Sin dato,Sin dato,Sin dato,6.0,2.0,12.0,4.0,3.0,4.0,16.333333333333332,389.93,0,0,Alto,Ascendente,Alto valor / Ascendente
737,27,651,52,1593.51,519,54,625,30.644423076923076,False,120,7.374321757988929,15.296901408450703,14.143333333333333,False,-0.07541187880573556,Sin dato,Sin dato,Sin dato,Sin dato,Sin dato,Sin dato,6.0,2.0,12.0,4.0,3.0,4.0,9.98076923076923,280.07,1,1,Bajo,Descendente,Bajo valor / Descendente
738,101,705,100,2586.75,969,0,605,25.8675,False,128,7.858544051263859,33.07239436619718,3.1208333333333336,False,-0.9056363050471153,Sin dato,Sin dato,Sin dato,Sin dato,Sin dato,Sin dato,6.0,2.0,12.0,4.0,3.0,4.0,9.69,528.15,1,5,Alto,Descendente,Alto valor / Descendente
739,91,289,6,160.06,63,416,199,26.676666666666666,True,31,5.081776966367399,0.6591549295774648,0.0,True,,Sin dato,Sin dato,Sin dato,Sin dato,Sin dato,Sin dato,6.0,2.0,12.0,4.0,3.0,4.0,10.5,39.410000000000004,0,0,Bajo,Sin tendencia disponible,Sin tendencia disponible
740,112,699,111,6525.61,2347,6,588,58.78927927927928,False,185,8.783642945049793,77.4330985915493,82.6275,False,0.06708244281751623,45-54,A,175-199K,Homeowner,Single Female,None/Unknown,3.0,0.0,9.0,0.0,4.0,3.0,21.144144144144143,1247.06,1,6,Alto,Ascendente,Alto valor / Ascendente
741,81,705,88,3414.6,1172,0,625,38.80227272727273,False,160,8.13610845203345,36.7143661971831,59.37583333333333,False,0.6172370514158279,65+,U,50-74K,Homeowner,2 Adults Kids,1,5.0,3.0,4.0,0.0,1.0,0.0,13.318181818181818,675.0600000000001,1,2,Alto,Ascendente,Alto valor / Ascendente
742,73,703,328,3950.96,2412,2,631,12.04560975609756,False,148,8.281966937359046,45.68816901408451,26.406666666666666,False,-0.4220239673311014,35-44,A,15-24K,Renter,1 Adult Kids,2,2.0,0.0,1.0,3.0,0.0,1.0,7.353658536585366,637.73,1,9,Alto,Descendente,Alto valor / Descendente
743,113,698,71,1988.97,766,7,586,28.013661971830988,False,103,7.595874842228019,22.50845070422535,25.311666666666667,False,0.1245406002961852,Sin dato,Sin dato,Sin dato,Sin dato,Sin dato,Sin dato,6.0,2.0,12.0,4.0,3.0,4.0,10.788732394366198,389.88,1,2,Bajo,Ascendente,Bajo valor / Ascendente
744,1,705,158,4730.31,1642,0,705,29.93867088607595,False,173,8.461957398743392,53.98028169014084,73.00416666666668,False,0.3524228548070068,Sin dato,Sin dato,Sin dato,Sin dato,Sin dato,Sin dato,6.0,2.0,12.0,4.0,3.0,4.0,10.39240506329114,1232.03,1,7,Alto,Ascendente,Alto valor / Ascendente
745,63,704,179,6687.400000000001,2671,1,642,37.35977653631285,False,142,8.808129961588515,75.28338028169014,57.715833333333336,False,-0.2333522602548368,Sin dato,Sin dato,Sin dato,Sin dato,Sin dato,Sin dato,6.0,2.0,12.0,4.0,3.0,4.0,14.921787709497206,834.81,1,9,Alto,Descendente,Alto valor / Descendente
746,105,588,39,569.0500000000001,118,117,484,14.591025641025643,False,54,6.345724076279729,6.971549295774648,0.0,False,-1.0,Sin dato,Sin dato,Sin dato,Sin dato,Sin dato,Sin dato,6.0,2.0,12.0,4.0,3.0,4.0,3.0256410256410255,37.8,0,0,Bajo,Descendente,Bajo valor / Descendente
747,117,692,134,1152.3,472,13,576,8.599253731343284,False,102,7.050382677231893,14.42225352112676,8.38,False,-0.4189534951854528,Sin dato,Sin dato,Sin dato,Sin dato,Sin dato,Sin dato,6.0,2.0,12.0,4.0,3.0,4.0,3.5223880597014925,302.27,1,3,Bajo,Descendente,Bajo valor / Descendente
748,62,702,84,2709.18,997,3,641,32.25214285714286,False,119,7.904770332332198,26.86605633802817,38.541666666666664,False,0.434585939288454,45-54,B,Under 15K,Homeowner,2 Adults Kids,1,3.0,1.0,0.0,0.0,1.0,0.0,11.869047619047619,733.78,1,3,Alto,Ascendente,Alto valor / Ascendente
749,86,705,77,1066.62,382,0,620,13.85220779220779,False,91,6.97318715096299,13.62056338028169,3.9324999999999997,False,-0.7112821334767233,Sin dato,Sin dato,Sin dato,Sin dato,Sin dato,Sin dato,6.0,2.0,12.0,4.0,3.0,4.0,4.961038961038961,238.67,1,3,Bajo,Descendente,Bajo valor / Descendente
750,86,701,48,586.8,341,4,616,12.225,False,64,6.376386753984817,4.379859154929578,13.909166666666666,False,2.175710947465457,Sin dato,Sin dato,Sin dato,Sin dato,Sin dato,Sin dato,6.0,2.0,12.0,4.0,3.0,4.0,7.104166666666667,131.4,0,0,Bajo,Ascendente,Bajo valor / Ascendente
751,30,655,27,521.04,225,50,626,19.297777777777778,False,57,6.257744213299327,5.8449295774647885,4.398333333333333,False,-0.24749592359655248,Sin dato,Sin dato,Sin dato,Sin dato,Sin dato,Sin dato,6.0,2.0,12.0,4.0,3.0,4.0,8.333333333333334,108.36,0,0,Bajo,Descendente,Bajo valor / Descendente
752,58,676,104,3650.39,1011,29,619,35.09990384615384,False,163,8.202863196000083,39.78225352112676,20.745,False,-0.47853632803925594,35-44,A,75-99K,Renter,Single Female,None/Unknown,2.0,0.0,5.0,3.0,4.0,3.0,9.721153846153847,542.98,1,3,Alto,Descendente,Alto valor / Descendente
753,33,689,48,2111.23,683,16,657,43.983958333333334,False,139,7.655499540411964,20.596901408450705,30.305833333333336,False,0.47137827833166945,45-54,A,75-99K,Homeowner,2 Adults Kids,2,3.0,0.0,5.0,0.0,1.0,1.0,14.229166666666666,581.45,0,0,Bajo,Ascendente,Bajo valor / Ascendente
754,112,699,32,1535.13,454,6,588,47.9728125,False,89,7.3370215455429095,17.99492957746479,14.845833333333333,False,-0.17499908685806134,Sin dato,Sin dato,Sin dato,Sin dato,Sin dato,Sin dato,6.0,2.0,12.0,4.0,3.0,4.0,14.1875,101.60000000000001,1,4,Bajo,Descendente,Bajo valor / Descendente
755,36,704,304,10549.18,1141,1,669,34.70125,False,146,9.26389820037004,125.3712676056338,75.80833333333334,False,-0.39532929050542087,35-44,U,50-74K,Homeowner,Unknown,None/Unknown,2.0,3.0,4.0,0.0,6.0,3.0,3.7532894736842106,555.09,1,7,Alto,Descendente,Alto valor / Descendente
756,55,641,24,690.42,272,64,587,28.7675,False,80,6.53874745388431,9.029436619718311,0.6358333333333334,False,-0.9295821699501369,Sin dato,Sin dato,Sin dato,Sin dato,Sin dato,Sin dato,6.0,2.0,12.0,4.0,3.0,4.0,11.333333333333334,151.94,0,0,Bajo,Descendente,Bajo valor / Descendente
757,115,668,40,2023.3700000000001,636,37,554,50.584250000000004,False,123,7.613013820024427,24.027042253521127,21.83,False,-0.0914403957981618,Sin dato,Sin dato,Sin dato,Sin dato,Sin dato,Sin dato,6.0,2.0,12.0,4.0,3.0,4.0,15.9,322.65,1,1,Bajo,Descendente,Bajo valor / Descendente
758,103,687,17,344.92,101,18,585,20.289411764705882,False,50,5.846207534450843,2.09887323943662,4.6325,False,1.2071366259562473,Sin dato,Sin dato,Sin dato,Sin dato,Sin dato,Sin dato,6.0,2.0,12.0,4.0,3.0,4.0,5.9411764705882355,51.57,0,0,Bajo,Ascendente,Bajo valor / Ascendente
759,28,705,41,1274.09,372,0,678,31.075365853658536,False,93,7.1507720433365884,8.256338028169015,31.00916666666667,False,2.7558014898214487,Sin dato,Sin dato,Sin dato,Sin dato,Sin dato,Sin dato,6.0,2.0,12.0,4.0,3.0,4.0,9.073170731707316,75.16,1,1,Bajo,Ascendente,Bajo valor / Ascendente
760,36,549,70,1872.52,461,156,514,26.750285714285713,False,86,7.535574293383594,23.451267605633802,0.0,False,-1.0,Sin dato,Sin dato,Sin dato,Sin dato,Sin dato,Sin dato,6.0,2.0,12.0,4.0,3.0,4.0,6.585714285714285,226.23,1,3,Bajo,Descendente,Bajo valor / Descendente
761,89,704,177,8987.85,2381,1,616,50.77881355932204,False,195,9.103740199372204,101.82225352112677,132.625,False,0.3025148767944138,25-34,A,125-149K,Homeowner,1 Adult Kids,3+,1.0,0.0,7.0,0.0,0.0,2.0,13.451977401129943,1796.4599999999998,1,6,Alto,Ascendente,Alto valor / Ascendente
762,86,704,880,8948.48,2752,1,619,10.168727272727272,False,211,9.099350709022339,100.71887323943662,122.20333333333333,False,0.21331116406378187,35-44,A,125-149K,Renter,Single Female,None/Unknown,2.0,0.0,7.0,3.0,4.0,3.0,3.1272727272727274,1117.38,1,11,Alto,Ascendente,Alto valor / Ascendente
763,71,619,40,2815.58,1033,86,549,70.3895,False,97,7.943278661978958,35.42943661971832,0.0,False,-1.0,Sin dato,Sin dato,Sin dato,Sin dato,Sin dato,Sin dato,6.0,2.0,12.0,4.0,3.0,4.0,25.825,495.1,1,2,Alto,Descendente,Alto valor / Descendente
764,118,703,112,3196.78,1088,2,586,28.542678571428574,False,171,8.07021209803193,32.874084507042255,70.93333333333334,False,1.1577280218446255,35-44,A,50-74K,Homeowner,2 Adults Kids,3+,2.0,0.0,4.0,0.0,1.0,2.0,9.714285714285714,901.0699999999999,1,1,Alto,Ascendente,Alto valor / Ascendente
765,86,697,28,1411.07,384,8,612,50.395357142857144,False,91,7.252811991895205,14.334084507042254,19.032500000000002,False,0.3277792516605747,Sin dato,Sin dato,Sin dato,Sin dato,Sin dato,Sin dato,6.0,2.0,12.0,4.0,3.0,4.0,13.714285714285714,232.05,0,0,Bajo,Ascendente,Bajo valor / Ascendente
766,113,701,122,8350.09,3031,4,589,68.4433606557377,False,186,9.030147348247594,100.4587323943662,90.93416666666667,False,-0.09481072974631392,45-54,A,150-174K,Homeowner,2 Adults No Kids,None/Unknown,3.0,0.0,8.0,0.0,2.0,3.0,24.84426229508197,1487.46,1,10,Alto,Descendente,Alto valor / Descendente
767,84,679,13,562.77,258,26,596,43.29,False,78,6.334646366906008,5.216619718309859,13.396666666666667,False,1.5680742300700181,Sin dato,Sin dato,Sin dato,Sin dato,Sin dato,Sin dato,6.0,2.0,12.0,4.0,3.0,4.0,19.846153846153847,134.63,0,0,Bajo,Ascendente,Bajo valor / Ascendente
768,109,705,462,6626.33,2680,0,597,14.342705627705628,False,172,8.798957287136346,75.84605633802816,89.02999999999999,False,0.1738250384860363,35-44,A,50-74K,Renter,Single Female,None/Unknown,2.0,0.0,4.0,3.0,4.0,3.0,5.800865800865801,1473.83,1,4,Alto,Ascendente,Alto valor / Ascendente
769,46,705,46,1543.63,719,0,660,33.55717391304348,False,123,7.342539678450757,17.39718309859155,24.954166666666666,False,0.4343797225820378,Sin dato,Sin dato,Sin dato,Sin dato,Sin dato,Sin dato,6.0,2.0,12.0,4.0,3.0,4.0,15.630434782608695,300.03,1,1,Bajo,Ascendente,Bajo valor / Ascendente
770,102,698,43,2246.36,697,7,597,52.24093023255814,False,120,7.7175114729706555,24.253098591549296,37.605,False,0.5505235282844647,25-34,A,50-74K,Homeowner,2 Adults Kids,3+,1.0,0.0,4.0,0.0,1.0,2.0,16.209302325581394,951.92,0,0,Alto,Ascendente,Alto valor / Ascendente
771,115,705,494,7928.01,3970,0,591,16.0486032388664,False,206,8.978283464464692,94.68211267605635,90.02,False,-0.049239635072436755,45-54,U,50-74K,Homeowner,Unknown,None/Unknown,3.0,3.0,4.0,0.0,6.0,3.0,8.036437246963562,1974.17,1,9,Alto,Descendente,Alto valor / Descendente
772,90,686,42,271.88,155,19,597,6.473333333333334,False,35,5.609032138110391,2.956197183098592,3.485,False,0.17887941302587054,Sin dato,Sin dato,Sin dato,Sin dato,Sin dato,Sin dato,6.0,2.0,12.0,4.0,3.0,4.0,3.6904761904761907,20.81,0,0,Bajo,Ascendente,Bajo valor / Ascendente
773,17,703,22,899.63,252,2,687,40.892272727272726,False,91,6.803094518438584,6.278591549295775,33.401666666666664,False,4.31992986076839,Sin dato,Sin dato,Sin dato,Sin dato,Sin dato,Sin dato,6.0,2.0,12.0,4.0,3.0,4.0,11.454545454545455,101.82,0,0,Bajo,Ascendente,Bajo valor / Ascendente
774,82,656,16,909.96,348,49,575,56.8725,False,86,6.81449898850235,7.305774647887325,14.108333333333334,False,0.9311207932499213,Sin dato,Sin dato,Sin dato,Sin dato,Sin dato,Sin dato,6.0,2.0,12.0,4.0,3.0,4.0,21.75,194.04,0,0,Bajo,Ascendente,Bajo valor / Ascendente
775,46,514,33,1121.0,370,191,469,33.96969696969697,False,105,7.022868086082641,14.119014084507043,0.0,False,-1.0,Sin dato,Sin dato,Sin dato,Sin dato,Sin dato,Sin dato,6.0,2.0,12.0,4.0,3.0,4.0,11.212121212121213,180.82,0,0,Bajo,Descendente,Bajo valor / Descendente
776,42,701,71,3150.7,1012,4,660,44.376056338028164,False,116,8.055697268783113,39.29450704225352,10.64,False,-0.7292242402084654,Sin dato,Sin dato,Sin dato,Sin dato,Sin dato,Sin dato,6.0,2.0,12.0,4.0,3.0,4.0,14.253521126760564,765.16,1,4,Alto,Descendente,Alto valor / Descendente
777,82,704,38,2641.15,611,1,623,69.50394736842105,False,131,7.879348258640947,25.015492957746478,64.53416666666666,False,1.5797679372407711,Sin dato,Sin dato,Sin dato,Sin dato,Sin dato,Sin dato,6.0,2.0,12.0,4.0,3.0,4.0,16.07894736842105,286.69000000000005,0,0,Alto,Ascendente,Alto valor / Ascendente
778,5,610,123,2285.59,819,95,606,18.582032520325203,False,95,7.734816903792963,12.383098591549297,0.0,False,-1.0,Sin dato,Sin dato,Sin dato,Sin dato,Sin dato,Sin dato,6.0,2.0,12.0,4.0,3.0,4.0,6.658536585365853,508.75,1,3,Alto,Descendente,Alto valor / Descendente
779,73,697,84,3864.29,1072,8,625,46.00345238095238,False,153,8.259791990548264,36.094647887323944,102.86916666666667,False,1.8499839363384738,65+,U,125-149K,Homeowner,2 Adults Kids,1,5.0,3.0,7.0,0.0,1.0,0.0,12.761904761904763,468.41,1,2,Alto,Ascendente,Alto valor / Ascendente
780,103,705,67,579.72,273,0,603,8.652537313432836,False,66,6.364268712976585,5.3884507042253516,3.7533333333333334,False,-0.30344851621447355,Sin dato,Sin dato,Sin dato,Sin dato,Sin dato,Sin dato,6.0,2.0,12.0,4.0,3.0,4.0,4.074626865671642,195.34,1,2,Bajo,Descendente,Bajo valor / Descendente
781,91,705,57,1665.51,542,0,615,29.219473684210527,False,96,7.418486898329851,18.60845070422535,22.7625,False,0.2232345594913715,Sin dato,Sin dato,Sin dato,Sin dato,Sin dato,Sin dato,6.0,2.0,12.0,4.0,3.0,4.0,9.508771929824562,592.22,0,0,Bajo,Ascendente,Bajo valor / Ascendente
782,70,663,70,1557.05,540,42,594,22.24357142857143,False,109,7.3511903183419305,19.622253521126762,6.015,False,-0.6934602851031453,Sin dato,Sin dato,Sin dato,Sin dato,Sin dato,Sin dato,6.0,2.0,12.0,4.0,3.0,4.0,7.714285714285714,307.16,0,0,Bajo,Descendente,Bajo valor / Descendente
783,27,586,17,387.34,149,119,560,22.784705882352938,False,56,5.961881244566308,5.170422535211268,0.0,False,-1.0,Sin dato,Sin dato,Sin dato,Sin dato,Sin dato,Sin dato,6.0,2.0,12.0,4.0,3.0,4.0,8.764705882352942,128.29,0,0,Bajo,Descendente,Bajo valor / Descendente
784,18,704,133,3092.86,839,1,687,23.254586466165414,False,120,8.037174781240472,28.223239436619718,40.125,False,0.4217007261022532,45-54,A,100-124K,Homeowner,Single Female,None/Unknown,3.0,0.0,6.0,0.0,4.0,3.0,6.30827067669173,409.38,1,4,Alto,Ascendente,Alto valor / Ascendente
785,42,651,102,2078.31,527,54,610,20.375588235294117,False,97,7.63979138689131,18.881267605633802,21.2175,False,0.1237328151457963,65+,A,75-99K,Homeowner,2 Adults No Kids,None/Unknown,5.0,0.0,5.0,0.0,2.0,3.0,5.166666666666667,216.69,1,1,Bajo,Ascendente,Bajo valor / Ascendente
786,104,701,203,7354.82,2148,4,598,36.23064039408867,False,165,8.903247115604266,80.06197183098591,116.87583333333333,False,0.4598170724556096,19-24,U,75-99K,Homeowner,2 Adults No Kids,None/Unknown,0.0,3.0,5.0,0.0,2.0,3.0,10.58128078817734,857.9,1,7,Alto,Ascendente,Alto valor / Ascendente
787,101,705,189,2497.6,834,0,605,13.214814814814813,False,82,7.823485853997729,28.89957746478873,25.6075,False,-0.11391438054067743,25-34,B,25-34K,Homeowner,Single Male,None/Unknown,1.0,1.0,2.0,0.0,5.0,3.0,4.412698412698413,404.86,1,3,Alto,Descendente,Alto valor / Descendente
788,63,705,293,7494.2,2655,0,643,25.577474402730374,False,157,8.922018094636979,85.29,87.20583333333333,False,0.022462578653222237,25-34,U,Under 15K,Unknown,1 Adult Kids,1,1.0,3.0,0.0,5.0,0.0,0.0,9.061433447098976,2119.9500000000003,1,12,Alto,Ascendente,Alto valor / Ascendente
789,8,705,25,349.74,110,0,698,13.989600000000001,False,56,5.8600452082411465,2.4688732394366197,9.865,False,2.99574990016544,Sin dato,Sin dato,Sin dato,Sin dato,Sin dato,Sin dato,6.0,2.0,12.0,4.0,3.0,4.0,4.4,41.77,0,0,Bajo,Ascendente,Bajo valor / Ascendente
790,106,704,58,2842.63,919,1,599,49.01086206896552,False,128,7.95283668400671,31.44450704225352,48.47833333333333,False,0.5417107117688513,45-54,U,50-74K,Homeowner,Unknown,None/Unknown,3.0,3.0,4.0,0.0,6.0,3.0,15.844827586206897,301.2,1,2,Alto,Ascendente,Alto valor / Ascendente
791,8,622,21,303.01,123,83,615,14.42904761904762,False,53,5.717060595602044,3.6004225352112678,3.7816666666666667,False,0.05033968365736935,Sin dato,Sin dato,Sin dato,Sin dato,Sin dato,Sin dato,6.0,2.0,12.0,4.0,3.0,4.0,5.857142857142857,64.99,0,0,Bajo,Ascendente,Bajo valor / Ascendente
792,106,642,21,331.72,136,63,537,15.796190476190478,False,51,5.807301295434656,2.488450704225352,4.608333333333333,False,0.8518885367142103,Sin dato,Sin dato,Sin dato,Sin dato,Sin dato,Sin dato,6.0,2.0,12.0,4.0,3.0,4.0,6.476190476190476,97.08,0,0,Bajo,Ascendente,Bajo valor / Ascendente
793,88,703,107,1832.03,454,2,616,17.121775700934577,False,112,7.5137256143178845,14.994225352112675,25.13,False,0.6759785457312205,Sin dato,Sin dato,Sin dato,Sin dato,Sin dato,Sin dato,6.0,2.0,12.0,4.0,3.0,4.0,4.242990654205608,422.35999999999996,1,1,Bajo,Ascendente,Bajo valor / Ascendente
794,97,697,32,1752.5,498,8,601,54.765625,False,126,7.469369069580233,18.632394366197186,32.3175,False,0.7344791745407815,Sin dato,Sin dato,Sin dato,Sin dato,Sin dato,Sin dato,6.0,2.0,12.0,4.0,3.0,4.0,15.5625,409.52,0,0,Bajo,Ascendente,Bajo valor / Ascendente
795,41,671,45,1295.91,478,34,631,28.798000000000002,False,98,7.167739791006702,12.787042253521127,15.030833333333334,False,0.1754738144541863,Sin dato,Sin dato,Sin dato,Sin dato,Sin dato,Sin dato,6.0,2.0,12.0,4.0,3.0,4.0,10.622222222222222,244.69,1,1,Bajo,Ascendente,Bajo valor / Ascendente
796,8,700,50,445.65,225,5,693,8.913,False,60,6.101775290147848,3.7115492957746476,4.066666666666666,False,0.09567901234567902,Sin dato,Sin dato,Sin dato,Sin dato,Sin dato,Sin dato,6.0,2.0,12.0,4.0,3.0,4.0,4.5,205.39000000000001,0,0,Bajo,Ascendente,Bajo valor / Ascendente
797,111,702,91,3029.94,739,3,592,33.29604395604396,False,150,8.016628081414824,38.15577464788732,14.611666666666666,False,-0.6170522862788815,25-34,U,75-99K,Homeowner,2 Adults No Kids,None/Unknown,1.0,3.0,5.0,0.0,2.0,3.0,8.12087912087912,235.31,1,5,Alto,Descendente,Alto valor / Descendente
798,42,705,54,1586.58,542,0,664,29.38111111111111,False,127,7.369966123197914,14.144647887323943,44.568333333333335,False,2.1508973350460203,Sin dato,Sin dato,Sin dato,Sin dato,Sin dato,Sin dato,6.0,2.0,12.0,4.0,3.0,4.0,10.037037037037036,335.12,0,0,Bajo,Ascendente,Bajo valor / Ascendente
799,30,695,67,2080.11,823,10,666,31.04641791044776,False,130,7.640656684198943,22.33450704225352,17.113333333333333,False,-0.23377161175048608,Sin dato,Sin dato,Sin dato,Sin dato,Sin dato,Sin dato,6.0,2.0,12.0,4.0,3.0,4.0,12.283582089552239,750.3,0,0,Bajo,Descendente,Bajo valor / Descendente
800,59,705,439,10282.17,4244,0,647,23.421799544419134,False,178,9.238263857232962,112.42661971830987,118.54166666666667,False,0.054391450740743974,25-34,A,35-49K,Homeowner,2 Adults No Kids,None/Unknown,1.0,0.0,3.0,0.0,2.0,3.0,9.66742596810934,1744.84,1,12,Alto,Ascendente,Alto valor / Ascendente
801,70,693,27,1508.8,363,12,624,55.88148148148148,False,85,7.3197324707055245,17.32154929577465,19.962500000000002,False,0.1524661945146891,Sin dato,Sin dato,Sin dato,Sin dato,Sin dato,Sin dato,6.0,2.0,12.0,4.0,3.0,4.0,13.444444444444445,631.99,0,0,Bajo,Ascendente,Bajo valor / Ascendente
802,54,702,59,2154.43,576,3,649,36.515762711864404,False,110,7.675745518596073,19.860281690140845,12.608333333333334,False,-0.3651483130980748,65+,U,35-49K,Homeowner,2 Adults No Kids,None/Unknown,5.0,3.0,3.0,0.0,2.0,3.0,9.76271186440678,263.89,1,3,Alto,Descendente,Alto valor / Descendente
803,20,701,64,1986.6,715,4,682,31.040625,False,97,7.594683159728166,20.083098591549298,26.795,False,0.3342064660915912,25-34,U,75-99K,Unknown,2 Adults No Kids,None/Unknown,1.0,3.0,5.0,5.0,2.0,3.0,11.171875,358.28,1,3,Bajo,Ascendente,Bajo valor / Ascendente
804,77,705,221,3917.7400000000002,2118,0,629,17.727330316742083,False,151,8.273525452543844,45.7969014084507,27.66,False,-0.39602900743638475,Sin dato,Sin dato,Sin dato,Sin dato,Sin dato,Sin dato,6.0,2.0,12.0,4.0,3.0,4.0,9.583710407239819,1135.47,1,6,Alto,Descendente,Alto valor / Descendente
805,11,704,300,5421.41,1834,1,694,18.071366666666666,False,129,8.598295645052916,49.638732394366194,97.46916666666668,False,0.9635708239344375,Sin dato,Sin dato,Sin dato,Sin dato,Sin dato,Sin dato,6.0,2.0,12.0,4.0,3.0,4.0,6.113333333333333,1344.25,1,7,Alto,Ascendente,Alto valor / Ascendente
806,49,705,124,5861.62,1795,0,657,47.27112903225807,False,178,8.676351881628202,66.41887323943662,60.443333333333335,False,-0.08996749891498117,35-44,A,75-99K,Homeowner,2 Adults No Kids,None/Unknown,2.0,0.0,5.0,0.0,2.0,3.0,14.475806451612904,977.5000000000001,1,9,Alto,Descendente,Alto valor / Descendente
807,26,704,123,4014.02,1441,1,679,32.63430894308943,False,130,8.297797607688505,40.18323943661972,44.09166666666667,False,0.0972651106492207,Sin dato,Sin dato,Sin dato,Sin dato,Sin dato,Sin dato,6.0,2.0,12.0,4.0,3.0,4.0,11.715447154471544,1087.06,1,5,Alto,Ascendente,Alto valor / Ascendente
808,98,699,204,2309.77,838,6,602,11.322401960784314,False,134,7.745336081305959,28.09718309859155,15.304166666666667,False,-0.45531313181947297,45-54,U,75-99K,Homeowner,2 Adults Kids,1,3.0,3.0,5.0,0.0,1.0,0.0,4.107843137254902,359.67,1,2,Alto,Descendente,Alto valor / Descendente
809,76,691,57,619.75,332,14,616,10.87280701754386,False,59,6.430928424388276,7.48,5.456666666666667,False,-0.27049910873440286,Sin dato,Sin dato,Sin dato,Sin dato,Sin dato,Sin dato,6.0,2.0,12.0,4.0,3.0,4.0,5.824561403508772,170.78,0,0,Bajo,Descendente,Bajo valor / Descendente
810,75,694,37,540.1,154,11,620,14.597297297297297,False,53,6.29360410464869,6.46830985915493,5.145833333333333,False,-0.2044547269098168,Sin dato,Sin dato,Sin dato,Sin dato,Sin dato,Sin dato,6.0,2.0,12.0,4.0,3.0,4.0,4.162162162162162,44.54,0,0,Bajo,Descendente,Bajo valor / Descendente
811,42,697,39,680.23,343,8,656,17.441794871794873,False,89,6.52389998774834,8.43169014084507,5.321666666666666,False,-0.3688493554943067,Sin dato,Sin dato,Sin dato,Sin dato,Sin dato,Sin dato,6.0,2.0,12.0,4.0,3.0,4.0,8.794871794871796,146.25,0,0,Bajo,Descendente,Bajo valor / Descendente
812,30,686,93,1165.27,348,19,657,12.529784946236559,False,66,7.061565900996291,9.710281690140846,11.280000000000001,False,0.16165528044906663,Sin dato,Sin dato,Sin dato,Sin dato,Sin dato,Sin dato,6.0,2.0,12.0,4.0,3.0,4.0,3.7419354838709675,219.75,1,3,Bajo,Ascendente,Bajo valor / Ascendente
813,19,698,32,2038.98,581,7,680,63.718125,False,131,7.620695282868635,20.95450704225352,31.44666666666667,False,0.5007113554738525,Sin dato,Sin dato,Sin dato,Sin dato,Sin dato,Sin dato,6.0,2.0,12.0,4.0,3.0,4.0,18.15625,246.46,0,0,Bajo,Ascendente,Bajo valor / Ascendente
814,113,687,23,773.76,284,18,575,33.64173913043478,False,83,6.652553303974038,5.635070422535211,24.3575,False,3.3224836911694875,Sin dato,Sin dato,Sin dato,Sin dato,Sin dato,Sin dato,6.0,2.0,12.0,4.0,3.0,4.0,12.347826086956522,127.71,0,0,Bajo,Ascendente,Bajo valor / Ascendente
815,97,694,47,1802.37,754,11,598,38.348297872340424,False,124,7.497412415682901,20.727605633802817,1.3966666666666667,False,-0.9326180413048303,Sin dato,Sin dato,Sin dato,Sin dato,Sin dato,Sin dato,6.0,2.0,12.0,4.0,3.0,4.0,16.04255319148936,467.41,0,0,Bajo,Descendente,Bajo valor / Descendente
816,20,696,106,3468.66,1197,9,677,32.72320754716981,False,152,8.151811885431352,35.09507042253521,26.82166666666667,False,-0.23574261730376897,25-34,U,50-74K,Unknown,Single Female,None/Unknown,1.0,3.0,4.0,5.0,4.0,3.0,11.29245283018868,476.46999999999997,1,9,Alto,Descendente,Alto valor / Descendente
817,99,702,146,4757.86,1887,3,604,32.58808219178082,False,143,8.467763422743447,55.920422535211266,56.030833333333334,False,0.0019744271076018033,35-44,A,150-174K,Homeowner,2 Adults Kids,1,2.0,0.0,8.0,0.0,1.0,0.0,12.924657534246576,1269.18,1,6,Alto,Ascendente,Alto valor / Ascendente
818,70,700,50,1627.23,457,5,631,32.5446,False,118,7.395248814225017,16.92943661971831,28.0025,False,0.6540715812943536,Sin dato,Sin dato,Sin dato,Sin dato,Sin dato,Sin dato,6.0,2.0,12.0,4.0,3.0,4.0,9.14,188.63,0,0,Bajo,Ascendente,Bajo valor / Ascendente
819,72,701,6,161.75,48,4,630,26.958333333333332,False,30,5.092215281088679,1.1571830985915492,0.9858333333333333,False,-0.14807489451476788,Sin dato,Sin dato,Sin dato,Sin dato,Sin dato,Sin dato,6.0,2.0,12.0,4.0,3.0,4.0,8.0,29.49,0,0,Bajo,Descendente,Bajo valor / Descendente
820,66,703,203,4493.59,1558,2,638,22.13591133004926,False,167,8.410629730287324,44.67661971830986,39.348333333333336,False,-0.11926341828392235,Sin dato,Sin dato,Sin dato,Sin dato,Sin dato,Sin dato,6.0,2.0,12.0,4.0,3.0,4.0,7.674876847290641,758.76,1,2,Alto,Descendente,Alto valor / Descendente
821,104,620,17,464.56,57,85,517,27.327058823529413,False,30,6.143240982073776,4.993098591549296,0.0,False,-1.0,Sin dato,Sin dato,Sin dato,Sin dato,Sin dato,Sin dato,6.0,2.0,12.0,4.0,3.0,4.0,3.3529411764705883,14.08,0,0,Bajo,Descendente,Bajo valor / Descendente
822,58,699,42,866.5600000000001,400,6,642,20.632380952380952,False,78,6.765684673694406,8.202957746478873,8.455,False,0.030725777373328107,Sin dato,Sin dato,Sin dato,Sin dato,Sin dato,Sin dato,6.0,2.0,12.0,4.0,3.0,4.0,9.523809523809524,215.37,0,0,Bajo,Ascendente,Bajo valor / Ascendente
823,90,705,117,2590.15,646,0,616,22.13803418803419,False,140,7.859857071591911,28.14901408450704,39.2825,False,0.3955195688939147,35-44,A,50-74K,Homeowner,2 Adults Kids,1,2.0,0.0,4.0,0.0,1.0,0.0,5.521367521367521,309.76,1,2,Alto,Ascendente,Alto valor / Ascendente
824,94,700,55,1105.67,480,5,607,20.10309090909091,False,117,7.009110785286081,9.321126760563379,33.93083333333333,False,2.6402072630200464,Sin dato,Sin dato,Sin dato,Sin dato,Sin dato,Sin dato,6.0,2.0,12.0,4.0,3.0,4.0,8.727272727272727,290.82,0,0,Bajo,Ascendente,Bajo valor / Ascendente
825,71,705,241,11831.44,3051,0,635,49.09311203319502,False,206,9.378600190987914,130.1787323943662,102.58749999999999,False,-0.21194884822492158,45-54,A,175-199K,Homeowner,2 Adults No Kids,None/Unknown,3.0,0.0,9.0,0.0,2.0,3.0,12.659751037344398,1932.6799999999998,1,8,Alto,Descendente,Alto valor / Descendente
826,24,685,26,203.01,89,20,662,7.808076923076923,False,33,5.318169012250638,1.5090140845070423,5.385000000000001,False,2.568555161470973,Sin dato,Sin dato,Sin dato,Sin dato,Sin dato,Sin dato,6.0,2.0,12.0,4.0,3.0,4.0,3.423076923076923,22.14,0,0,Bajo,Ascendente,Bajo valor / Ascendente
827,4,700,19,314.06,120,5,697,16.529473684210526,False,59,5.752763096877823,3.000704225352113,3.044166666666667,False,0.014484080419306936,Sin dato,Sin dato,Sin dato,Sin dato,Sin dato,Sin dato,6.0,2.0,12.0,4.0,3.0,4.0,6.315789473684211,65.55999999999999,0,0,Bajo,Ascendente,Bajo valor / Ascendente
828,59,500,37,1123.16,443,205,442,30.355675675675677,False,96,7.024791369077462,13.974929577464788,0.0,False,-1.0,Sin dato,Sin dato,Sin dato,Sin dato,Sin dato,Sin dato,6.0,2.0,12.0,4.0,3.0,4.0,11.972972972972974,217.67,0,0,Bajo,Descendente,Bajo valor / Descendente
829,91,698,32,1635.21,670,7,608,51.1003125,False,105,7.400137870783205,14.763098591549296,38.339999999999996,False,1.5970157797324884,Sin dato,Sin dato,Sin dato,Sin dato,Sin dato,Sin dato,6.0,2.0,12.0,4.0,3.0,4.0,20.9375,376.09,0,0,Bajo,Ascendente,Bajo valor / Ascendente
830,74,705,230,1692.43,809,0,632,7.358391304347826,False,92,7.434511336889212,16.329718309859157,10.7125,False,-0.3439874591386999,Sin dato,Sin dato,Sin dato,Sin dato,Sin dato,Sin dato,6.0,2.0,12.0,4.0,3.0,4.0,3.517391304347826,459.82,1,4,Bajo,Descendente,Bajo valor / Descendente
831,67,702,165,8783.66,2543,3,636,53.23430303030303,False,174,9.080762297538719,97.69197183098592,103.085,False,0.05520441514216129,45-54,B,50-74K,Homeowner,1 Adult Kids,2,3.0,1.0,4.0,0.0,0.0,1.0,15.412121212121212,1417.84,1,1,Alto,Ascendente,Alto valor / Ascendente
832,51,700,14,479.24,134,5,650,34.23142857142857,False,56,6.174285978943588,5.260140845070423,6.903333333333333,False,0.31238564454083756,Sin dato,Sin dato,Sin dato,Sin dato,Sin dato,Sin dato,6.0,2.0,12.0,4.0,3.0,4.0,9.571428571428571,48.32,0,0,Bajo,Ascendente,Bajo valor / Ascendente
833,110,605,34,1975.56,519,100,496,58.10470588235294,False,113,7.589113238967106,24.498732394366197,0.0,False,-1.0,Sin dato,Sin dato,Sin dato,Sin dato,Sin dato,Sin dato,6.0,2.0,12.0,4.0,3.0,4.0,15.264705882352942,605.05,0,0,Bajo,Descendente,Bajo valor / Descendente
834,48,697,27,937.61,246,8,650,34.7262962962963,False,85,6.844400057469341,5.903380281690141,2.248333333333333,False,-0.6191447567240859,Sin dato,Sin dato,Sin dato,Sin dato,Sin dato,Sin dato,6.0,2.0,12.0,4.0,3.0,4.0,9.11111111111111,142.42,1,2,Bajo,Descendente,Bajo valor / Descendente
835,111,588,17,273.81,69,117,478,16.106470588235293,False,34,5.6160799497879825,3.6625352112676057,0.0,False,-1.0,Sin dato,Sin dato,Sin dato,Sin dato,Sin dato,Sin dato,6.0,2.0,12.0,4.0,3.0,4.0,4.0588235294117645,16.02,0,0,Bajo,Descendente,Bajo valor / Descendente
836,91,691,75,1564.35,543,14,601,20.858,False,87,7.355864720142595,17.995070422535214,9.565,False,-0.46846554220639464,Sin dato,Sin dato,Sin dato,Sin dato,Sin dato,Sin dato,6.0,2.0,12.0,4.0,3.0,4.0,7.24,306.44,1,2,Bajo,Descendente,Bajo valor / Descendente
837,106,680,35,751.11,233,25,575,21.460285714285714,False,78,6.622882589848206,9.439436619718311,2.686666666666667,False,-0.7153784939818959,Sin dato,Sin dato,Sin dato,Sin dato,Sin dato,Sin dato,6.0,2.0,12.0,4.0,3.0,4.0,6.6571428571428575,222.17,0,0,Bajo,Descendente,Bajo valor / Descendente
838,46,647,31,374.38,187,58,602,12.076774193548387,False,61,5.927938846228104,4.283380281690141,3.420833333333333,False,-0.20137062124599944,Sin dato,Sin dato,Sin dato,Sin dato,Sin dato,Sin dato,6.0,2.0,12.0,4.0,3.0,4.0,6.032258064516129,53.72,0,0,Bajo,Descendente,Bajo valor / Descendente
839,88,692,10,846.7,260,13,605,84.67,False,101,6.74252679961436,7.008591549295775,15.119166666666667,False,1.1572332415613298,Sin dato,Sin dato,Sin dato,Sin dato,Sin dato,Sin dato,6.0,2.0,12.0,4.0,3.0,4.0,26.0,85.94,0,0,Bajo,Ascendente,Bajo valor / Ascendente
840,78,702,212,11786.29,3002,3,625,55.595707547169816,False,201,9.374777111300514,126.06873239436618,163.16166666666666,False,0.29422786735307976,35-44,A,75-99K,Homeowner,2 Adults Kids,3+,2.0,0.0,5.0,0.0,1.0,2.0,14.160377358490566,1251.54,1,5,Alto,Ascendente,Alto valor / Ascendente
841,65,698,156,2529.37,759,7,634,16.213910256410255,False,118,7.836120816088088,22.567042253521127,60.123333333333335,False,1.6642097204365502,Sin dato,Sin dato,Sin dato,Sin dato,Sin dato,Sin dato,6.0,2.0,12.0,4.0,3.0,4.0,4.865384615384615,535.25,1,1,Alto,Ascendente,Alto valor / Ascendente
842,113,700,506,7527.27,2739,5,588,14.876027667984191,False,154,8.926420546721936,89.82225352112677,89.17083333333333,False,-0.007252325145017831,Sin dato,Sin dato,Sin dato,Sin dato,Sin dato,Sin dato,6.0,2.0,12.0,4.0,3.0,4.0,5.413043478260869,1453.42,1,7,Alto,Descendente,Alto valor / Descendente
843,25,697,72,2547.2400000000002,871,8,673,35.37833333333334,False,125,7.843158203779074,22.138732394366198,52.163333333333334,False,1.3562023517935342,Sin dato,Sin dato,Sin dato,Sin dato,Sin dato,Sin dato,6.0,2.0,12.0,4.0,3.0,4.0,12.097222222222221,444.03,0,0,Alto,Ascendente,Alto valor / Ascendente
844,79,696,139,5331.2,1474,9,618,38.353956834532376,False,150,8.581519189972484,59.497323943661975,59.935,False,0.007356230958428699,45-54,A,200-249K,Homeowner,2 Adults No Kids,None/Unknown,3.0,0.0,10.0,0.0,2.0,3.0,10.60431654676259,616.9899999999999,1,4,Alto,Ascendente,Alto valor / Ascendente
845,82,705,117,5097.28,1671,0,624,43.566495726495724,False,177,8.536658506927232,55.209154929577466,52.556666666666665,False,-0.048044355438771086,19-24,B,50-74K,Homeowner,Single Female,None/Unknown,0.0,1.0,4.0,0.0,4.0,3.0,14.282051282051283,776.7,1,11,Alto,Descendente,Alto valor / Descendente
846,83,684,34,1120.9,380,21,602,32.96764705882353,False,94,7.022778955550919,10.33830985915493,20.913333333333334,False,1.0228967421414494,Sin dato,Sin dato,Sin dato,Sin dato,Sin dato,Sin dato,6.0,2.0,12.0,4.0,3.0,4.0,11.176470588235293,183.24,0,0,Bajo,Ascendente,Bajo valor / Ascendente
847,109,701,52,1435.24,423,4,593,27.60076923076923,False,114,7.269783866562573,16.48492957746479,21.245,False,0.2887528515161094,Sin dato,Sin dato,Sin dato,Sin dato,Sin dato,Sin dato,6.0,2.0,12.0,4.0,3.0,4.0,8.134615384615385,144.25,0,0,Bajo,Ascendente,Bajo valor / Ascendente
848,93,704,29,2684.13,861,1,612,92.55620689655173,False,112,7.89548442290311,26.672957746478872,61.74666666666667,False,1.3149538665174063,Sin dato,Sin dato,Sin dato,Sin dato,Sin dato,Sin dato,6.0,2.0,12.0,4.0,3.0,4.0,29.689655172413794,410.17999999999995,0,0,Alto,Ascendente,Alto valor / Ascendente
849,84,703,61,4565.16,1525,2,620,74.83868852459017,False,149,8.426427868087712,55.60183098591549,46.35583333333333,False,-0.16628944566455495,Sin dato,Sin dato,Sin dato,Sin dato,Sin dato,Sin dato,6.0,2.0,12.0,4.0,3.0,4.0,25.0,489.01,1,6,Alto,Descendente,Alto valor / Descendente
850,42,701,97,1252.91,537,4,660,12.916597938144331,False,101,7.134021948282324,13.845774647887323,19.149166666666666,False,0.3830332468677416,Sin dato,Sin dato,Sin dato,Sin dato,Sin dato,Sin dato,6.0,2.0,12.0,4.0,3.0,4.0,5.536082474226804,222.61,1,3,Bajo,Ascendente,Bajo valor / Ascendente
851,9,662,21,166.78,54,43,654,7.941904761904762,False,18,5.122653597418148,0.8040845070422535,0.2816666666666667,True,,Sin dato,Sin dato,Sin dato,Sin dato,Sin dato,Sin dato,6.0,2.0,12.0,4.0,3.0,4.0,2.5714285714285716,34.08,0,0,Bajo,Sin tendencia disponible,Sin tendencia disponible
852,101,704,95,1943.73,653,1,604,20.460315789473686,False,135,7.572878428935788,21.669436619718308,26.338333333333335,False,0.21545999536353982,25-34,U,35-49K,Unknown,2 Adults Kids,2,1.0,3.0,3.0,5.0,1.0,1.0,6.873684210526315,208.47,1,1,Bajo,Ascendente,Bajo valor / Ascendente
853,65,698,514,13441.43,2458,7,634,26.150642023346304,False,161,9.506171401305574,147.39830985915495,122.23666666666668,False,-0.17070509978392046,25-34,B,175-199K,Unknown,Single Female,None/Unknown,1.0,1.0,9.0,5.0,4.0,3.0,4.782101167315175,557.6899999999999,1,5,Alto,Descendente,Alto valor / Descendente
854,112,678,36,551.87,226,27,567,15.329722222222223,False,78,6.315122892512055,4.420985915492958,16.858333333333334,False,2.8132519884885365,Sin dato,Sin dato,Sin dato,Sin dato,Sin dato,Sin dato,6.0,2.0,12.0,4.0,3.0,4.0,6.277777777777778,90.27,1,1,Bajo,Ascendente,Bajo valor / Ascendente
855,112,705,212,5484.78,1631,0,594,25.871603773584905,False,164,8.609914568615421,56.79183098591549,108.42750000000001,False,0.9092094429371417,Sin dato,Sin dato,Sin dato,Sin dato,Sin dato,Sin dato,6.0,2.0,12.0,4.0,3.0,4.0,7.693396226415095,1186.39,1,3,Alto,Ascendente,Alto valor / Ascendente
856,99,704,181,5051.56,1728,1,606,27.909171270718236,False,154,8.527650324516518,54.89746478873239,67.355,False,0.2269236887205855,55-64,B,35-49K,Homeowner,Single Female,None/Unknown,4.0,1.0,3.0,0.0,4.0,3.0,9.546961325966851,1228.3799999999999,1,6,Alto,Ascendente,Alto valor / Ascendente
857,104,703,43,4040.81,1441,2,600,93.97232558139535,False,131,8.30444789042627,47.157183098591545,54.1525,False,0.14834043175953376,65+,A,35-49K,Homeowner,1 Adult Kids,1,5.0,0.0,3.0,0.0,0.0,0.0,33.51162790697674,546.96,1,5,Alto,Ascendente,Alto valor / Ascendente
858,70,694,40,550.53,218,11,625,13.76325,False,82,6.31269623431291,3.460140845070423,7.899166666666666,False,1.2829032170526853,Sin dato,Sin dato,Sin dato,Sin dato,Sin dato,Sin dato,6.0,2.0,12.0,4.0,3.0,4.0,5.45,84.33,0,0,Bajo,Ascendente,Bajo valor / Ascendente
859,74,705,193,7056.96,2296,0,632,36.564559585492226,False,179,8.861911336891302,77.35619718309859,89.9375,False,0.16264117517465398,25-34,U,50-74K,Unknown,Single Female,None/Unknown,1.0,3.0,4.0,5.0,4.0,3.0,11.896373056994818,999.53,1,7,Alto,Ascendente,Alto valor / Ascendente
860,76,636,52,261.06,150,69,561,5.020384615384615,False,29,5.568573485176439,1.3249295774647887,0.5658333333333333,False,-0.5729332766379647,Sin dato,Sin dato,Sin dato,Sin dato,Sin dato,Sin dato,6.0,2.0,12.0,4.0,3.0,4.0,2.8846153846153846,77.06,0,0,Bajo,Descendente,Bajo valor / Descendente
861,38,698,33,1360.65,385,7,661,41.231818181818184,False,76,7.216452478649004,10.89830985915493,10.891666666666666,False,-0.0006095617186625919,Sin dato,Sin dato,Sin dato,Sin dato,Sin dato,Sin dato,6.0,2.0,12.0,4.0,3.0,4.0,11.666666666666666,132.01,1,1,Bajo,Descendente,Bajo valor / Descendente
862,36,696,70,1748.1200000000001,666,9,661,24.973142857142857,False,117,7.466868083299649,19.84056338028169,11.779166666666667,False,-0.4063088612507217,Sin dato,Sin dato,Sin dato,Sin dato,Sin dato,Sin dato,6.0,2.0,12.0,4.0,3.0,4.0,9.514285714285714,313.84,1,1,Bajo,Descendente,Bajo valor / Descendente
863,35,701,142,2148.4900000000002,624,4,667,15.130211267605635,False,111,7.6729858836808065,19.444788732394365,60.81583333333333,False,2.12761605025907,45-54,U,15-24K,Unknown,Unknown,None/Unknown,3.0,3.0,1.0,5.0,6.0,3.0,4.394366197183099,314.3299999999999,1,3,Alto,Ascendente,Alto valor / Ascendente
864,21,704,108,7763.02,2633,1,684,71.87981481481482,False,163,8.95725552027734,84.09239436619718,89.12916666666666,False,0.059895693759602624,35-44,U,15-24K,Homeowner,Single Female,None/Unknown,2.0,3.0,1.0,0.0,4.0,3.0,24.37962962962963,1373.92,1,7,Alto,Ascendente,Alto valor / Ascendente
865,107,695,35,1887.73,408,10,589,53.93514285714286,False,90,7.543659924516987,17.985070422535212,39.0375,False,1.170550299935784,35-44,A,75-99K,Homeowner,2 Adults Kids,3+,2.0,0.0,5.0,0.0,1.0,2.0,11.657142857142857,447.41,0,0,Bajo,Ascendente,Bajo valor / Ascendente
866,30,693,136,5519.35,1723,12,664,40.58345588235294,False,140,8.61619654305818,56.13549295774648,67.065,False,0.19469869179701021,45-54,U,15-24K,Unknown,1 Adult Kids,1,3.0,3.0,1.0,5.0,0.0,0.0,12.669117647058824,1314.27,0,0,Alto,Ascendente,Alto valor / Ascendente
867,31,705,178,5974.42,1722,0,675,33.564157303370784,False,176,8.695409667216312,55.029154929577466,94.21333333333332,False,0.7120621505800168,45-54,U,75-99K,Homeowner,Unknown,None/Unknown,3.0,3.0,5.0,0.0,6.0,3.0,9.674157303370787,943.99,1,3,Alto,Ascendente,Alto valor / Ascendente
868,93,702,158,6622.12,1584,3,610,41.91215189873417,False,166,8.798321836998175,74.59535211267607,61.68,False,-0.1731388316683252,65+,A,35-49K,Homeowner,2 Adults No Kids,None/Unknown,5.0,0.0,3.0,0.0,2.0,3.0,10.025316455696203,869.25,1,6,Alto,Descendente,Alto valor / Descendente
869,64,705,127,1375.25,532,0,642,10.828740157480315,False,105,7.2271176880368895,13.043661971830986,31.34583333333333,False,1.4031467084188172,Sin dato,Sin dato,Sin dato,Sin dato,Sin dato,Sin dato,6.0,2.0,12.0,4.0,3.0,4.0,4.188976377952756,231.89999999999998,0,0,Bajo,Ascendente,Bajo valor / Ascendente
870,90,418,12,241.41,91,287,329,20.1175,True,46,5.4906305074696435,2.116619718309859,0.0,False,-1.0,Sin dato,Sin dato,Sin dato,Sin dato,Sin dato,Sin dato,6.0,2.0,12.0,4.0,3.0,4.0,7.583333333333333,37.6,0,0,Bajo,Descendente,Bajo valor / Descendente
871,110,701,131,10258.05,2479,4,592,78.3057251908397,False,178,9.23591552184521,118.57704225352111,121.08166666666666,False,0.021122338401649374,35-44,A,200-249K,Homeowner,2 Adults Kids,1,2.0,0.0,10.0,0.0,1.0,0.0,18.923664122137403,1245.18,1,6,Alto,Ascendente,Alto valor / Ascendente
872,44,690,9,172.07,48,15,647,19.11888888888889,False,33,5.153696136936908,0.967605633802817,0.41583333333333333,True,,Sin dato,Sin dato,Sin dato,Sin dato,Sin dato,Sin dato,6.0,2.0,12.0,4.0,3.0,4.0,5.333333333333333,17.16,0,0,Bajo,Sin tendencia disponible,Sin tendencia disponible
873,81,698,113,2938.15,1209,7,618,26.00132743362832,False,116,7.985875702884483,36.1487323943662,11.931666666666667,False,-0.6699284905346716,Sin dato,Sin dato,Sin dato,Sin dato,Sin dato,Sin dato,6.0,2.0,12.0,4.0,3.0,4.0,10.699115044247788,859.88,1,4,Alto,Descendente,Alto valor / Descendente
874,25,557,5,222.22,56,148,533,44.444,False,34,5.408157832227569,2.1549295774647885,0.0,False,-1.0,Sin dato,Sin dato,Sin dato,Sin dato,Sin dato,Sin dato,6.0,2.0,12.0,4.0,3.0,4.0,11.2,30.15,0,0,Bajo,Descendente,Bajo valor / Descendente
875,47,689,68,1473.27,625,16,643,21.665735294117646,False,118,7.295918231008705,17.514647887323942,13.094166666666666,False,-0.25238767282650065,25-34,U,25-34K,Unknown,2 Adults Kids,1,1.0,3.0,2.0,5.0,1.0,0.0,9.191176470588236,398.8,0,0,Bajo,Descendente,Bajo valor / Descendente
876,106,704,199,5884.09,1784,1,599,29.56829145728643,False,157,8.680177312695536,67.34112676056338,81.53833333333334,False,0.2108252008204322,Sin dato,Sin dato,Sin dato,Sin dato,Sin dato,Sin dato,6.0,2.0,12.0,4.0,3.0,4.0,8.964824120603016,893.7,1,8,Alto,Ascendente,Alto valor / Ascendente
877,89,700,63,3355.07,1007,5,612,53.25507936507937,False,137,8.11852592553405,34.1887323943662,48.20250000000001,False,0.40989433138337333,Sin dato,Sin dato,Sin dato,Sin dato,Sin dato,Sin dato,6.0,2.0,12.0,4.0,3.0,4.0,15.984126984126984,569.67,1,4,Alto,Ascendente,Alto valor / Ascendente
878,90,702,180,5875.11,2499,3,613,32.6395,False,148,8.678650257336383,67.08549295774648,63.9275,False,-0.047074155954038056,25-34,U,35-49K,Unknown,1 Adult Kids,2,1.0,3.0,3.0,5.0,0.0,1.0,13.883333333333333,1518.35,1,9,Alto,Descendente,Alto valor / Descendente
879,80,704,96,2448.6,652,1,625,25.506249999999998,False,113,7.803680024903419,27.37323943661972,25.176666666666666,False,-0.0802452619843925,35-44,B,50-74K,Homeowner,2 Adults No Kids,None/Unknown,2.0,1.0,4.0,0.0,2.0,3.0,6.791666666666667,435.49000000000007,1,2,Alto,Descendente,Alto valor / Descendente
880,83,673,12,197.39,85,32,591,16.449166666666667,False,55,5.29023479035468,0.34521126760563375,1.135,True,,Sin dato,Sin dato,Sin dato,Sin dato,Sin dato,Sin dato,6.0,2.0,12.0,4.0,3.0,4.0,7.083333333333333,44.2,0,0,Bajo,Sin tendencia disponible,Sin tendencia disponible
881,92,701,136,4213.93,2207,4,610,30.98477941176471,False,149,8.346388262943366,50.26929577464789,26.349166666666665,False,-0.47583974948073104,Sin dato,Sin dato,Sin dato,Sin dato,Sin dato,Sin dato,6.0,2.0,12.0,4.0,3.0,4.0,16.227941176470587,956.12,1,6,Alto,Descendente,Alto valor / Descendente
882,101,702,240,4609.8,1578,3,602,19.2075,False,153,8.436156656726858,48.94225352112676,50.028333333333336,False,0.022191046265120435,45-54,U,50-74K,Unknown,2 Adults No Kids,None/Unknown,3.0,3.0,4.0,5.0,2.0,3.0,6.575,976.28,1,3,Alto,Ascendente,Alto valor / Ascendente
883,39,705,350,10133.47,2114,0,667,28.952771428571427,False,179,9.223697763488133,109.94394366197184,112.8625,False,0.026545858196622463,35-44,A,35-49K,Homeowner,2 Adults No Kids,None/Unknown,2.0,0.0,3.0,0.0,2.0,3.0,6.04,1232.69,1,8,Alto,Ascendente,Alto valor / Ascendente
884,14,676,69,671.35,257,29,663,9.729710144927537,False,78,6.510779038269879,4.6198591549295775,4.9875,False,0.07957836651321601,Sin dato,Sin dato,Sin dato,Sin dato,Sin dato,Sin dato,6.0,2.0,12.0,4.0,3.0,4.0,3.7246376811594204,73.49,1,1,Bajo,Ascendente,Bajo valor / Ascendente
885,67,705,84,2462.12,689,0,639,29.31095238095238,False,116,7.809184118005569,18.42154929577465,69.98083333333334,False,2.7988570998957636,Sin dato,Sin dato,Sin dato,Sin dato,Sin dato,Sin dato,6.0,2.0,12.0,4.0,3.0,4.0,8.202380952380953,490.48,1,1,Alto,Ascendente,Alto valor / Ascendente
886,16,697,195,4846.51,1061,8,682,24.853897435897437,False,160,8.48622045003371,53.94239436619718,69.14416666666666,False,0.28181493385832396,35-44,A,100-124K,Homeowner,2 Adults No Kids,None/Unknown,2.0,0.0,6.0,0.0,2.0,3.0,5.441025641025641,660.6,1,3,Alto,Ascendente,Alto valor / Ascendente
887,5,694,48,1133.71,488,11,690,23.618958333333335,False,102,7.034132390660199,6.825774647887324,4.6000000000000005,False,-0.3260838165198192,Sin dato,Sin dato,Sin dato,Sin dato,Sin dato,Sin dato,6.0,2.0,12.0,4.0,3.0,4.0,10.166666666666666,249.69,0,0,Bajo,Descendente,Bajo valor / Descendente
888,12,698,78,8586.81,3224,7,687,110.08730769230769,False,167,9.05809903486013,93.74028169014085,108.19833333333334,False,0.15423520585295103,25-34,U,150-174K,Homeowner,2 Adults Kids,1,1.0,3.0,8.0,0.0,1.0,0.0,41.333333333333336,1423.74,1,12,Alto,Ascendente,Alto valor / Ascendente
889,37,701,213,12886.24,4195,4,665,60.498779342723005,False,165,9.463992953533927,139.64915492957746,135.355,False,-0.030749594809527762,25-34,A,50-74K,Homeowner,2 Adults Kids,2,1.0,0.0,4.0,0.0,1.0,1.0,19.694835680751172,2138.4,1,12,Alto,Descendente,Alto valor / Descendente
890,68,694,31,1068.91,364,11,627,34.48096774193549,False,102,6.975329811768794,12.749577464788732,3.105833333333333,False,-0.7563971557558752,Sin dato,Sin dato,Sin dato,Sin dato,Sin dato,Sin dato,6.0,2.0,12.0,4.0,3.0,4.0,11.741935483870968,329.38000000000005,0,0,Bajo,Descendente,Bajo valor / Descendente
891,77,701,111,6997.65,2465,4,625,63.041891891891886,False,160,8.853472552295264,75.72788732394366,93.64999999999999,False,0.23666463319371794,Sin dato,Sin dato,Sin dato,Sin dato,Sin dato,Sin dato,6.0,2.0,12.0,4.0,3.0,4.0,22.207207207207208,1473.93,1,7,Alto,Ascendente,Alto valor / Ascendente
892,73,605,22,443.31,205,100,533,20.150454545454547,False,87,6.0965225170034545,5.598028169014084,0.0,False,-1.0,Sin dato,Sin dato,Sin dato,Sin dato,Sin dato,Sin dato,6.0,2.0,12.0,4.0,3.0,4.0,9.318181818181818,158.11,0,0,Bajo,Descendente,Bajo valor / Descendente
893,58,705,107,4618.53,1447,0,648,43.163831775700935,False,122,8.438048247299042,47.62915492957747,84.895,False,0.7824166757844495,Sin dato,Sin dato,Sin dato,Sin dato,Sin dato,Sin dato,6.0,2.0,12.0,4.0,3.0,4.0,13.523364485981308,566.94,1,2,Alto,Ascendente,Alto valor / Ascendente
894,53,684,31,1095.29,360,21,632,35.331935483870964,False,87,6.9996870310480865,10.224929577464788,12.144166666666665,False,0.1877017415779347,Sin dato,Sin dato,Sin dato,Sin dato,Sin dato,Sin dato,6.0,2.0,12.0,4.0,3.0,4.0,11.612903225806452,172.78,0,0,Bajo,Ascendente,Bajo valor / Ascendente
895,20,700,211,8700.15,1845,5,681,41.23293838862559,False,146,9.071210479815198,86.84295774647887,112.72333333333334,False,0.2980135207094995,45-54,U,150-174K,Unknown,Single Male,None/Unknown,3.0,3.0,8.0,5.0,5.0,3.0,8.744075829383887,891.15,1,10,Alto,Ascendente,Alto valor / Ascendente
896,51,692,111,5171.55,1990,13,642,46.590540540540545,False,167,8.551121076078536,54.63774647887324,33.094166666666666,False,-0.3942984694754353,Sin dato,Sin dato,Sin dato,Sin dato,Sin dato,Sin dato,6.0,2.0,12.0,4.0,3.0,4.0,17.92792792792793,1504.5800000000002,1,8,Alto,Descendente,Alto valor / Descendente
897,69,699,61,824.76,286,6,631,13.520655737704917,False,84,6.716304174400417,6.1102816901408445,18.0925,False,1.960992785192357,Sin dato,Sin dato,Sin dato,Sin dato,Sin dato,Sin dato,6.0,2.0,12.0,4.0,3.0,4.0,4.688524590163935,98.85,0,0,Bajo,Ascendente,Bajo valor / Ascendente
898,106,704,311,8222.99,2338,1,599,26.44048231511254,False,162,9.0148107717409,97.31323943661971,97.37583333333333,False,0.0006432207690957577,55-64,A,125-149K,Homeowner,2 Adults No Kids,None/Unknown,4.0,0.0,7.0,0.0,2.0,3.0,7.517684887459807,1154.07,1,5,Alto,Ascendente,Alto valor / Ascendente
899,47,638,12,315.15,77,67,592,26.2625,False,46,5.756216784504622,1.4115492957746478,5.671666666666667,False,3.0180436373312047,Sin dato,Sin dato,Sin dato,Sin dato,Sin dato,Sin dato,6.0,2.0,12.0,4.0,3.0,4.0,6.416666666666667,57.37,0,0,Bajo,Ascendente,Bajo valor / Ascendente
900,62,705,1210,16323.31,4046,0,644,13.490338842975206,False,213,9.7004106867889,186.97521126760563,183.30666666666664,False,-0.019620486459504163,35-44,A,35-49K,Homeowner,2 Adults No Kids,None/Unknown,2.0,0.0,3.0,0.0,2.0,3.0,3.343801652892562,1474.8300000000002,1,8,Alto,Descendente,Alto valor / Descendente
901,104,644,75,2629.9,962,61,541,35.065333333333335,False,147,7.875081271956117,33.65577464788732,16.898333333333333,False,-0.49790686709408144,Sin dato,Sin dato,Sin dato,Sin dato,Sin dato,Sin dato,6.0,2.0,12.0,4.0,3.0,4.0,12.826666666666666,485.19,1,3,Alto,Descendente,Alto valor / Descendente
902,25,606,10,135.23000000000002,28,99,582,13.523000000000001,False,17,4.9143446337779695,1.7357746478873242,0.0,False,-1.0,Sin dato,Sin dato,Sin dato,Sin dato,Sin dato,Sin dato,6.0,2.0,12.0,4.0,3.0,4.0,2.8,5.32,0,0,Bajo,Descendente,Bajo valor / Descendente
903,64,701,72,2949.56,767,4,638,40.96611111111111,False,129,7.989750261826809,33.55042253521127,28.662499999999998,False,-0.14568885175980664,35-44,U,35-49K,Unknown,Single Male,None/Unknown,2.0,3.0,3.0,5.0,5.0,3.0,10.652777777777779,395.54,1,3,Alto,Descendente,Alto valor / Descendente
904,23,681,30,826.91,266,24,659,27.563666666666666,False,88,6.718904452825285,7.276619718309859,14.343333333333334,False,0.971153349850315,Sin dato,Sin dato,Sin dato,Sin dato,Sin dato,Sin dato,6.0,2.0,12.0,4.0,3.0,4.0,8.866666666666667,124.56,0,0,Bajo,Ascendente,Bajo valor / Ascendente
905,17,660,31,851.9300000000001,225,45,644,27.48161290322581,False,97,6.748677480818323,5.7830985915492965,6.998333333333334,False,0.21013557395681112,Sin dato,Sin dato,Sin dato,Sin dato,Sin dato,Sin dato,6.0,2.0,12.0,4.0,3.0,4.0,7.258064516129032,98.09,0,0,Bajo,Ascendente,Bajo valor / Ascendente
906,52,702,378,6989.27,1473,3,651,18.490132275132275,False,111,8.85227446109131,79.1050704225352,47.48500000000001,False,-0.39972242302090627,55-64,A,Under 15K,Homeowner,Single Female,None/Unknown,4.0,0.0,0.0,0.0,4.0,3.0,3.8968253968253967,1380.24,1,6,Alto,Descendente,Alto valor / Descendente
907,6,704,91,1943.65,777,1,699,21.35879120879121,False,105,7.572837291273739,18.492535211267604,30.544166666666666,False,0.6517025014534479,Sin dato,Sin dato,Sin dato,Sin dato,Sin dato,Sin dato,6.0,2.0,12.0,4.0,3.0,4.0,8.538461538461538,481.13,1,3,Bajo,Ascendente,Bajo valor / Ascendente
908,92,703,198,6084.21,1719,2,612,30.728333333333335,False,160,8.713616515918984,67.99028169014085,61.7575,False,-0.09167165564258357,45-54,A,100-124K,Probable Owner,2 Adults Kids,1,3.0,0.0,6.0,1.0,1.0,0.0,8.681818181818182,1562.33,1,4,Alto,Descendente,Alto valor / Descendente
909,67,697,709,12258.78,3483,8,631,17.290239774330043,False,229,9.414079264794124,144.70070422535213,72.10166666666667,False,-0.5017186194589771,Sin dato,Sin dato,Sin dato,Sin dato,Sin dato,Sin dato,6.0,2.0,12.0,4.0,3.0,4.0,4.9125528913963326,2153.28,1,12,Alto,Descendente,Alto valor / Descendente
910,57,642,34,1158.1100000000001,368,63,586,34.06205882352941,False,91,7.055407748240799,11.374647887323944,23.754166666666666,False,1.0883430328545485,Sin dato,Sin dato,Sin dato,Sin dato,Sin dato,Sin dato,6.0,2.0,12.0,4.0,3.0,4.0,10.823529411764707,166.44,0,0,Bajo,Ascendente,Bajo valor / Ascendente
911,83,691,75,3696.76,1374,14,609,49.29013333333334,False,154,8.215482509895061,42.16267605633803,45.41416666666667,False,0.07711774760178827,25-34,A,125-149K,Homeowner,2 Adults No Kids,None/Unknown,1.0,0.0,7.0,0.0,2.0,3.0,18.32,457.53000000000003,1,3,Alto,Ascendente,Alto valor / Ascendente
912,91,616,20,1164.11,347,89,526,58.205499999999994,False,104,7.060570782143315,12.479718309859154,0.0,False,-1.0,Sin dato,Sin dato,Sin dato,Sin dato,Sin dato,Sin dato,6.0,2.0,12.0,4.0,3.0,4.0,17.35,187.99,0,0,Bajo,Descendente,Bajo valor / Descendente
913,22,703,69,1830.63,528,2,682,26.530869565217394,False,91,7.512961559770883,17.1843661971831,30.788333333333338,False,0.7916478838992754,Sin dato,Sin dato,Sin dato,Sin dato,Sin dato,Sin dato,6.0,2.0,12.0,4.0,3.0,4.0,7.6521739130434785,285.44,1,2,Bajo,Ascendente,Bajo valor / Ascendente
914,81,692,58,1757.22,401,13,612,30.29689655172414,False,97,7.472057212622543,19.711830985915494,20.574166666666667,False,0.04374711214637184,45-54,B,15-24K,Homeowner,2 Adults No Kids,None/Unknown,3.0,1.0,1.0,0.0,2.0,3.0,6.913793103448276,161.23,0,0,Bajo,Ascendente,Bajo valor / Ascendente
915,75,704,118,962.06,508,1,630,8.153050847457626,False,65,6.870115715153181,10.86605633802817,11.749166666666667,False,0.08127238633466845,45-54,U,15-24K,Unknown,Single Female,None/Unknown,3.0,3.0,1.0,5.0,4.0,3.0,4.305084745762712,81.26,1,2,Bajo,Ascendente,Bajo valor / Ascendente
916,96,704,204,3689.7400000000002,1215,1,609,18.086960784313728,False,151,8.213582258934133,30.37845070422535,108.68583333333333,False,2.577727988551312,Sin dato,Sin dato,Sin dato,Sin dato,Sin dato,Sin dato,6.0,2.0,12.0,4.0,3.0,4.0,5.955882352941177,579.93,1,4,Alto,Ascendente,Alto valor / Ascendente
917,91,568,44,488.48,182,137,478,11.101818181818182,False,66,6.193343603117468,4.568732394366197,0.0,False,-1.0,Sin dato,Sin dato,Sin dato,Sin dato,Sin dato,Sin dato,6.0,2.0,12.0,4.0,3.0,4.0,4.136363636363637,114.21,0,0,Bajo,Descendente,Bajo valor / Descendente
918,13,605,152,3135.38,1469,100,593,20.6275,False,148,8.050824547598774,33.11211267605634,0.0,False,-1.0,Sin dato,Sin dato,Sin dato,Sin dato,Sin dato,Sin dato,6.0,2.0,12.0,4.0,3.0,4.0,9.664473684210526,523.4,1,5,Alto,Descendente,Alto valor / Descendente
919,117,705,134,1421.09,731,0,589,10.605149253731343,False,99,7.259882899499627,16.654084507042253,16.905,False,0.015066303575657232,Sin dato,Sin dato,Sin dato,Sin dato,Sin dato,Sin dato,6.0,2.0,12.0,4.0,3.0,4.0,5.455223880597015,218.64000000000001,1,1,Bajo,Ascendente,Bajo valor / Ascendente
920,49,703,236,5843.5,1703,2,655,24.760593220338983,False,174,8.673256327047826,62.036056338028175,112.02083333333333,False,0.8057375008324703,45-54,A,35-49K,Homeowner,2 Adults Kids,3+,3.0,0.0,3.0,0.0,1.0,2.0,7.216101694915254,1096.6100000000001,1,6,Alto,Ascendente,Alto valor / Ascendente
921,56,605,9,101.3,38,100,550,11.255555555555555,False,21,4.627909672957581,1.3095774647887324,0.0,False,-1.0,Sin dato,Sin dato,Sin dato,Sin dato,Sin dato,Sin dato,6.0,2.0,12.0,4.0,3.0,4.0,4.222222222222222,20.87,0,0,Bajo,Descendente,Bajo valor / Descendente
922,40,698,150,3336.9900000000002,955,7,659,22.2466,False,158,8.113124108411421,34.18704225352113,45.612500000000004,False,0.33420433571734626,45-54,U,35-49K,Unknown,Unknown,None/Unknown,3.0,3.0,3.0,5.0,6.0,3.0,6.366666666666666,376.2,1,4,Alto,Ascendente,Alto valor / Ascendente
923,45,696,162,3298.23,787,9,652,20.359444444444446,False,132,8.10144438689478,39.96352112676056,26.270833333333332,False,-0.34262966343719564,Sin dato,Sin dato,Sin dato,Sin dato,Sin dato,Sin dato,6.0,2.0,12.0,4.0,3.0,4.0,4.8580246913580245,644.83,1,2,Alto,Descendente,Alto valor / Descendente
924,3,699,94,2325.51,752,6,697,24.739468085106385,False,86,7.752124569577636,21.50718309859155,27.8275,False,0.293870046692556,Sin dato,Sin dato,Sin dato,Sin dato,Sin dato,Sin dato,6.0,2.0,12.0,4.0,3.0,4.0,8.0,287.52,1,3,Alto,Ascendente,Alto valor / Ascendente
925,44,651,79,485.24,240,54,608,6.142278481012658,False,49,6.186702329168483,3.4767605633802816,3.296666666666667,False,-0.051799338329619804,Sin dato,Sin dato,Sin dato,Sin dato,Sin dato,Sin dato,6.0,2.0,12.0,4.0,3.0,4.0,3.037974683544304,77.29,1,1,Bajo,Descendente,Bajo valor / Descendente
926,5,704,241,7274.1,1885,1,700,30.18298755186722,False,174,8.892212837649689,74.63408450704226,55.76333333333333,False,-0.2528436075601402,35-44,U,Under 15K,Homeowner,2 Adults No Kids,None/Unknown,2.0,3.0,0.0,0.0,2.0,3.0,7.821576763485477,1003.12,1,9,Alto,Descendente,Alto valor / Descendente
927,33,697,46,1530.88,513,8,665,33.28,False,127,7.334251018250939,18.91,13.329166666666667,False,-0.2951260356072624,Sin dato,Sin dato,Sin dato,Sin dato,Sin dato,Sin dato,6.0,2.0,12.0,4.0,3.0,4.0,11.152173913043478,475.05,1,1,Bajo,Descendente,Bajo valor / Descendente
928,59,705,136,3546.52,1170,0,647,26.07735294117647,False,161,8.174004046791385,32.35408450704225,28.5275,False,-0.11827206874635413,Sin dato,Sin dato,Sin dato,Sin dato,Sin dato,Sin dato,6.0,2.0,12.0,4.0,3.0,4.0,8.602941176470589,518.94,1,5,Alto,Descendente,Alto valor / Descendente
929,76,704,243,5319.96,2420,1,629,21.89283950617284,False,151,8.579409017184163,58.81535211267606,72.02083333333333,False,0.22452439280408873,45-54,B,25-34K,Renter,1 Adult Kids,1,3.0,1.0,2.0,3.0,0.0,0.0,9.958847736625515,1166.0,1,5,Alto,Ascendente,Alto valor / Ascendente
930,66,685,41,935.01,127,20,620,22.805121951219512,False,43,6.841626160181205,12.352535211267606,2.345833333333333,False,-0.8100929652729477,Sin dato,Sin dato,Sin dato,Sin dato,Sin dato,Sin dato,6.0,2.0,12.0,4.0,3.0,4.0,3.097560975609756,455.96,0,0,Bajo,Descendente,Bajo valor / Descendente
931,94,668,42,4967.07,1511,37,575,118.26357142857142,False,124,8.510786713691182,62.75915492957746,23.673333333333332,False,-0.6227907568242854,Sin dato,Sin dato,Sin dato,Sin dato,Sin dato,Sin dato,6.0,2.0,12.0,4.0,3.0,4.0,35.976190476190474,1122.33,1,4,Alto,Descendente,Alto valor / Descendente
932,8,691,158,5845.96,1857,14,684,36.99974683544304,False,160,8.673677147037168,63.61521126760564,35.7725,False,-0.437673800224944,19-24,U,15-24K,Unknown,2 Adults No Kids,None/Unknown,0.0,3.0,1.0,5.0,2.0,3.0,11.753164556962025,848.4300000000001,1,12,Alto,Descendente,Alto valor / Descendente
933,55,658,79,2175.19,762,47,604,27.53405063291139,False,105,7.685330920340468,24.51394366197183,19.525833333333335,False,-0.20348053325979074,Sin dato,Sin dato,Sin dato,Sin dato,Sin dato,Sin dato,6.0,2.0,12.0,4.0,3.0,4.0,9.645569620253164,452.55,0,0,Alto,Descendente,Alto valor / Descendente
934,35,704,231,10573.32,4806,1,670,45.77194805194805,False,200,9.266183699246506,114.3761971830986,158.39333333333335,False,0.3848452495738263,45-54,U,Under 15K,Unknown,Single Female,None/Unknown,3.0,3.0,0.0,5.0,4.0,3.0,20.805194805194805,3402.06,1,9,Alto,Ascendente,Alto valor / Ascendente
935,41,690,57,1564.67,418,15,650,27.450350877192985,False,102,7.356069126375141,14.045915492957747,12.526666666666666,False,-0.10816303337812282,Sin dato,Sin dato,Sin dato,Sin dato,Sin dato,Sin dato,6.0,2.0,12.0,4.0,3.0,4.0,7.333333333333333,125.03,1,1,Bajo,Descendente,Bajo valor / Descendente
936,66,704,499,7075.9800000000005,2347,1,639,14.180320641282567,False,192,8.864602542015552,86.31338028169014,60.89416666666667,False,-0.29449910931614515,Sin dato,Sin dato,Sin dato,Sin dato,Sin dato,Sin dato,6.0,2.0,12.0,4.0,3.0,4.0,4.703406813627255,1853.35,1,10,Alto,Descendente,Alto valor / Descendente
937,80,701,65,1620.94,759,4,622,24.937538461538463,False,100,7.39137824262248,15.36338028169014,37.884166666666665,False,1.4658744346656887,Sin dato,Sin dato,Sin dato,Sin dato,Sin dato,Sin dato,6.0,2.0,12.0,4.0,3.0,4.0,11.676923076923076,342.85,0,0,Bajo,Ascendente,Bajo valor / Ascendente
938,51,642,26,1647.3600000000001,502,63,592,63.36000000000001,False,109,7.407536133215374,15.216478873239438,0.5516666666666666,False,-0.9637454452332689,Sin dato,Sin dato,Sin dato,Sin dato,Sin dato,Sin dato,6.0,2.0,12.0,4.0,3.0,4.0,19.307692307692307,252.86,1,2,Bajo,Descendente,Bajo valor / Descendente
939,84,704,153,5149.57,2272,1,621,33.65732026143791,False,166,8.546862667144897,51.48253521126761,91.72333333333334,False,0.7816397921534082,45-54,U,75-99K,Homeowner,2 Adults No Kids,None/Unknown,3.0,3.0,5.0,0.0,2.0,3.0,14.84967320261438,1328.82,1,2,Alto,Ascendente,Alto valor / Ascendente
940,103,681,65,1261.6200000000001,524,24,579,19.409538461538464,False,100,7.140944206137547,12.53281690140845,20.517500000000002,False,0.6371020307249701,Sin dato,Sin dato,Sin dato,Sin dato,Sin dato,Sin dato,6.0,2.0,12.0,4.0,3.0,4.0,8.061538461538461,202.67,1,1,Bajo,Ascendente,Bajo valor / Ascendente
941,99,704,120,2194.78,646,1,606,18.289833333333334,False,138,7.694292615461492,20.377042253521125,40.99,False,1.011577514048536,19-24,A,200-249K,Unknown,2 Adults No Kids,None/Unknown,0.0,0.0,10.0,5.0,2.0,3.0,5.383333333333334,272.82,1,5,Alto,Ascendente,Alto valor / Ascendente
942,84,680,215,5890.14,2170,25,597,27.396,False,153,8.681204806304656,74.05971830985915,12.918333333333335,False,-0.8255686947216813,Sin dato,Sin dato,Sin dato,Sin dato,Sin dato,Sin dato,6.0,2.0,12.0,4.0,3.0,4.0,10.093023255813954,787.9100000000001,1,7,Alto,Descendente,Alto valor / Descendente
943,53,679,144,3434.14,1427,26,627,23.848194444444445,False,142,8.141812960740028,39.91014084507042,14.331666666666665,False,-0.6409016264236795,Sin dato,Sin dato,Sin dato,Sin dato,Sin dato,Sin dato,6.0,2.0,12.0,4.0,3.0,4.0,9.909722222222221,703.6700000000001,1,3,Alto,Descendente,Alto valor / Descendente
944,70,701,104,2859.76,642,4,632,27.49769230769231,False,149,7.958842602778536,29.03535211267606,36.7125,False,0.2644069153193532,Sin dato,Sin dato,Sin dato,Sin dato,Sin dato,Sin dato,6.0,2.0,12.0,4.0,3.0,4.0,6.173076923076923,362.53999999999996,1,1,Alto,Ascendente,Alto valor / Ascendente
945,67,703,51,1926.03,579,2,637,37.76529411764706,False,108,7.563735236533971,17.30830985915493,41.78416666666667,False,1.414110159032406,Sin dato,Sin dato,Sin dato,Sin dato,Sin dato,Sin dato,6.0,2.0,12.0,4.0,3.0,4.0,11.352941176470589,327.77,0,0,Bajo,Ascendente,Bajo valor / Ascendente
946,23,705,135,2525.76,1202,0,683,18.709333333333333,False,136,7.834693128600052,26.400563380281692,31.790000000000003,False,0.20414097010307078,19-24,U,Under 15K,Unknown,Single Female,None/Unknown,0.0,3.0,0.0,5.0,4.0,3.0,8.903703703703703,543.25,1,3,Alto,Ascendente,Alto valor / Ascendente
947,9,704,218,2260.13,934,1,696,10.36756880733945,False,103,7.723619967307982,21.493661971830985,22.36916666666667,False,0.04073315640597197,65+,B,35-49K,Homeowner,Single Male,None/Unknown,5.0,1.0,3.0,0.0,5.0,3.0,4.284403669724771,329.9,1,7,Alto,Ascendente,Alto valor / Ascendente
948,52,372,4,304.85,107,333,321,76.2125,True,46,5.723094785688574,0.20211267605633804,0.0,True,,Sin dato,Sin dato,Sin dato,Sin dato,Sin dato,Sin dato,6.0,2.0,12.0,4.0,3.0,4.0,26.75,74.48,0,0,Bajo,Sin tendencia disponible,Sin tendencia disponible
949,116,705,133,5789.16,1977,0,590,43.52751879699248,False,157,8.663915204036702,63.625774647887326,99.18,False,0.5588022393263427,25-34,U,50-74K,Homeowner,2 Adults No Kids,None/Unknown,1.0,3.0,4.0,0.0,2.0,3.0,14.864661654135338,879.15,1,8,Alto,Ascendente,Alto valor / Ascendente
950,83,610,58,2027.0,750,95,528,34.94827586206897,False,118,7.614805364711073,24.420704225352114,0.0,False,-1.0,Sin dato,Sin dato,Sin dato,Sin dato,Sin dato,Sin dato,6.0,2.0,12.0,4.0,3.0,4.0,12.931034482758621,343.34,0,0,Bajo,Descendente,Bajo valor / Descendente
951,18,701,17,565.8,159,4,684,33.28235294117647,False,63,6.3400065078165255,4.26943661971831,13.8375,False,2.241059941279319,Sin dato,Sin dato,Sin dato,Sin dato,Sin dato,Sin dato,6.0,2.0,12.0,4.0,3.0,4.0,9.352941176470589,69.41,0,0,Bajo,Ascendente,Bajo valor / Ascendente
952,101,702,110,2190.29,877,3,602,19.911727272727273,False,133,7.692245690489827,23.603521126760562,23.804166666666664,False,0.008500661355928769,Sin dato,Sin dato,Sin dato,Sin dato,Sin dato,Sin dato,6.0,2.0,12.0,4.0,3.0,4.0,7.972727272727273,341.6,1,4,Alto,Ascendente,Alto valor / Ascendente
953,21,700,114,2513.39,956,5,680,22.047280701754385,False,151,7.829785508383499,16.558028169014086,55.76416666666666,False,2.3678023794536776,Sin dato,Sin dato,Sin dato,Sin dato,Sin dato,Sin dato,6.0,2.0,12.0,4.0,3.0,4.0,8.385964912280702,569.4,1,2,Alto,Ascendente,Alto valor / Ascendente
954,59,694,53,2537.43,995,11,636,47.87603773584905,False,139,7.839301058667474,22.859154929577464,40.097500000000004,False,0.7541112138016022,Sin dato,Sin dato,Sin dato,Sin dato,Sin dato,Sin dato,6.0,2.0,12.0,4.0,3.0,4.0,18.77358490566038,890.27,1,3,Alto,Ascendente,Alto valor / Ascendente
955,58,704,267,3994.76,1821,1,647,14.961647940074908,False,123,8.292989077904707,43.876056338028164,55.96,False,0.27541088854648194,19-24,U,Under 15K,Unknown,Single Female,None/Unknown,0.0,3.0,0.0,5.0,4.0,3.0,6.820224719101123,678.2300000000001,1,7,Alto,Ascendente,Alto valor / Ascendente
956,51,705,615,10169.06,2498,0,655,16.535056910569104,False,173,9.227203388730217,109.32971830985915,104.60583333333334,False,-0.04320769365871328,45-54,U,50-74K,Homeowner,2 Adults No Kids,None/Unknown,3.0,3.0,4.0,0.0,2.0,3.0,4.061788617886179,1151.14,1,4,Alto,Descendente,Alto valor / Descendente
957,30,696,575,3751.38,1497,9,667,6.524139130434783,False,157,8.230145584315409,39.41845070422535,24.113333333333333,False,-0.3882729305048873,Sin dato,Sin dato,Sin dato,Sin dato,Sin dato,Sin dato,6.0,2.0,12.0,4.0,3.0,4.0,2.603478260869565,702.72,1,4,Alto,Descendente,Alto valor / Descendente
958,104,516,10,310.99,108,189,413,31.099,False,47,5.742971136013778,2.8166197183098594,0.0,False,-1.0,Sin dato,Sin dato,Sin dato,Sin dato,Sin dato,Sin dato,6.0,2.0,12.0,4.0,3.0,4.0,10.8,60.47,0,0,Bajo,Descendente,Bajo valor / Descendente
959,107,696,59,1000.2,292,9,590,16.952542372881357,False,94,6.908954559557619,10.108732394366198,20.230833333333333,False,1.0013224748741383,Sin dato,Sin dato,Sin dato,Sin dato,Sin dato,Sin dato,6.0,2.0,12.0,4.0,3.0,4.0,4.9491525423728815,134.29,0,0,Bajo,Ascendente,Bajo valor / Ascendente
960,33,676,105,2423.53,603,29,644,23.081238095238096,False,112,7.79339297015415,24.770281690140845,16.665833333333335,False,-0.32718434364972404,35-44,A,125-149K,Homeowner,2 Adults Kids,3+,2.0,0.0,7.0,0.0,1.0,2.0,5.742857142857143,222.25,1,5,Alto,Descendente,Alto valor / Descendente
961,105,698,72,3956.27,1176,7,594,54.94819444444445,False,158,8.28330967256786,43.17366197183099,55.666666666666664,False,0.289366343373579,Sin dato,Sin dato,Sin dato,Sin dato,Sin dato,Sin dato,6.0,2.0,12.0,4.0,3.0,4.0,16.333333333333332,351.83,1,8,Alto,Ascendente,Alto valor / Ascendente
962,112,692,53,1530.44,641,13,581,28.87622641509434,False,116,7.333963748228201,18.18605633802817,12.716666666666667,False,-0.3007463283793238,Sin dato,Sin dato,Sin dato,Sin dato,Sin dato,Sin dato,6.0,2.0,12.0,4.0,3.0,4.0,12.09433962264151,511.82,0,0,Bajo,Descendente,Bajo valor / Descendente
963,32,588,43,2036.66,652,117,557,47.36418604651163,False,118,7.6195573696392485,21.051830985915494,0.0,False,-1.0,Sin dato,Sin dato,Sin dato,Sin dato,Sin dato,Sin dato,6.0,2.0,12.0,4.0,3.0,4.0,15.162790697674419,269.57,0,0,Bajo,Descendente,Bajo valor / Descendente
964,101,705,86,2006.71,791,0,605,23.333837209302327,False,113,7.604750048070957,21.09380281690141,41.31416666666667,False,0.9585926267199055,Sin dato,Sin dato,Sin dato,Sin dato,Sin dato,Sin dato,6.0,2.0,12.0,4.0,3.0,4.0,9.19767441860465,329.06,1,1,Bajo,Ascendente,Bajo valor / Ascendente
965,6,704,52,1764.07,592,1,699,33.92442307692308,False,96,7.475945628637615,22.353661971830988,12.644166666666665,False,-0.43435815202895,Sin dato,Sin dato,Sin dato,Sin dato,Sin dato,Sin dato,6.0,2.0,12.0,4.0,3.0,4.0,11.384615384615385,419.04,1,1,Bajo,Descendente,Bajo valor / Descendente
966,90,654,16,202.06,50,51,565,12.62875,False,15,5.313501501873077,2.3583098591549296,0.9141666666666667,False,-0.6123636327440676,Sin dato,Sin dato,Sin dato,Sin dato,Sin dato,Sin dato,6.0,2.0,12.0,4.0,3.0,4.0,3.125,31.3,0,0,Bajo,Descendente,Bajo valor / Descendente
967,89,666,10,299.38,118,39,578,29.938,False,49,5.705048339777434,3.2647887323943663,0.38166666666666665,False,-0.8830960598216853,Sin dato,Sin dato,Sin dato,Sin dato,Sin dato,Sin dato,6.0,2.0,12.0,4.0,3.0,4.0,11.8,69.56,0,0,Bajo,Descendente,Bajo valor / Descendente
968,35,698,164,9384.32,3465,7,664,57.221463414634144,False,175,9.14690204540256,93.3574647887324,111.74666666666667,False,0.19697623451481855,35-44,B,35-49K,Renter,1 Adult Kids,1,2.0,1.0,3.0,3.0,0.0,0.0,21.128048780487806,2026.3899999999999,1,10,Alto,Ascendente,Alto valor / Ascendente
969,60,684,8,311.59000000000003,129,21,625,38.948750000000004,False,40,5.744892427712418,2.427605633802817,1.2516666666666667,False,-0.4844028003403729,Sin dato,Sin dato,Sin dato,Sin dato,Sin dato,Sin dato,6.0,2.0,12.0,4.0,3.0,4.0,16.125,51.29,0,0,Bajo,Descendente,Bajo valor / Descendente
970,94,700,15,691.45,194,5,607,46.09666666666667,False,67,6.540236033288727,7.789718309859156,9.748333333333333,False,0.2514359243254318,Sin dato,Sin dato,Sin dato,Sin dato,Sin dato,Sin dato,6.0,2.0,12.0,4.0,3.0,4.0,12.933333333333334,109.7,0,0,Bajo,Ascendente,Bajo valor / Ascendente
971,50,703,125,3630.58,1330,2,654,29.04464,False,153,8.197423094267986,39.23845070422535,43.6525,False,0.112492955673689,25-34,A,35-49K,Homeowner,2 Adults Kids,1,1.0,0.0,3.0,0.0,1.0,0.0,10.64,455.91,1,3,Alto,Ascendente,Alto valor / Ascendente
972,91,703,196,4200.5,1281,2,613,21.431122448979593,False,146,8.343196883368273,45.10507042253521,40.454166666666666,False,-0.10311265922655298,Sin dato,Sin dato,Sin dato,Sin dato,Sin dato,Sin dato,6.0,2.0,12.0,4.0,3.0,4.0,6.535714285714286,531.38,1,7,Alto,Descendente,Alto valor / Descendente
973,95,700,83,13231.27,3513,5,606,159.41289156626507,False,189,9.490413822133888,153.12901408450705,153.62416666666667,False,0.0032335647500894914,35-44,A,50-74K,Homeowner,2 Adults Kids,2,2.0,0.0,4.0,0.0,1.0,1.0,42.325301204819276,1540.69,1,9,Alto,Ascendente,Alto valor / Ascendente
974,68,690,39,1829.65,598,15,623,46.91410256410256,False,101,7.512426374026816,23.540281690140848,5.241666666666666,False,-0.7773320329950858,Sin dato,Sin dato,Sin dato,Sin dato,Sin dato,Sin dato,6.0,2.0,12.0,4.0,3.0,4.0,15.333333333333334,328.71,0,0,Bajo,Descendente,Bajo valor / Descendente
975,109,705,179,4697.63,1127,0,597,26.243743016759776,False,101,8.455026255845166,56.03985915492957,50.21083333333333,False,-0.1040157114863749,Sin dato,Sin dato,Sin dato,Sin dato,Sin dato,Sin dato,6.0,2.0,12.0,4.0,3.0,4.0,6.29608938547486,470.51,1,4,Alto,Descendente,Alto valor / Descendente
976,68,700,81,6095.91,1807,5,633,75.25814814814815,False,180,8.715537364440822,60.14535211267605,125.61166666666666,False,1.088468389566434,25-34,A,200-249K,Homeowner,2 Adults Kids,3+,1.0,0.0,10.0,0.0,1.0,2.0,22.308641975308642,651.94,1,3,Alto,Ascendente,Alto valor / Ascendente
977,114,697,34,1036.52,426,8,584,30.485882352941175,False,98,6.944588529027486,10.562535211267607,17.905833333333334,False,0.6952211732494153,Sin dato,Sin dato,Sin dato,Sin dato,Sin dato,Sin dato,6.0,2.0,12.0,4.0,3.0,4.0,12.529411764705882,215.67,0,0,Bajo,Ascendente,Bajo valor / Ascendente
978,110,703,70,2831.48,876,2,594,40.449714285714286,False,148,7.948907931976969,26.12732394366197,42.2125,False,0.6156457542694498,Sin dato,Sin dato,Sin dato,Sin dato,Sin dato,Sin dato,6.0,2.0,12.0,4.0,3.0,4.0,12.514285714285714,382.39,1,3,Alto,Ascendente,Alto valor / Ascendente
979,24,699,203,12730.62,4468,6,676,62.71241379310345,False,193,9.451843941899403,128.73647887323946,165.52333333333334,False,0.2857531507935377,35-44,B,35-49K,Homeowner,1 Adult Kids,1,2.0,1.0,3.0,0.0,0.0,0.0,22.00985221674877,3297.33,1,13,Alto,Ascendente,Alto valor / Ascendente
980,69,697,29,1330.22,385,8,629,45.86965517241379,False,88,7.193851093992546,13.559577464788733,23.113333333333333,False,0.704576222478438,Sin dato,Sin dato,Sin dato,Sin dato,Sin dato,Sin dato,6.0,2.0,12.0,4.0,3.0,4.0,13.275862068965518,275.58,0,0,Bajo,Ascendente,Bajo valor / Ascendente
981,80,690,36,1394.1100000000001,380,15,611,38.725277777777784,False,89,7.240728544193323,15.122676056338028,15.608333333333334,False,0.032114506399928064,45-54,A,25-34K,Homeowner,Single Female,None/Unknown,3.0,0.0,2.0,0.0,4.0,3.0,10.555555555555555,232.52,0,0,Bajo,Ascendente,Bajo valor / Ascendente
982,66,705,406,18579.68,5746,0,640,45.76275862068965,False,194,9.829877610191124,201.6314084507042,212.20333333333335,False,0.05243193490469421,45-54,U,35-49K,Unknown,2 Adults Kids,2,3.0,3.0,3.0,5.0,1.0,1.0,14.152709359605911,2627.65,1,14,Alto,Ascendente,Alto valor / Ascendente
983,64,704,193,3732.68,1555,1,641,19.340310880829016,False,154,8.225149621446976,37.56464788732394,60.01333333333333,False,0.5976013807808009,45-54,A,35-49K,Homeowner,2 Adults Kids,1,3.0,0.0,3.0,0.0,1.0,0.0,8.05699481865285,860.78,1,6,Alto,Ascendente,Alto valor / Ascendente
984,71,684,32,1219.71,422,21,614,38.1159375,False,106,7.1071879356631715,14.603802816901407,12.765833333333333,False,-0.12585553958869797,Sin dato,Sin dato,Sin dato,Sin dato,Sin dato,Sin dato,6.0,2.0,12.0,4.0,3.0,4.0,13.1875,428.52,1,1,Bajo,Descendente,Bajo valor / Descendente
985,2,701,109,2027.78,805,4,700,18.60348623853211,False,145,7.615189906150152,21.641830985915494,33.199999999999996,False,0.5340661343121366,Sin dato,Sin dato,Sin dato,Sin dato,Sin dato,Sin dato,6.0,2.0,12.0,4.0,3.0,4.0,7.385321100917431,531.8100000000001,0,0,Bajo,Ascendente,Bajo valor / Ascendente
986,31,698,90,1827.8700000000001,654,7,668,20.30966666666667,False,85,7.5114535687734625,18.300563380281687,19.673333333333336,False,0.07501244221425264,25-34,U,35-49K,Unknown,Single Male,None/Unknown,1.0,3.0,3.0,5.0,5.0,3.0,7.266666666666667,442.81,1,2,Bajo,Ascendente,Bajo valor / Ascendente
987,30,701,75,2334.53,732,4,672,31.127066666666668,False,141,7.755994125074821,21.082535211267604,12.43,False,-0.410412463423433,Sin dato,Sin dato,Sin dato,Sin dato,Sin dato,Sin dato,6.0,2.0,12.0,4.0,3.0,4.0,9.76,452.63,1,3,Alto,Descendente,Alto valor / Descendente
988,10,703,195,6052.09,1812,2,694,31.036358974358976,False,143,8.708324164441319,57.46295774647887,20.811666666666667,False,-0.6378246529096924,Sin dato,Sin dato,Sin dato,Sin dato,Sin dato,Sin dato,6.0,2.0,12.0,4.0,3.0,4.0,9.292307692307693,1805.92,1,5,Alto,Descendente,Alto valor / Descendente
989,46,690,173,4550.82,1568,15,645,26.305317919075144,False,176,8.423282431966323,51.85422535211268,44.395833333333336,False,-0.1438338335619446,Sin dato,Sin dato,Sin dato,Sin dato,Sin dato,Sin dato,6.0,2.0,12.0,4.0,3.0,4.0,9.063583815028903,959.5400000000001,1,8,Alto,Descendente,Alto valor / Descendente
990,85,570,16,247.12,61,135,486,15.445,False,30,5.513912500104917,2.1859154929577462,0.0,False,-1.0,Sin dato,Sin dato,Sin dato,Sin dato,Sin dato,Sin dato,6.0,2.0,12.0,4.0,3.0,4.0,3.8125,25.330000000000002,0,0,Bajo,Descendente,Bajo valor / Descendente
991,44,665,31,1419.8799999999999,87,40,622,45.802580645161285,False,40,7.259031676959071,19.04112676056338,0.09999999999999999,False,-0.9947482099532516,Sin dato,Sin dato,Sin dato,Sin dato,Sin dato,Sin dato,6.0,2.0,12.0,4.0,3.0,4.0,2.806451612903226,40.92,0,0,Bajo,Descendente,Bajo valor / Descendente
992,104,703,100,818.36,231,2,600,8.1836,False,81,6.70852354771424,5.885633802816901,23.349999999999998,False,2.967287259500335,45-54,A,35-49K,Homeowner,2 Adults Kids,1,3.0,0.0,3.0,0.0,1.0,0.0,2.31,57.48,0,0,Bajo,Ascendente,Bajo valor / Ascendente
993,101,703,126,3064.87,1274,2,603,24.32436507936508,False,144,8.028086658010979,35.46732394366197,35.815000000000005,False,0.009802714659000036,55-64,A,50-74K,Homeowner,1 Adult Kids,3+,4.0,0.0,4.0,0.0,0.0,2.0,10.11111111111111,632.04,1,8,Alto,Ascendente,Alto valor / Ascendente
994,19,703,21,581.45,224,2,685,27.68809523809524,False,75,6.367243344845786,5.352816901408451,12.046666666666667,False,1.2505284392404508,Sin dato,Sin dato,Sin dato,Sin dato,Sin dato,Sin dato,6.0,2.0,12.0,4.0,3.0,4.0,10.666666666666666,104.09,0,0,Bajo,Ascendente,Bajo valor / Ascendente
995,70,703,21,1217.16,387,2,634,57.96,False,99,7.105096802532477,13.726760563380282,3.6975000000000002,False,-0.7306356453929818,Sin dato,Sin dato,Sin dato,Sin dato,Sin dato,Sin dato,6.0,2.0,12.0,4.0,3.0,4.0,18.428571428571427,187.34,1,3,Bajo,Descendente,Bajo valor / Descendente
996,14,705,135,2182.7,926,0,692,16.16814814814815,False,116,7.688775964792322,23.667323943661973,23.44666666666667,False,-0.009323287986447465,55-64,A,25-34K,Homeowner,2 Adults No Kids,None/Unknown,4.0,0.0,2.0,0.0,2.0,3.0,6.859259259259259,507.92,1,5,Alto,Descendente,Alto valor / Descendente
997,33,703,89,4477.54,1472,2,671,50.30943820224719,False,150,8.407052379437271,47.982816901408455,45.0525,False,-0.06107013073929052,45-54,U,75-99K,Homeowner,Single Male,None/Unknown,3.0,3.0,5.0,0.0,5.0,3.0,16.53932584269663,429.7,1,10,Alto,Descendente,Alto valor / Descendente
998,95,703,250,8305.39,2647,2,609,33.22156,False,169,9.024780377097544,102.16253521126761,62.75083333333333,False,-0.38577450918218326,Sin dato,Sin dato,Sin dato,Sin dato,Sin dato,Sin dato,6.0,2.0,12.0,4.0,3.0,4.0,10.588,1992.38,1,10,Alto,Descendente,Alto valor / Descendente
999,7,699,57,2154.25,743,6,693,37.79385964912281,False,130,7.675662005090034,16.76183098591549,29.86,False,0.7814282953390081,Sin dato,Sin dato,Sin dato,Sin dato,Sin dato,Sin dato,6.0,2.0,12.0,4.0,3.0,4.0,13.035087719298245,420.65,1,3,Alto,Ascendente,Alto valor / Ascendente
1000,49,699,137,4097.54,1874,6,651,29.90905109489051,False,130,8.31838609171363,40.58577464788733,41.0425,False,0.011253335831953742,Sin dato,Sin dato,Sin dato,Sin dato,Sin dato,Sin dato,6.0,2.0,12.0,4.0,3.0,4.0,13.678832116788321,543.14,1,3,Alto,Ascendente,Alto valor / Ascendente
1001,16,700,86,3900.7,1019,5,685,45.35697674418604,False,130,8.269167634577947,39.95098591549296,62.23333333333333,False,0.5577421159260877,45-54,U,50-74K,Homeowner,Unknown,None/Unknown,3.0,3.0,4.0,0.0,6.0,3.0,11.848837209302326,456.63,1,3,Alto,Ascendente,Alto valor / Ascendente
1002,73,705,29,899.24,385,0,633,31.008275862068967,False,114,6.802661394441742,5.096478873239437,24.334999999999997,False,3.774865275666712,Sin dato,Sin dato,Sin dato,Sin dato,Sin dato,Sin dato,6.0,2.0,12.0,4.0,3.0,4.0,13.275862068965518,152.56,0,0,Bajo,Ascendente,Bajo valor / Ascendente
1003,28,683,63,2588.73,810,22,656,41.09095238095238,False,127,7.859308902155229,28.659718309859155,3.8800000000000003,False,-0.8646183483713707,35-44,U,25-34K,Unknown,Single Female,None/Unknown,2.0,3.0,2.0,5.0,4.0,3.0,12.857142857142858,597.47,1,2,Alto,Descendente,Alto valor / Descendente
1004,83,705,252,3703.73,837,0,623,14.697341269841269,False,114,8.217365660580786,44.5469014084507,34.4475,False,-0.22671389230530883,25-34,U,15-24K,Unknown,Single Male,None/Unknown,1.0,3.0,1.0,5.0,5.0,3.0,3.3214285714285716,437.12,1,5,Alto,Descendente,Alto valor / Descendente
1005,115,704,174,2399.33,1310,1,590,13.789252873563218,False,97,7.783361506883779,29.06971830985915,24.180833333333336,False,-0.1681779274368725,Sin dato,Sin dato,Sin dato,Sin dato,Sin dato,Sin dato,6.0,2.0,12.0,4.0,3.0,4.0,7.528735632183908,599.17,1,3,Alto,Descendente,Alto valor / Descendente
1006,53,662,11,161.48,49,43,610,14.68,False,28,5.090554917272129,0.863943661971831,1.7991666666666666,True,,Sin dato,Sin dato,Sin dato,Sin dato,Sin dato,Sin dato,6.0,2.0,12.0,4.0,3.0,4.0,4.454545454545454,73.26,0,0,Bajo,Sin tendencia disponible,Sin tendencia disponible
1007,73,696,121,1356.98,714,9,624,11.214710743801653,False,132,7.21375358046969,14.93394366197183,10.169166666666666,False,-0.31905684815447055,Sin dato,Sin dato,Sin dato,Sin dato,Sin dato,Sin dato,6.0,2.0,12.0,4.0,3.0,4.0,5.900826446280992,303.83,1,4,Bajo,Descendente,Bajo valor / Descendente
1008,78,690,40,511.12,114,15,613,12.778,False,45,6.238558972577978,6.026901408450704,6.299166666666667,False,0.04517499785780513,Sin dato,Sin dato,Sin dato,Sin dato,Sin dato,Sin dato,6.0,2.0,12.0,4.0,3.0,4.0,2.85,38.12,0,0,Bajo,Ascendente,Bajo valor / Ascendente
1009,69,586,23,125.52,82,119,518,5.4573913043478255,False,27,4.840400398437448,1.653943661971831,0.0,False,-1.0,Sin dato,Sin dato,Sin dato,Sin dato,Sin dato,Sin dato,6.0,2.0,12.0,4.0,3.0,4.0,3.5652173913043477,21.28,0,0,Bajo,Descendente,Bajo valor / Descendente
1010,86,702,90,2440.25,811,3,617,27.113888888888887,False,110,7.8002654821908886,25.944225352112674,35.80416666666667,False,0.38004377393180033,Sin dato,Sin dato,Sin dato,Sin dato,Sin dato,Sin dato,6.0,2.0,12.0,4.0,3.0,4.0,9.011111111111111,299.95,1,1,Alto,Ascendente,Alto valor / Ascendente
1011,43,704,140,3495.2,997,1,662,24.965714285714284,False,144,8.159431943377083,36.21394366197183,45.82083333333333,False,0.2652815103771664,Sin dato,Sin dato,Sin dato,Sin dato,Sin dato,Sin dato,6.0,2.0,12.0,4.0,3.0,4.0,7.121428571428571,400.44,1,4,Alto,Ascendente,Alto valor / Ascendente
1012,59,673,121,2342.51,890,32,615,19.359586776859505,False,159,7.759405084475483,22.710845070422536,10.143333333333333,False,-0.5533705019834995,35-44,A,35-49K,Unknown,Unknown,3+,2.0,0.0,3.0,5.0,6.0,2.0,7.355371900826446,413.79,1,4,Alto,Descendente,Alto valor / Descendente
1013,51,705,35,947.03,339,0,655,27.058,False,93,6.854386147323932,7.83507042253521,3.5608333333333335,False,-0.5455263142126109,Sin dato,Sin dato,Sin dato,Sin dato,Sin dato,Sin dato,6.0,2.0,12.0,4.0,3.0,4.0,9.685714285714285,188.21,0,0,Bajo,Descendente,Bajo valor / Descendente
1014,63,703,161,4199.76,1675,2,641,26.085465838509318,False,183,8.343020740282505,52.249154929577465,27.125833333333333,False,-0.4808368983212434,45-54,A,15-24K,Unknown,2 Adults Kids,2,3.0,0.0,1.0,5.0,1.0,1.0,10.403726708074535,673.28,1,7,Alto,Descendente,Alto valor / Descendente
1015,46,696,106,3737.33,1612,9,651,35.25783018867924,False,114,8.226394266622851,40.805915492957745,29.382499999999997,False,-0.2799450852886561,45-54,U,50-74K,Homeowner,Unknown,None/Unknown,3.0,3.0,4.0,0.0,6.0,3.0,15.20754716981132,744.2700000000001,1,5,Alto,Descendente,Alto valor / Descendente
1016,3,654,40,3089.84,773,51,652,77.24600000000001,False,155,8.03619817760892,34.25281690140845,42.340833333333336,False,0.23612704482685368,Sin dato,Sin dato,Sin dato,Sin dato,Sin dato,Sin dato,6.0,2.0,12.0,4.0,3.0,4.0,19.325,311.36,1,4,Alto,Ascendente,Alto valor / Ascendente
1017,29,701,63,3436.26,1379,4,673,54.54380952380953,False,146,8.142429921355605,32.78211267605634,53.8025,False,0.6412151508251235,Sin dato,Sin dato,Sin dato,Sin dato,Sin dato,Sin dato,6.0,2.0,12.0,4.0,3.0,4.0,21.88888888888889,594.4599999999999,1,4,Alto,Ascendente,Alto valor / Ascendente
1018,36,702,166,2133.0,602,3,667,12.849397590361447,False,117,7.665753431861699,22.350281690140847,29.771666666666665,False,0.33204883407798563,45-54,A,35-49K,Homeowner,2 Adults Kids,3+,3.0,0.0,3.0,0.0,1.0,2.0,3.6265060240963853,316.13,1,5,Bajo,Ascendente,Bajo valor / Ascendente
1019,12,703,53,1553.56,463,2,692,29.31245283018868,False,109,7.348947826373753,12.235211267605633,20.664166666666667,False,0.6889096734584246,Sin dato,Sin dato,Sin dato,Sin dato,Sin dato,Sin dato,6.0,2.0,12.0,4.0,3.0,4.0,8.735849056603774,263.37,1,1,Bajo,Ascendente,Bajo valor / Ascendente
1020,85,704,170,9395.61,3248,1,620,55.26829411764706,False,189,9.148104264914593,94.70591549295774,154.57333333333335,False,0.6321402156217718,45-54,A,25-34K,Homeowner,2 Adults No Kids,None/Unknown,3.0,0.0,2.0,0.0,2.0,3.0,19.105882352941176,1437.26,1,5,Alto,Ascendente,Alto valor / Ascendente
1021,101,704,97,2059.11,694,1,604,21.227938144329897,False,128,7.630514658416254,23.791971830985915,13.403333333333334,False,-0.4366447039972847,35-44,A,50-74K,Homeowner,2 Adults Kids,3+,2.0,0.0,4.0,0.0,1.0,2.0,7.154639175257732,265.9,1,1,Bajo,Descendente,Bajo valor / Descendente
1022,42,581,36,263.27,129,124,540,7.313055555555555,False,54,5.5769713077898135,1.7060563380281693,0.0,False,-1.0,Sin dato,Sin dato,Sin dato,Sin dato,Sin dato,Sin dato,6.0,2.0,12.0,4.0,3.0,4.0,3.5833333333333335,58.1,0,0,Bajo,Descendente,Bajo valor / Descendente
1023,107,705,597,37820.19,4346,0,599,63.35040201005025,False,192,10.540624806550863,444.13816901408455,522.6516666666666,False,0.17677719036593825,Sin dato,Sin dato,Sin dato,Sin dato,Sin dato,Sin dato,6.0,2.0,12.0,4.0,3.0,4.0,7.279731993299833,2194.09,0,0,Alto,Ascendente,Alto valor / Ascendente
1024,75,699,143,9297.07,2422,6,625,65.01447552447553,False,168,9.137562130722944,105.10774647887324,86.65249999999999,False,-0.17558407536196938,25-34,A,Under 15K,Homeowner,2 Adults Kids,2,1.0,0.0,0.0,0.0,1.0,1.0,16.937062937062937,2079.73,1,7,Alto,Descendente,Alto valor / Descendente
1025,45,696,81,3552.13,1373,9,652,43.85345679012346,False,115,8.175584184149873,34.94098591549296,64.49166666666666,False,0.84573116576172,Sin dato,Sin dato,Sin dato,Sin dato,Sin dato,Sin dato,6.0,2.0,12.0,4.0,3.0,4.0,16.950617283950617,765.46,1,3,Alto,Ascendente,Alto valor / Ascendente
1026,7,431,26,412.54,213,274,425,15.866923076923078,False,47,6.024754244972624,4.072957746478873,0.0,False,-1.0,Sin dato,Sin dato,Sin dato,Sin dato,Sin dato,Sin dato,6.0,2.0,12.0,4.0,3.0,4.0,8.192307692307692,132.82999999999998,0,0,Bajo,Descendente,Bajo valor / Descendente
1027,54,669,40,1038.1,334,36,616,25.952499999999997,False,87,6.946110232858601,12.292394366197183,4.308333333333334,False,-0.6495122752341231,Sin dato,Sin dato,Sin dato,Sin dato,Sin dato,Sin dato,6.0,2.0,12.0,4.0,3.0,4.0,8.35,210.15,0,0,Bajo,Descendente,Bajo valor / Descendente
1028,34,558,12,121.91,70,147,525,10.159166666666666,False,29,4.811452380226889,1.2145070422535211,0.0,False,-1.0,Sin dato,Sin dato,Sin dato,Sin dato,Sin dato,Sin dato,6.0,2.0,12.0,4.0,3.0,4.0,5.833333333333333,16.1,0,0,Bajo,Descendente,Bajo valor / Descendente
1029,93,704,275,13774.11,3787,1,612,50.08767272727273,False,169,9.530618619470175,156.17577464788732,146.73583333333332,False,-0.0604443380276949,Sin dato,Sin dato,Sin dato,Sin dato,Sin dato,Sin dato,6.0,2.0,12.0,4.0,3.0,4.0,13.770909090909091,1400.27,1,13,Alto,Descendente,Alto valor / Descendente
1030,81,664,30,1260.29,320,41,584,42.00966666666667,False,98,7.139890285733802,11.636056338028169,10.239166666666668,False,-0.12004837642425994,Sin dato,Sin dato,Sin dato,Sin dato,Sin dato,Sin dato,6.0,2.0,12.0,4.0,3.0,4.0,10.666666666666666,115.25,0,0,Bajo,Descendente,Bajo valor / Descendente
1031,69,557,146,4232.12,1123,148,489,28.98712328767123,False,148,8.35069458880798,50.79267605633803,0.0,False,-1.0,35-44,A,75-99K,Homeowner,2 Adults No Kids,None/Unknown,2.0,0.0,5.0,0.0,2.0,3.0,7.691780821917808,335.5,1,2,Alto,Descendente,Alto valor / Descendente
1032,93,656,92,2473.76,637,49,564,26.888695652173915,False,134,7.813898700603956,32.24239436619718,10.570833333333333,False,-0.67214490297235,Sin dato,Sin dato,Sin dato,Sin dato,Sin dato,Sin dato,6.0,2.0,12.0,4.0,3.0,4.0,6.923913043478261,228.69,1,7,Alto,Descendente,Alto valor / Descendente
1033,78,640,26,1366.97,401,65,563,52.57576923076923,False,91,7.221083168117472,15.5256338028169,9.656666666666666,False,-0.3780178774463555,Sin dato,Sin dato,Sin dato,Sin dato,Sin dato,Sin dato,6.0,2.0,12.0,4.0,3.0,4.0,15.423076923076923,478.09,0,0,Bajo,Descendente,Bajo valor / Descendente
1034,49,698,70,840.87,278,7,650,12.012428571428572,False,73,6.735625608023012,5.302112676056338,22.9275,False,3.324219683888962,Sin dato,Sin dato,Sin dato,Sin dato,Sin dato,Sin dato,6.0,2.0,12.0,4.0,3.0,4.0,3.9714285714285715,108.22,1,2,Bajo,Ascendente,Bajo valor / Ascendente
1035,212,407,4,183.04,35,298,196,45.76,True,20,5.215153125287268,2.5780281690140843,0.0,False,-1.0,Sin dato,Sin dato,Sin dato,Sin dato,Sin dato,Sin dato,6.0,2.0,12.0,4.0,3.0,4.0,8.75,11.790000000000001,0,0,Bajo,Descendente,Bajo valor / Descendente
1036,103,658,27,1231.17,408,47,556,45.598888888888894,False,81,7.11653212158712,11.821408450704226,17.0625,False,0.4433559309917552,Sin dato,Sin dato,Sin dato,Sin dato,Sin dato,Sin dato,6.0,2.0,12.0,4.0,3.0,4.0,15.11111111111111,146.73,0,0,Bajo,Ascendente,Bajo valor / Ascendente
1037,21,692,32,1052.71,175,13,672,32.8971875,False,47,6.960072548927726,12.069154929577465,14.31,False,0.18566710623052599,Sin dato,Sin dato,Sin dato,Sin dato,Sin dato,Sin dato,6.0,2.0,12.0,4.0,3.0,4.0,5.46875,86.08,0,0,Bajo,Ascendente,Bajo valor / Ascendente
1038,82,702,275,1602.0,955,3,621,5.825454545454545,False,126,7.3796321526095525,20.51183098591549,1.6283333333333332,False,-0.9206149205084893,55-64,U,Under 15K,Probable Renter,Single Male,None/Unknown,4.0,3.0,0.0,2.0,5.0,3.0,3.4727272727272727,323.8,1,2,Bajo,Descendente,Bajo valor / Descendente
1039,109,705,81,5150.81,1494,0,597,63.59024691358025,False,134,8.54710338822216,59.352112676056336,69.66,False,0.17367346938775508,Sin dato,Sin dato,Sin dato,Sin dato,Sin dato,Sin dato,6.0,2.0,12.0,4.0,3.0,4.0,18.444444444444443,632.8,1,4,Alto,Ascendente,Alto valor / Ascendente
1040,48,704,227,5588.27,1881,1,657,24.617929515418503,False,141,8.628603967281592,61.97338028169013,46.259166666666665,False,-0.25356392605336375,25-34,B,100-124K,Unknown,Single Male,None/Unknown,1.0,1.0,6.0,5.0,5.0,3.0,8.286343612334802,836.97,1,7,Alto,Descendente,Alto valor / Descendente
1041,75,705,287,7118.17,2653,0,631,24.80198606271777,False,169,8.87054642457715,78.71957746478873,114.68416666666667,False,0.45686969315815884,25-34,U,35-49K,Unknown,Single Male,None/Unknown,1.0,3.0,3.0,5.0,5.0,3.0,9.24390243902439,1093.59,1,8,Alto,Ascendente,Alto valor / Ascendente
1042,36,704,247,5276.96,2556,1,669,21.36421052631579,False,171,8.571294938406282,55.982253521126765,63.5325,False,0.13486857001967414,25-34,U,75-99K,Homeowner,2 Adults No Kids,None/Unknown,1.0,3.0,5.0,0.0,2.0,3.0,10.348178137651821,1283.59,1,7,Alto,Ascendente,Alto valor / Ascendente
1043,109,668,19,988.73,356,37,560,52.03842105263158,False,74,6.897432178659063,10.382676056338028,3.225,False,-0.6893864373211064,Sin dato,Sin dato,Sin dato,Sin dato,Sin dato,Sin dato,6.0,2.0,12.0,4.0,3.0,4.0,18.736842105263158,403.17,0,0,Bajo,Descendente,Bajo valor / Descendente
1044,54,627,19,421.23,177,78,574,22.17,False,64,6.045550189261224,3.5719718309859156,0.25,False,-0.9300106462678916,Sin dato,Sin dato,Sin dato,Sin dato,Sin dato,Sin dato,6.0,2.0,12.0,4.0,3.0,4.0,9.31578947368421,103.84,0,0,Bajo,Descendente,Bajo valor / Descendente
1045,72,696,293,4820.99,1703,9,625,16.453890784982935,False,164,8.480941984910679,55.53802816901408,43.27666666666667,False,-0.2207741597349022,25-34,A,Under 15K,Homeowner,Single Male,None/Unknown,1.0,0.0,0.0,0.0,5.0,3.0,5.812286689419795,810.54,1,5,Alto,Descendente,Alto valor / Descendente
1046,51,695,153,4314.95,1256,10,645,28.202287581699345,False,156,8.37007274151018,49.11690140845071,27.91916666666667,False,-0.4315771991703228,Sin dato,Sin dato,Sin dato,Sin dato,Sin dato,Sin dato,6.0,2.0,12.0,4.0,3.0,4.0,8.209150326797385,486.46,1,4,Alto,Descendente,Alto valor / Descendente
1047,110,705,80,1052.94,397,0,596,13.161750000000001,False,99,6.960290801484756,12.770140845070422,8.164166666666667,False,-0.36068311495419186,Sin dato,Sin dato,Sin dato,Sin dato,Sin dato,Sin dato,6.0,2.0,12.0,4.0,3.0,4.0,4.9625,210.49,1,2,Bajo,Descendente,Bajo valor / Descendente
1048,60,648,103,1934.45,523,57,589,18.78106796116505,False,115,7.568095136565964,18.755915492957747,18.083333333333332,False,-0.03585973501943686,Sin dato,Sin dato,Sin dato,Sin dato,Sin dato,Sin dato,6.0,2.0,12.0,4.0,3.0,4.0,5.077669902912621,244.3,1,1,Bajo,Descendente,Bajo valor / Descendente
1049,101,705,55,698.06,339,0,605,12.691999999999998,False,84,6.549736575459905,8.341267605633803,7.482500000000001,False,-0.10295408878307405,Sin dato,Sin dato,Sin dato,Sin dato,Sin dato,Sin dato,6.0,2.0,12.0,4.0,3.0,4.0,6.163636363636364,187.60999999999999,0,0,Bajo,Descendente,Bajo valor / Descendente
1050,116,702,134,5036.01,1410,3,587,37.58216417910448,False,136,8.524567931052395,51.41070422535211,106.38,False,1.0692188835557892,Sin dato,Sin dato,Sin dato,Sin dato,Sin dato,Sin dato,6.0,2.0,12.0,4.0,3.0,4.0,10.522388059701493,639.4,1,5,Alto,Ascendente,Alto valor / Ascendente
1051,66,697,55,2275.67,800,8,632,41.37581818181818,False,130,7.730469128024498,13.055070422535211,32.05916666666666,False,1.455686995860799,Sin dato,Sin dato,Sin dato,Sin dato,Sin dato,Sin dato,6.0,2.0,12.0,4.0,3.0,4.0,14.545454545454545,321.85,1,1,Alto,Ascendente,Alto valor / Ascendente
1052,79,231,7,231.66,99,474,153,33.09428571428571,True,48,5.44957816038862,2.8607042253521127,0.0,False,-1.0,Sin dato,Sin dato,Sin dato,Sin dato,Sin dato,Sin dato,6.0,2.0,12.0,4.0,3.0,4.0,14.142857142857142,32.05,0,0,Bajo,Descendente,Bajo valor / Descendente
1053,107,701,95,4558.61,1377,4,595,47.98536842105263,False,116,8.424992372535058,53.18732394366197,59.594166666666666,False,0.12045807624747325,55-64,A,100-124K,Homeowner,2 Adults No Kids,None/Unknown,4.0,0.0,6.0,0.0,2.0,3.0,14.494736842105263,498.79,1,5,Alto,Ascendente,Alto valor / Ascendente
1054,99,689,41,1035.19,354,16,591,25.248536585365855,False,102,6.943305803687527,10.494788732394365,10.07,False,-0.04047615852267379,Sin dato,Sin dato,Sin dato,Sin dato,Sin dato,Sin dato,6.0,2.0,12.0,4.0,3.0,4.0,8.634146341463415,172.05,0,0,Bajo,Descendente,Bajo valor / Descendente
1055,55,697,81,1204.41,529,8,643,14.86925925925926,False,81,7.09457503701586,12.66943661971831,7.6816666666666675,False,-0.393685220800492,Sin dato,Sin dato,Sin dato,Sin dato,Sin dato,Sin dato,6.0,2.0,12.0,4.0,3.0,4.0,6.530864197530864,236.69,1,5,Bajo,Descendente,Bajo valor / Descendente
1056,21,702,66,4871.09,1412,3,682,73.80439393939395,False,128,8.491278282125515,50.18450704225352,15.558333333333332,False,-0.6899773605381083,Sin dato,Sin dato,Sin dato,Sin dato,Sin dato,Sin dato,6.0,2.0,12.0,4.0,3.0,4.0,21.393939393939394,796.66,1,8,Alto,Descendente,Alto valor / Descendente
1057,54,704,183,8162.84,2092,1,651,44.60568306010929,False,100,9.007469925501528,81.42830985915492,127.58416666666666,False,0.5668281324682619,35-44,U,50-74K,Unknown,Single Male,None/Unknown,2.0,3.0,4.0,5.0,5.0,3.0,11.431693989071038,764.28,1,7,Alto,Ascendente,Alto valor / Ascendente
1058,63,704,557,3266.64,1232,1,642,5.864703770197487,False,138,8.091823290793204,40.24718309859155,17.188333333333333,False,-0.5729307740313672,Sin dato,Sin dato,Sin dato,Sin dato,Sin dato,Sin dato,6.0,2.0,12.0,4.0,3.0,4.0,2.2118491921005385,561.91,1,4,Alto,Descendente,Alto valor / Descendente
1059,34,555,5,72.91,35,150,522,14.581999999999999,False,26,4.302848136796795,0.5476056338028169,0.0,True,,Sin dato,Sin dato,Sin dato,Sin dato,Sin dato,Sin dato,6.0,2.0,12.0,4.0,3.0,4.0,7.0,11.52,0,0,Bajo,Sin tendencia disponible,Sin tendencia disponible
1060,1,672,64,6096.93,1993,33,672,95.26453125,False,132,8.715704648308815,62.29957746478874,8.999166666666667,False,-0.855550117145611,35-44,B,35-49K,Renter,2 Adults No Kids,None/Unknown,2.0,1.0,3.0,3.0,2.0,3.0,31.140625,901.9,1,9,Alto,Descendente,Alto valor / Descendente
1061,87,705,146,6174.22,1852,0,619,42.28917808219178,False,147,8.728299788391897,54.816197183098595,161.43166666666667,False,1.9449628934938354,Sin dato,Sin dato,Sin dato,Sin dato,Sin dato,Sin dato,6.0,2.0,12.0,4.0,3.0,4.0,12.684931506849315,1506.4299999999998,1,3,Alto,Ascendente,Alto valor / Ascendente
1062,71,705,212,1479.04,778,0,635,6.976603773584905,False,96,7.299824393419964,14.589859154929579,12.344166666666666,False,-0.15392146451969996,65+,U,15-24K,Homeowner,2 Adults No Kids,None/Unknown,5.0,3.0,1.0,0.0,2.0,3.0,3.669811320754717,335.47,1,2,Bajo,Descendente,Bajo valor / Descendente
1063,84,621,57,1327.48,399,84,538,23.289122807017545,False,89,7.191790710513721,14.841971830985916,0.0,False,-1.0,Sin dato,Sin dato,Sin dato,Sin dato,Sin dato,Sin dato,6.0,2.0,12.0,4.0,3.0,4.0,7.0,503.6,0,0,Bajo,Descendente,Bajo valor / Descendente
1064,108,687,43,2878.79,1225,18,580,66.9486046511628,False,140,7.965472653804776,31.92845070422535,43.7525,False,0.3703295661073174,Sin dato,Sin dato,Sin dato,Sin dato,Sin dato,Sin dato,6.0,2.0,12.0,4.0,3.0,4.0,28.488372093023255,812.37,1,5,Alto,Ascendente,Alto valor / Ascendente
1065,36,705,50,5167.16,1624,0,670,103.3432,False,131,8.550272004735517,50.01901408450704,53.45166666666666,False,0.06862695406910976,Sin dato,Sin dato,Sin dato,Sin dato,Sin dato,Sin dato,6.0,2.0,12.0,4.0,3.0,4.0,32.48,1114.4499999999998,1,5,Alto,Ascendente,Alto valor / Ascendente
1066,98,704,244,3102.69,1568,1,607,12.71594262295082,False,123,8.040347005181635,36.86352112676056,30.00583333333333,False,-0.1860291036726002,35-44,U,25-34K,Unknown,2 Adults No Kids,None/Unknown,2.0,3.0,2.0,5.0,2.0,3.0,6.426229508196721,695.0999999999999,1,7,Alto,Descendente,Alto valor / Descendente
1067,33,702,62,3741.92,1223,3,670,60.35354838709677,False,160,8.227621334445988,31.105211267605632,97.81416666666667,False,2.1446231252103645,Sin dato,Sin dato,Sin dato,Sin dato,Sin dato,Sin dato,6.0,2.0,12.0,4.0,3.0,4.0,19.725806451612904,733.82,1,3,Alto,Ascendente,Alto valor / Ascendente
1068,85,700,111,1321.85,578,5,616,11.908558558558557,False,111,7.1875437790023,9.790281690140846,43.8025,False,3.474079642071039,Sin dato,Sin dato,Sin dato,Sin dato,Sin dato,Sin dato,6.0,2.0,12.0,4.0,3.0,4.0,5.207207207207207,317.25,0,0,Bajo,Ascendente,Bajo valor / Ascendente
1069,69,681,55,3433.27,811,24,613,62.42309090909091,False,121,8.141559663876206,36.56140845070423,28.724999999999998,False,-0.21433551886465382,25-34,U,35-49K,Unknown,2 Adults No Kids,None/Unknown,1.0,3.0,3.0,5.0,2.0,3.0,14.745454545454546,684.26,1,7,Alto,Descendente,Alto valor / Descendente
1070,35,705,176,5159.68,1571,0,671,29.316363636363636,False,167,8.548823632738735,56.058732394366196,46.26333333333333,False,-0.17473458001375158,35-44,U,50-74K,Homeowner,2 Adults No Kids,None/Unknown,2.0,3.0,4.0,0.0,2.0,3.0,8.926136363636363,769.06,1,8,Alto,Descendente,Alto valor / Descendente
1071,105,705,84,2052.29,1106,0,601,24.43202380952381,False,145,7.6271986637406615,23.723098591549295,24.962500000000002,False,0.052244499329114194,Sin dato,Sin dato,Sin dato,Sin dato,Sin dato,Sin dato,6.0,2.0,12.0,4.0,3.0,4.0,13.166666666666666,355.26,1,3,Bajo,Ascendente,Bajo valor / Ascendente
1072,110,701,61,2694.8,1467,4,592,44.17704918032787,False,137,7.8994502853041695,31.753943661971835,30.287499999999998,False,-0.04618146576004774,Sin dato,Sin dato,Sin dato,Sin dato,Sin dato,Sin dato,6.0,2.0,12.0,4.0,3.0,4.0,24.049180327868854,613.19,1,2,Alto,Descendente,Alto valor / Descendente
1073,110,703,119,2943.86,1000,2,594,24.738319327731094,False,138,7.987816556755371,33.484647887323945,39.6225,False,0.18330346890103097,Sin dato,Sin dato,Sin dato,Sin dato,Sin dato,Sin dato,6.0,2.0,12.0,4.0,3.0,4.0,8.403361344537815,359.52,1,5,Alto,Ascendente,Alto valor / Ascendente
1074,118,699,131,7744.39,2342,6,582,59.11748091603054,False,156,8.954853106650981,89.88112676056339,106.2325,False,0.1819222102432633,45-54,A,35-49K,Homeowner,2 Adults Kids,2,3.0,0.0,3.0,0.0,1.0,1.0,17.87786259541985,1680.63,1,6,Alto,Ascendente,Alto valor / Ascendente
1075,50,689,67,1469.02,450,16,640,21.925671641791045,False,94,7.293031285122406,15.70774647887324,19.273333333333333,False,0.22699544197862956,Sin dato,Sin dato,Sin dato,Sin dato,Sin dato,Sin dato,6.0,2.0,12.0,4.0,3.0,4.0,6.7164179104477615,401.73999999999995,1,1,Bajo,Ascendente,Bajo valor / Ascendente
1076,98,691,84,2212.82,535,14,594,26.34309523809524,False,120,7.702474809150484,21.759718309859156,21.010833333333334,False,-0.034416115404697516,25-34,B,35-49K,Homeowner,2 Adults No Kids,None/Unknown,1.0,1.0,3.0,0.0,2.0,3.0,6.369047619047619,252.88,1,1,Alto,Descendente,Alto valor / Descendente
1077,277,705,36,1492.81,338,0,429,41.466944444444444,False,74,7.30908518223715,11.55549295774648,56.030833333333334,False,3.848848382168917,Sin dato,Sin dato,Sin dato,Sin dato,Sin dato,Sin dato,6.0,2.0,12.0,4.0,3.0,4.0,9.38888888888889,211.29,0,0,Bajo,Ascendente,Bajo valor / Ascendente
1078,114,696,248,6817.900000000001,1950,9,583,27.491532258064517,False,169,8.827453447506244,86.29014084507043,49.833333333333336,False,-0.4224909955494619,Sin dato,Sin dato,Sin dato,Sin dato,Sin dato,Sin dato,6.0,2.0,12.0,4.0,3.0,4.0,7.862903225806452,885.54,1,9,Alto,Descendente,Alto valor / Descendente
1079,82,662,50,1001.3,213,43,581,20.026,False,52,6.9100526380308205,11.22267605633803,1.9333333333333333,False,-0.8277297390009328,Sin dato,Sin dato,Sin dato,Sin dato,Sin dato,Sin dato,6.0,2.0,12.0,4.0,3.0,4.0,4.26,164.92,0,0,Bajo,Descendente,Bajo valor / Descendente
1080,20,688,84,2206.11,656,17,669,26.263214285714287,False,99,7.699439246428378,18.78676056338028,29.959166666666665,False,0.5946957201905247,Sin dato,Sin dato,Sin dato,Sin dato,Sin dato,Sin dato,6.0,2.0,12.0,4.0,3.0,4.0,7.809523809523809,460.86999999999995,0,0,Alto,Ascendente,Alto valor / Ascendente
1081,70,699,139,10201.55,2886,6,630,73.39244604316546,False,198,9.23039296802757,116.84774647887325,106.56583333333333,False,-0.08799410733521461,55-64,A,75-99K,Homeowner,2 Adults No Kids,None/Unknown,4.0,0.0,5.0,0.0,2.0,3.0,20.762589928057555,1269.8600000000001,1,8,Alto,Descendente,Alto valor / Descendente
1082,20,703,140,2007.95,1097,2,684,14.342500000000001,False,94,7.6053674765012405,18.97450704225352,38.696666666666665,False,1.0394030042780404,45-54,U,35-49K,Unknown,Single Male,None/Unknown,3.0,3.0,3.0,5.0,5.0,3.0,7.835714285714285,534.06,1,6,Bajo,Ascendente,Bajo valor / Ascendente
1083,9,694,54,1396.93,381,11,686,25.869074074074074,False,94,7.242747850009376,16.71098591549296,14.001666666666667,False,-0.16212803137572207,Sin dato,Sin dato,Sin dato,Sin dato,Sin dato,Sin dato,6.0,2.0,12.0,4.0,3.0,4.0,7.055555555555555,356.15999999999997,1,1,Bajo,Descendente,Bajo valor / Descendente
1084,52,702,222,2336.19,869,3,651,10.523378378378379,False,119,7.756704632047134,27.536760563380284,13.756666666666668,False,-0.5004253810101051,25-34,U,35-49K,Unknown,2 Adults Kids,1,1.0,3.0,3.0,5.0,1.0,0.0,3.9144144144144146,321.88,1,6,Alto,Descendente,Alto valor / Descendente
1085,109,702,106,4806.0,1835,3,594,45.339622641509436,False,157,8.47782846789396,59.127183098591544,41.05083333333334,False,-0.3057197860266203,Sin dato,Sin dato,Sin dato,Sin dato,Sin dato,Sin dato,6.0,2.0,12.0,4.0,3.0,4.0,17.31132075471698,858.63,1,7,Alto,Descendente,Alto valor / Descendente
1086,76,700,30,1188.61,377,5,625,39.62033333333333,False,91,7.081380801297567,12.466478873239437,13.578333333333333,False,0.0891875301277416,Sin dato,Sin dato,Sin dato,Sin dato,Sin dato,Sin dato,6.0,2.0,12.0,4.0,3.0,4.0,12.566666666666666,226.69,0,0,Bajo,Ascendente,Bajo valor / Ascendente
1087,117,689,149,3010.24,964,16,573,20.202953020134228,False,145,8.010107233043534,41.32507042253521,3.6983333333333337,False,-0.9105063029410696,Sin dato,Sin dato,Sin dato,Sin dato,Sin dato,Sin dato,6.0,2.0,12.0,4.0,3.0,4.0,6.469798657718121,760.37,1,6,Alto,Descendente,Alto valor / Descendente
1088,42,696,89,1412.34,665,9,655,15.868988764044943,False,56,7.253710976527901,15.338028169014084,13.518333333333333,False,-0.11863942454851548,Sin dato,Sin dato,Sin dato,Sin dato,Sin dato,Sin dato,6.0,2.0,12.0,4.0,3.0,4.0,7.47191011235955,433.89,1,2,Bajo,Descendente,Bajo valor / Descendente
1089,44,704,96,2404.98,899,1,661,25.051875,False,116,7.785712583948121,16.513521126760565,57.70333333333334,False,2.4943082635370644,Sin dato,Sin dato,Sin dato,Sin dato,Sin dato,Sin dato,6.0,2.0,12.0,4.0,3.0,4.0,9.364583333333334,424.49,1,1,Alto,Ascendente,Alto valor / Ascendente
1090,90,682,12,307.87,89,23,593,25.655833333333334,False,48,5.732920476399523,1.636056338028169,11.193333333333333,False,5.841655188246097,Sin dato,Sin dato,Sin dato,Sin dato,Sin dato,Sin dato,6.0,2.0,12.0,4.0,3.0,4.0,7.416666666666667,37.32,0,0,Bajo,Ascendente,Bajo valor / Ascendente
1091,86,666,116,5617.4,1207,39,581,48.425862068965515,False,143,8.63380220484481,74.3318309859155,15.650833333333333,False,-0.7894464171574238,45-54,A,75-99K,Homeowner,2 Adults No Kids,None/Unknown,3.0,0.0,5.0,0.0,2.0,3.0,10.405172413793103,463.03000000000003,1,5,Alto,Descendente,Alto valor / Descendente
1092,83,693,41,914.71,315,12,611,22.310000000000002,False,71,6.819699720661243,10.32281690140845,11.938333333333333,False,0.15649957248631052,Sin dato,Sin dato,Sin dato,Sin dato,Sin dato,Sin dato,6.0,2.0,12.0,4.0,3.0,4.0,7.682926829268292,175.31,0,0,Bajo,Ascendente,Bajo valor / Ascendente
1093,78,691,32,914.75,329,14,614,28.5859375,False,98,6.819743401658924,5.793943661971831,24.019166666666667,False,3.145564414841465,Sin dato,Sin dato,Sin dato,Sin dato,Sin dato,Sin dato,6.0,2.0,12.0,4.0,3.0,4.0,10.28125,180.44,0,0,Bajo,Ascendente,Bajo valor / Ascendente
1094,19,704,94,5905.38,1759,1,686,62.823191489361704,False,156,8.683788401581834,68.33211267605634,69.33583333333333,False,0.01468885737567267,45-54,A,75-99K,Homeowner,2 Adults Kids,3+,3.0,0.0,5.0,0.0,1.0,2.0,18.71276595744681,1095.08,1,8,Alto,Ascendente,Alto valor / Ascendente
1095,19,644,30,599.54,156,61,626,19.984666666666666,False,67,6.397829250458982,5.690985915492957,3.635,False,-0.3612706033757363,Sin dato,Sin dato,Sin dato,Sin dato,Sin dato,Sin dato,6.0,2.0,12.0,4.0,3.0,4.0,5.2,42.37,0,0,Bajo,Descendente,Bajo valor / Descendente
1096,6,685,47,592.36,257,20,680,12.60340425531915,False,80,6.385801297428302,3.1340845070422536,4.7875000000000005,False,0.527559320510516,Sin dato,Sin dato,Sin dato,Sin dato,Sin dato,Sin dato,6.0,2.0,12.0,4.0,3.0,4.0,5.468085106382978,76.94,0,0,Bajo,Ascendente,Bajo valor / Ascendente
1097,40,705,165,8806.33,1784,0,666,53.37169696969697,False,182,9.083339608297633,91.20323943661973,62.82666666666666,False,-0.3111355796706423,Sin dato,Sin dato,Sin dato,Sin dato,Sin dato,Sin dato,6.0,2.0,12.0,4.0,3.0,4.0,10.812121212121212,1133.15,1,4,Alto,Descendente,Alto valor / Descendente
1098,50,704,446,9469.75,3326,1,655,21.23262331838565,False,159,9.155963380509851,105.77774647887324,126.95833333333333,False,0.20023669967945895,Sin dato,Sin dato,Sin dato,Sin dato,Sin dato,Sin dato,6.0,2.0,12.0,4.0,3.0,4.0,7.457399103139013,1984.1100000000001,1,7,Alto,Ascendente,Alto valor / Ascendente
1099,99,648,28,683.13,221,57,550,24.3975,False,53,6.528147958043258,5.34830985915493,2.9591666666666665,False,-0.4467099430296966,Sin dato,Sin dato,Sin dato,Sin dato,Sin dato,Sin dato,6.0,2.0,12.0,4.0,3.0,4.0,7.892857142857143,185.45,0,0,Bajo,Descendente,Bajo valor / Descendente
1100,114,703,26,313.40999999999997,48,2,590,12.054230769230768,False,29,5.750697866665008,3.09887323943662,5.306666666666667,False,0.7124503832984879,Sin dato,Sin dato,Sin dato,Sin dato,Sin dato,Sin dato,6.0,2.0,12.0,4.0,3.0,4.0,1.8461538461538463,10.91,0,0,Bajo,Ascendente,Bajo valor / Ascendente
1101,78,661,16,190.78,66,44,584,11.92375,False,29,5.256348881725535,1.8919718309859157,0.5066666666666667,False,-0.7322017916077322,Sin dato,Sin dato,Sin dato,Sin dato,Sin dato,Sin dato,6.0,2.0,12.0,4.0,3.0,4.0,4.125,43.22,0,0,Bajo,Descendente,Bajo valor / Descendente
1102,13,693,81,2263.4,795,12,681,27.94320987654321,False,134,7.725065102162505,18.307746478873238,42.00833333333333,False,1.2945660396712444,Sin dato,Sin dato,Sin dato,Sin dato,Sin dato,Sin dato,6.0,2.0,12.0,4.0,3.0,4.0,9.814814814814815,674.61,1,2,Alto,Ascendente,Alto valor / Ascendente
1103,116,705,203,6094.88,1689,0,590,30.024039408866997,False,159,8.715368412133358,77.25760563380281,48.919999999999995,False,-0.36679373378618085,35-44,A,50-74K,Homeowner,2 Adults Kids,1,2.0,0.0,4.0,0.0,1.0,0.0,8.320197044334975,718.36,1,6,Alto,Descendente,Alto valor / Descendente
1104,46,698,118,3378.16,1113,7,653,28.628474576271184,False,146,8.125382436880615,35.82985915492958,45.35583333333333,False,0.2658669166745284,Sin dato,Sin dato,Sin dato,Sin dato,Sin dato,Sin dato,6.0,2.0,12.0,4.0,3.0,4.0,9.432203389830509,452.90999999999997,1,8,Alto,Ascendente,Alto valor / Ascendente
1105,63,688,9,500.14,158,17,626,55.57111111111111,False,68,6.216885503166232,0.0,36.90916666666667,True,,Sin dato,Sin dato,Sin dato,Sin dato,Sin dato,Sin dato,6.0,2.0,12.0,4.0,3.0,4.0,17.555555555555557,70.99,0,0,Bajo,Sin tendencia disponible,Sin tendencia disponible
1106,27,702,38,683.26,193,3,676,17.980526315789472,False,67,6.528337962355466,5.76338028169014,20.86916666666667,False,2.6209942163571203,Sin dato,Sin dato,Sin dato,Sin dato,Sin dato,Sin dato,6.0,2.0,12.0,4.0,3.0,4.0,5.078947368421052,139.39,0,0,Bajo,Ascendente,Bajo valor / Ascendente
1107,9,648,22,877.32,281,57,640,39.87818181818182,False,70,6.778010991926477,6.387605633802816,20.16,False,2.156112189098607,Sin dato,Sin dato,Sin dato,Sin dato,Sin dato,Sin dato,6.0,2.0,12.0,4.0,3.0,4.0,12.772727272727273,223.32,0,0,Bajo,Ascendente,Bajo valor / Ascendente
1108,69,677,22,292.1,123,28,609,13.27727272727273,False,52,5.680513847716846,3.0419718309859154,0.9208333333333334,False,-0.6972906441954502,Sin dato,Sin dato,Sin dato,Sin dato,Sin dato,Sin dato,6.0,2.0,12.0,4.0,3.0,4.0,5.590909090909091,58.63,0,0,Bajo,Descendente,Bajo valor / Descendente
1109,68,691,87,3059.0,1058,14,624,35.160919540229884,False,129,8.026170194946426,33.49901408450704,21.230833333333333,False,-0.36622512890155823,Sin dato,Sin dato,Sin dato,Sin dato,Sin dato,Sin dato,6.0,2.0,12.0,4.0,3.0,4.0,12.160919540229886,476.67,0,0,Alto,Descendente,Alto valor / Descendente
1110,12,690,132,5463.94,946,15,679,41.393484848484846,False,150,8.60610842159337,68.35000000000001,50.612500000000004,False,-0.2595098756400878,Sin dato,Sin dato,Sin dato,Sin dato,Sin dato,Sin dato,6.0,2.0,12.0,4.0,3.0,4.0,7.166666666666667,1722.28,1,1,Alto,Descendente,Alto valor / Descendente
1111,32,705,320,18868.44,6573,0,674,58.963874999999994,False,186,9.845298961186673,229.08676056338027,137.9625,False,-0.3977718325549825,Sin dato,Sin dato,Sin dato,Sin dato,Sin dato,Sin dato,6.0,2.0,12.0,4.0,3.0,4.0,20.540625,2541.1499999999996,1,12,Alto,Descendente,Alto valor / Descendente
1112,96,676,52,1889.45,437,29,581,36.33557692307692,False,107,7.544570174951611,21.887323943661972,10.775833333333333,False,-0.5076678464178465,Sin dato,Sin dato,Sin dato,Sin dato,Sin dato,Sin dato,6.0,2.0,12.0,4.0,3.0,4.0,8.403846153846153,164.68,0,0,Bajo,Descendente,Bajo valor / Descendente
1113,71,704,174,4313.2300000000005,1385,1,634,24.78867816091954,False,144,8.369674140316977,44.223239436619714,34.7475,False,-0.21427058617449865,45-54,A,50-74K,Homeowner,2 Adults Kids,1,3.0,0.0,4.0,0.0,1.0,0.0,7.959770114942529,1108.4500000000003,1,7,Alto,Descendente,Alto valor / Descendente
1114,26,701,43,961.19,383,4,676,22.35325581395349,False,78,6.869211936361628,7.628873239436619,33.026666666666664,False,3.329167051293886,Sin dato,Sin dato,Sin dato,Sin dato,Sin dato,Sin dato,6.0,2.0,12.0,4.0,3.0,4.0,8.906976744186046,249.94,0,0,Bajo,Ascendente,Bajo valor / Ascendente
1115,49,674,50,1813.76,341,31,626,36.2752,False,119,7.50370850655065,16.806478873239435,4.521666666666667,False,-0.7309569303141532,Sin dato,Sin dato,Sin dato,Sin dato,Sin dato,Sin dato,6.0,2.0,12.0,4.0,3.0,4.0,6.82,148.30999999999997,0,0,Bajo,Descendente,Bajo valor / Descendente
1116,3,696,64,2779.14,815,9,694,43.4240625,False,95,7.930256565128905,18.69647887323944,36.755,False,0.965878187502354,Sin dato,Sin dato,Sin dato,Sin dato,Sin dato,Sin dato,6.0,2.0,12.0,4.0,3.0,4.0,12.734375,579.8399999999999,1,3,Alto,Ascendente,Alto valor / Ascendente
1117,19,705,185,3657.27,1066,0,687,19.769027027027025,False,147,8.204745637052513,43.58281690140845,13.694166666666668,False,-0.6857897758732497,Sin dato,Sin dato,Sin dato,Sin dato,Sin dato,Sin dato,6.0,2.0,12.0,4.0,3.0,4.0,5.762162162162162,472.97,1,6,Alto,Descendente,Alto valor / Descendente
1118,65,595,16,945.89,133,110,531,59.118125,False,45,6.853182930156416,10.478450704225352,0.0,False,-1.0,Sin dato,Sin dato,Sin dato,Sin dato,Sin dato,Sin dato,6.0,2.0,12.0,4.0,3.0,4.0,8.3125,157.01,0,0,Bajo,Descendente,Bajo valor / Descendente
1119,110,704,67,2156.57,969,1,595,32.18761194029851,False,140,7.676737867390701,24.606338028169013,19.566666666666666,False,-0.2048119210478616,Sin dato,Sin dato,Sin dato,Sin dato,Sin dato,Sin dato,6.0,2.0,12.0,4.0,3.0,4.0,14.462686567164178,638.03,1,2,Alto,Descendente,Alto valor / Descendente
1120,71,689,86,1729.08,674,16,619,20.105581395348835,False,120,7.455922929197227,19.043098591549295,4.196666666666666,False,-0.7796226991898783,35-44,B,Under 15K,Renter,2 Adults Kids,2,2.0,1.0,0.0,3.0,1.0,1.0,7.837209302325581,314.78000000000003,1,1,Bajo,Descendente,Bajo valor / Descendente
1121,50,682,61,2486.64,910,23,633,40.76459016393442,False,134,7.819089748856044,26.507323943661973,27.2075,False,0.026414437678664353,Sin dato,Sin dato,Sin dato,Sin dato,Sin dato,Sin dato,6.0,2.0,12.0,4.0,3.0,4.0,14.918032786885245,681.66,1,2,Alto,Ascendente,Alto valor / Ascendente
1122,113,498,77,1236.98,596,207,386,16.064675324675324,False,91,7.1212362980251935,16.406478873239436,0.0,False,-1.0,Sin dato,Sin dato,Sin dato,Sin dato,Sin dato,Sin dato,6.0,2.0,12.0,4.0,3.0,4.0,7.740259740259741,165.4,1,3,Bajo,Descendente,Bajo valor / Descendente
1123,4,674,73,3915.81,996,31,671,53.64123287671233,False,134,8.273032825979268,38.29577464788732,14.975833333333334,False,-0.6089429324506558,55-64,A,15-24K,Unknown,Single Female,None/Unknown,4.0,0.0,1.0,5.0,4.0,3.0,13.643835616438356,626.78,1,4,Alto,Descendente,Alto valor / Descendente
1124,43,703,78,1893.89,823,2,661,24.280641025641028,False,121,7.5469160683383025,21.840704225352113,9.341666666666667,False,-0.5722818014346301,Sin dato,Sin dato,Sin dato,Sin dato,Sin dato,Sin dato,6.0,2.0,12.0,4.0,3.0,4.0,10.551282051282051,467.09000000000003,1,1,Bajo,Descendente,Bajo valor / Descendente
1125,21,695,86,684.07,308,10,675,7.954302325581396,False,101,6.529521022822228,7.517605633802817,2.5975,False,-0.6544777517564403,Sin dato,Sin dato,Sin dato,Sin dato,Sin dato,Sin dato,6.0,2.0,12.0,4.0,3.0,4.0,3.5813953488372094,107.69,1,1,Bajo,Descendente,Bajo valor / Descendente
1126,101,701,27,2517.9900000000002,798,4,601,93.2588888888889,False,107,7.831613306515433,28.226338028169014,19.570833333333333,False,-0.3066463912604517,Sin dato,Sin dato,Sin dato,Sin dato,Sin dato,Sin dato,6.0,2.0,12.0,4.0,3.0,4.0,29.555555555555557,550.82,1,2,Alto,Descendente,Alto valor / Descendente
1127,112,697,27,1552.4,506,8,586,57.4962962962963,False,113,7.348201355985547,17.107464788732397,26.184166666666666,False,0.530569665933933,Sin dato,Sin dato,Sin dato,Sin dato,Sin dato,Sin dato,6.0,2.0,12.0,4.0,3.0,4.0,18.74074074074074,320.33,1,2,Bajo,Ascendente,Bajo valor / Ascendente
1128,14,689,232,2996.62,1116,16,676,12.91646551724138,False,158,8.00557391946149,28.03492957746479,56.784166666666664,False,1.0254791976474684,25-34,U,75-99K,Unknown,2 Adults Kids,1,1.0,3.0,5.0,5.0,1.0,0.0,4.810344827586207,417.94,1,7,Alto,Ascendente,Alto valor / Ascendente
1129,83,701,72,2309.78,593,4,619,32.08027777777778,False,124,7.745340408858405,20.460845070422536,34.318333333333335,False,0.6772686179488592,Sin dato,Sin dato,Sin dato,Sin dato,Sin dato,Sin dato,6.0,2.0,12.0,4.0,3.0,4.0,8.23611111111111,333.79,0,0,Alto,Ascendente,Alto valor / Ascendente
1130,1,705,359,6498.26,2336,0,705,18.10100278551532,False,188,8.779443603248916,59.042394366197186,81.17833333333333,False,0.3749160108555719,55-64,U,25-34K,Renter,2 Adults Kids,1,4.0,3.0,2.0,3.0,1.0,0.0,6.506963788300836,1689.44,1,6,Alto,Ascendente,Alto valor / Ascendente
1131,18,691,101,3028.28,1146,14,674,29.982970297029706,False,154,8.016080246504039,26.296760563380282,72.73333333333333,False,1.7658666609536153,45-54,B,50-74K,Homeowner,2 Adults Kids,1,3.0,1.0,4.0,0.0,1.0,0.0,11.346534653465346,639.5,1,4,Alto,Ascendente,Alto valor / Ascendente
1132,26,701,58,2073.62,783,4,676,35.75206896551724,False,118,7.637533283363869,22.902535211267605,27.162499999999998,False,0.18600407114041126,Sin dato,Sin dato,Sin dato,Sin dato,Sin dato,Sin dato,6.0,2.0,12.0,4.0,3.0,4.0,13.5,411.41,1,2,Bajo,Ascendente,Bajo valor / Ascendente
1133,30,703,114,1369.79,427,2,674,12.015701754385965,False,111,7.223142494963632,14.497746478873239,17.299166666666668,False,0.19323142337161042,Sin dato,Sin dato,Sin dato,Sin dato,Sin dato,Sin dato,6.0,2.0,12.0,4.0,3.0,4.0,3.745614035087719,240.35,1,1,Bajo,Ascendente,Bajo valor / Ascendente
1134,87,689,51,5050.53,1557,16,603,99.03,False,180,8.527446446680203,58.92253521126761,57.770833333333336,False,-0.019546034022548897,Sin dato,Sin dato,Sin dato,Sin dato,Sin dato,Sin dato,6.0,2.0,12.0,4.0,3.0,4.0,30.529411764705884,736.75,1,7,Alto,Descendente,Alto valor / Descendente
1135,29,703,63,741.3,287,2,675,11.766666666666666,False,81,6.609753474123501,7.192957746478873,15.975,False,1.2209222635598198,45-54,U,50-74K,Unknown,Unknown,1,3.0,3.0,4.0,5.0,6.0,0.0,4.555555555555555,199.93,0,0,Bajo,Ascendente,Bajo valor / Ascendente
1136,15,704,59,1934.11,675,1,690,32.78152542372881,False,117,7.567919451393341,15.62605633802817,34.09083333333333,False,1.1816658404314446,Sin dato,Sin dato,Sin dato,Sin dato,Sin dato,Sin dato,6.0,2.0,12.0,4.0,3.0,4.0,11.440677966101696,495.74,1,2,Bajo,Ascendente,Bajo valor / Ascendente
1137,61,701,133,2106.2,661,4,641,15.836090225563908,False,66,7.653115330989016,22.909718309859155,24.993333333333336,False,0.09094895865993695,65+,B,35-49K,Homeowner,Single Male,None/Unknown,5.0,1.0,3.0,0.0,5.0,3.0,4.969924812030075,276.93,1,4,Bajo,Ascendente,Bajo valor / Ascendente
1138,8,704,208,4461.31,1242,1,697,21.44860576923077,False,98,8.403421848150655,47.151408450704224,44.85,False,-0.048808901501008084,35-44,U,15-24K,Unknown,2 Adults No Kids,None/Unknown,2.0,3.0,1.0,5.0,2.0,3.0,5.971153846153846,803.98,1,6,Alto,Descendente,Alto valor / Descendente
1139,55,705,92,7539.55,1880,0,651,81.95163043478261,False,164,8.928050402638778,80.57239436619719,52.419999999999995,False,-0.34940496168260904,Sin dato,Sin dato,Sin dato,Sin dato,Sin dato,Sin dato,6.0,2.0,12.0,4.0,3.0,4.0,20.434782608695652,690.7,1,7,Alto,Descendente,Alto valor / Descendente
1140,70,660,21,1164.18,299,45,591,55.43714285714286,False,91,7.060630860502679,13.145915492957746,17.934166666666666,False,0.3642387003228479,Sin dato,Sin dato,Sin dato,Sin dato,Sin dato,Sin dato,6.0,2.0,12.0,4.0,3.0,4.0,14.238095238095237,186.86,0,0,Bajo,Ascendente,Bajo valor / Ascendente
1141,88,696,59,1137.28,449,9,609,19.27593220338983,False,100,7.037273630116199,12.066619718309859,22.88,False,0.8961399740875188,Sin dato,Sin dato,Sin dato,Sin dato,Sin dato,Sin dato,6.0,2.0,12.0,4.0,3.0,4.0,7.610169491525424,274.45,1,1,Bajo,Ascendente,Bajo valor / Ascendente
1142,40,705,282,15095.68,4231,0,666,53.53078014184397,False,188,9.622230131078934,155.5032394366197,210.85833333333335,False,0.3559738954459233,45-54,A,50-74K,Homeowner,2 Adults No Kids,None/Unknown,3.0,0.0,4.0,0.0,2.0,3.0,15.00354609929078,1900.8700000000001,1,10,Alto,Ascendente,Alto valor / Ascendente
1143,65,636,12,173.31,42,69,572,14.4425,False,25,5.160835323226774,1.4239436619718309,3.095,False,1.173541048466865,Sin dato,Sin dato,Sin dato,Sin dato,Sin dato,Sin dato,6.0,2.0,12.0,4.0,3.0,4.0,3.5,60.49,0,0,Bajo,Ascendente,Bajo valor / Ascendente
1144,18,698,24,187.09,58,7,681,7.795416666666667,False,26,5.236920571682713,2.046056338028169,1.8925,False,-0.07504990706959455,Sin dato,Sin dato,Sin dato,Sin dato,Sin dato,Sin dato,6.0,2.0,12.0,4.0,3.0,4.0,2.4166666666666665,10.26,0,0,Bajo,Descendente,Bajo valor / Descendente
1145,10,674,79,3843.73,1066,31,665,48.65481012658228,False,134,8.25445865840781,48.19985915492958,14.278333333333334,False,-0.7037681523624735,Sin dato,Sin dato,Sin dato,Sin dato,Sin dato,Sin dato,6.0,2.0,12.0,4.0,3.0,4.0,13.49367088607595,816.05,1,5,Alto,Descendente,Alto valor / Descendente
1146,96,704,343,8671.4,2792,1,609,25.281049562682213,False,149,9.067900848076937,98.11647887323944,133.61833333333334,False,0.3618337599126457,35-44,B,35-49K,Homeowner,1 Adult Kids,3+,2.0,1.0,3.0,0.0,0.0,2.0,8.139941690962099,2060.94,1,9,Alto,Ascendente,Alto valor / Ascendente
1147,78,704,55,3761.16,1106,1,627,68.38472727272728,False,113,8.232748539525423,43.36929577464788,56.06333333333333,False,0.29269641879004005,19-24,U,25-34K,Unknown,2 Adults No Kids,None/Unknown,0.0,3.0,2.0,5.0,2.0,3.0,20.10909090909091,583.58,0,0,Alto,Ascendente,Alto valor / Ascendente
1148,38,658,25,454.08,115,47,621,18.1632,False,53,6.120473227671516,4.595492957746479,3.7325,False,-0.18779116096604143,Sin dato,Sin dato,Sin dato,Sin dato,Sin dato,Sin dato,6.0,2.0,12.0,4.0,3.0,4.0,4.6,49.3,0,0,Bajo,Descendente,Bajo valor / Descendente
1149,88,672,17,307.90999999999997,72,33,585,18.112352941176468,False,37,5.733049972336769,2.0853521126760564,6.994166666666666,False,2.3539499752352646,Sin dato,Sin dato,Sin dato,Sin dato,Sin dato,Sin dato,6.0,2.0,12.0,4.0,3.0,4.0,4.235294117647059,48.08,0,0,Bajo,Ascendente,Bajo valor / Ascendente
1150,98,552,14,845.39,283,153,455,60.385,False,78,6.740980246289439,11.759295774647887,0.0,False,-1.0,Sin dato,Sin dato,Sin dato,Sin dato,Sin dato,Sin dato,6.0,2.0,12.0,4.0,3.0,4.0,20.214285714285715,153.99,0,0,Bajo,Descendente,Bajo valor / Descendente
1151,36,705,158,2801.23,752,0,670,17.729303797468354,False,96,7.93817080775378,28.758591549295772,51.275,False,0.7829454516960027,45-54,U,Under 15K,Probable Renter,Single Male,None/Unknown,3.0,3.0,0.0,2.0,5.0,3.0,4.7594936708860756,417.86,1,2,Alto,Ascendente,Alto valor / Ascendente
1152,111,695,77,1305.66,370,10,585,16.956623376623376,False,102,7.175229542062567,9.705492957746479,20.46,False,1.1080845753094661,Sin dato,Sin dato,Sin dato,Sin dato,Sin dato,Sin dato,6.0,2.0,12.0,4.0,3.0,4.0,4.805194805194805,220.8,0,0,Bajo,Ascendente,Bajo valor / Ascendente
1153,60,705,65,1142.86,420,0,646,17.582461538461537,False,76,7.042163786828613,14.758169014084507,0.6608333333333333,False,-0.9552225392795906,Sin dato,Sin dato,Sin dato,Sin dato,Sin dato,Sin dato,6.0,2.0,12.0,4.0,3.0,4.0,6.461538461538462,285.91,1,1,Bajo,Descendente,Bajo valor / Descendente
1154,66,690,124,3678.72,1349,15,625,29.667096774193546,False,128,8.210591941311696,41.8374647887324,37.54833333333333,False,-0.10251891401780654,45-54,A,35-49K,Homeowner,Unknown,None/Unknown,3.0,0.0,3.0,0.0,6.0,3.0,10.879032258064516,801.06,1,5,Alto,Descendente,Alto valor / Descendente
1155,74,695,39,1924.77,665,10,622,49.35307692307692,False,99,7.563081166743212,16.475211267605633,49.123333333333335,False,1.9816511931426362,Sin dato,Sin dato,Sin dato,Sin dato,Sin dato,Sin dato,6.0,2.0,12.0,4.0,3.0,4.0,17.05128205128205,509.71,0,0,Bajo,Ascendente,Bajo valor / Ascendente
1156,52,638,29,999.33,256,67,587,34.4596551724138,False,88,6.908085224544113,10.144647887323943,9.804166666666667,False,-0.03356264548942286,Sin dato,Sin dato,Sin dato,Sin dato,Sin dato,Sin dato,6.0,2.0,12.0,4.0,3.0,4.0,8.827586206896552,136.72,0,0,Bajo,Descendente,Bajo valor / Descendente
1157,40,674,104,2779.86,888,31,635,26.729423076923077,False,142,7.930515511363044,32.19957746478873,11.94,False,-0.6291876807061593,Sin dato,Sin dato,Sin dato,Sin dato,Sin dato,Sin dato,6.0,2.0,12.0,4.0,3.0,4.0,8.538461538461538,319.44,1,3,Alto,Descendente,Alto valor / Descendente
1158,80,704,216,2887.76,1144,1,625,13.36925925925926,False,140,7.968582623287489,35.189577464788734,29.976666666666663,False,-0.1481379196251559,45-54,U,15-24K,Homeowner,2 Adults No Kids,None/Unknown,3.0,3.0,1.0,0.0,2.0,3.0,5.296296296296297,742.08,1,5,Alto,Descendente,Alto valor / Descendente
1159,109,705,232,4458.08,1492,0,597,19.215862068965517,False,148,8.402697745708965,50.40338028169014,48.88166666666667,False,-0.030190705593931364,45-54,A,15-24K,Homeowner,2 Adults No Kids,None/Unknown,3.0,0.0,1.0,0.0,2.0,3.0,6.431034482758621,647.49,1,4,Alto,Descendente,Alto valor / Descendente
1160,68,697,143,4342.41,1902,8,630,30.366503496503494,False,146,8.376415032868286,43.549436619718314,44.46083333333333,False,0.020927864614495546,65+,U,35-49K,Homeowner,Single Female,None/Unknown,5.0,3.0,3.0,0.0,4.0,3.0,13.3006993006993,1003.88,1,4,Alto,Ascendente,Alto valor / Ascendente
1161,19,705,63,1377.57,604,0,687,21.866190476190475,False,142,7.228802009007751,12.517323943661973,11.264166666666668,False,-0.10011383284762147,Sin dato,Sin dato,Sin dato,Sin dato,Sin dato,Sin dato,6.0,2.0,12.0,4.0,3.0,4.0,9.587301587301587,301.75,0,0,Bajo,Descendente,Bajo valor / Descendente
1162,107,497,33,431.76,180,208,391,13.083636363636364,False,50,6.070183301819372,5.632535211267606,0.0,False,-1.0,Sin dato,Sin dato,Sin dato,Sin dato,Sin dato,Sin dato,6.0,2.0,12.0,4.0,3.0,4.0,5.454545454545454,98.25,0,0,Bajo,Descendente,Bajo valor / Descendente
1163,16,694,153,4808.01,1467,11,679,31.424901960784315,False,166,8.478246520709895,56.46253521126761,24.418333333333333,False,-0.5675303412791065,35-44,U,Under 15K,Unknown,Unknown,None/Unknown,2.0,3.0,0.0,5.0,6.0,3.0,9.588235294117647,819.3900000000001,1,6,Alto,Descendente,Alto valor / Descendente
1164,38,695,102,4608.71,1372,10,658,45.18343137254902,False,113,8.435920227287472,49.35408450704225,42.4225,False,-0.14044601528477743,25-34,U,15-24K,Unknown,Single Male,None/Unknown,1.0,3.0,1.0,5.0,5.0,3.0,13.450980392156863,313.44,1,3,Alto,Descendente,Alto valor / Descendente
1165,83,689,56,1348.64,458,16,607,24.082857142857144,False,109,7.207593169203931,13.954788732394366,14.3925,False,0.03136638440032701,Sin dato,Sin dato,Sin dato,Sin dato,Sin dato,Sin dato,6.0,2.0,12.0,4.0,3.0,4.0,8.178571428571429,270.94,1,1,Bajo,Ascendente,Bajo valor / Ascendente
1166,77,704,405,12226.07,3760,1,628,30.187827160493825,False,188,9.41140762516256,140.18098591549295,116.84500000000001,False,-0.16647040797359539,45-54,A,125-149K,Homeowner,2 Adults Kids,1,3.0,0.0,7.0,0.0,1.0,0.0,9.283950617283951,2629.2400000000002,1,11,Alto,Descendente,Alto valor / Descendente
1167,60,700,147,6689.5,1870,5,641,45.506802721088434,False,182,8.808443888745044,70.96140845070423,72.85583333333334,False,0.02669655132261273,35-44,U,50-74K,Homeowner,2 Adults Kids,2,2.0,3.0,4.0,0.0,1.0,1.0,12.72108843537415,783.67,1,9,Alto,Ascendente,Alto valor / Ascendente
1168,42,703,69,874.23,216,2,662,12.67,False,63,6.774486708959586,8.880422535211267,12.940833333333332,False,0.4572317118946039,Sin dato,Sin dato,Sin dato,Sin dato,Sin dato,Sin dato,6.0,2.0,12.0,4.0,3.0,4.0,3.130434782608696,76.7,0,0,Bajo,Ascendente,Bajo valor / Ascendente
1169,76,705,128,5159.4,2100,0,630,40.3078125,False,136,8.548769374850982,54.349154929577466,62.37416666666667,False,0.14765660565444952,19-24,A,15-24K,Homeowner,2 Adults No Kids,None/Unknown,0.0,0.0,1.0,0.0,2.0,3.0,16.40625,1280.21,1,4,Alto,Ascendente,Alto valor / Ascendente
1170,56,649,7,68.45,21,56,594,9.778571428571428,False,16,4.240607069200353,0.808169014084507,0.16666666666666666,True,,Sin dato,Sin dato,Sin dato,Sin dato,Sin dato,Sin dato,6.0,2.0,12.0,4.0,3.0,4.0,3.0,7.05,0,0,Bajo,Sin tendencia disponible,Sin tendencia disponible
1171,118,679,33,872.02,234,26,562,26.424848484848486,False,86,6.771958465084629,9.813802816901408,13.588333333333333,False,0.3846144646325479,Sin dato,Sin dato,Sin dato,Sin dato,Sin dato,Sin dato,6.0,2.0,12.0,4.0,3.0,4.0,7.090909090909091,68.27,0,0,Bajo,Ascendente,Bajo valor / Ascendente
1172,1,703,166,4518.24,1159,2,703,27.218313253012045,False,155,8.416099117095975,43.79014084507042,79.7975,False,0.8222709144125311,25-34,B,50-74K,Unknown,Single Male,None/Unknown,1.0,1.0,4.0,5.0,5.0,3.0,6.981927710843373,599.5899999999999,1,4,Alto,Ascendente,Alto valor / Ascendente
1173,1,637,41,655.77,208,68,637,15.994390243902439,False,82,6.487333881090166,7.789295774647887,2.591666666666667,False,-0.6672784367616568,Sin dato,Sin dato,Sin dato,Sin dato,Sin dato,Sin dato,6.0,2.0,12.0,4.0,3.0,4.0,5.073170731707317,65.51,0,0,Bajo,Descendente,Bajo valor / Descendente
1174,78,704,122,2156.65,996,1,627,17.677459016393442,False,153,7.676774945453932,24.497605633802817,34.068333333333335,False,0.3906801277886697,25-34,U,Under 15K,Unknown,2 Adults Kids,3+,1.0,3.0,0.0,5.0,1.0,2.0,8.163934426229508,473.03,1,2,Alto,Ascendente,Alto valor / Ascendente
1175,95,705,134,7369.4800000000005,1712,0,611,54.99611940298508,False,160,8.905238111963538,83.61154929577465,84.91666666666667,False,0.015609295389027972,25-34,A,50-74K,Homeowner,Single Female,None/Unknown,1.0,0.0,4.0,0.0,4.0,3.0,12.776119402985074,612.02,1,5,Alto,Ascendente,Alto valor / Ascendente
1176,66,703,16,240.85,70,2,638,15.053125,False,29,5.488317699268992,0.5064788732394366,10.440833333333334,True,,Sin dato,Sin dato,Sin dato,Sin dato,Sin dato,Sin dato,6.0,2.0,12.0,4.0,3.0,4.0,4.375,48.44,0,0,Bajo,Sin tendencia disponible,Sin tendencia disponible
1177,111,698,17,337.98,135,7,588,19.881176470588237,False,41,5.825941108589908,2.9567605633802816,9.425,False,2.1876101557662078,Sin dato,Sin dato,Sin dato,Sin dato,Sin dato,Sin dato,6.0,2.0,12.0,4.0,3.0,4.0,7.9411764705882355,28.15,0,0,Bajo,Ascendente,Bajo valor / Ascendente
1178,39,700,209,4963.3,1617,5,662,23.747846889952154,False,161,8.510027579631327,45.97,71.83166666666666,False,0.5625770429990573,45-54,U,15-24K,Unknown,Single Female,None/Unknown,3.0,3.0,1.0,5.0,4.0,3.0,7.7368421052631575,1341.17,1,8,Alto,Ascendente,Alto valor / Ascendente
1179,89,705,203,9179.08,2596,0,617,45.21714285714285,False,188,9.124791198173515,103.08338028169014,138.93916666666667,False,0.3478328542098197,35-44,A,50-74K,Homeowner,2 Adults No Kids,None/Unknown,2.0,0.0,4.0,0.0,2.0,3.0,12.788177339901479,1477.54,1,7,Alto,Ascendente,Alto valor / Ascendente
1180,92,701,166,5430.04,1480,4,610,32.7110843373494,False,137,8.59988592313385,63.96380281690141,60.634166666666665,False,-0.052055006169128906,Sin dato,Sin dato,Sin dato,Sin dato,Sin dato,Sin dato,6.0,2.0,12.0,4.0,3.0,4.0,8.91566265060241,789.95,1,4,Alto,Descendente,Alto valor / Descendente
1181,46,644,88,2192.8,902,61,599,24.91818181818182,False,132,7.693390478977234,22.524788732394367,10.799166666666666,False,-0.5205652405904397,Sin dato,Sin dato,Sin dato,Sin dato,Sin dato,Sin dato,6.0,2.0,12.0,4.0,3.0,4.0,10.25,462.23,1,3,Alto,Descendente,Alto valor / Descendente
1182,47,684,124,1966.38,661,21,638,15.857903225806453,False,113,7.584457987326061,16.92225352112676,13.919166666666667,False,-0.17746376690970014,Sin dato,Sin dato,Sin dato,Sin dato,Sin dato,Sin dato,6.0,2.0,12.0,4.0,3.0,4.0,5.330645161290323,296.26,1,3,Bajo,Descendente,Bajo valor / Descendente
1183,88,677,9,260.04,137,28,590,28.893333333333334,False,58,5.564673652285065,0.2784507042253521,8.438333333333334,True,,Sin dato,Sin dato,Sin dato,Sin dato,Sin dato,Sin dato,6.0,2.0,12.0,4.0,3.0,4.0,15.222222222222221,96.27000000000001,0,0,Bajo,Sin tendencia disponible,Sin tendencia disponible
1184,10,693,13,713.9,224,12,684,54.91538461538461,False,81,6.572142672772806,3.570845070422535,4.006666666666667,False,0.12204998750969648,Sin dato,Sin dato,Sin dato,Sin dato,Sin dato,Sin dato,6.0,2.0,12.0,4.0,3.0,4.0,17.23076923076923,148.34,1,1,Bajo,Ascendente,Bajo valor / Ascendente
1185,11,702,60,1321.75,429,3,692,22.029166666666665,False,105,7.187468181784241,6.938028169014085,54.615,False,6.871833130328868,Sin dato,Sin dato,Sin dato,Sin dato,Sin dato,Sin dato,6.0,2.0,12.0,4.0,3.0,4.0,7.15,245.05,0,0,Bajo,Ascendente,Bajo valor / Ascendente
1186,31,699,77,5837.93,1335,6,669,75.81727272727274,False,179,8.672302839857506,53.672112676056344,124.29666666666667,False,1.3158519474884884,45-54,A,50-74K,Homeowner,1 Adult Kids,3+,3.0,0.0,4.0,0.0,0.0,2.0,17.337662337662337,618.67,1,5,Alto,Ascendente,Alto valor / Ascendente
1187,71,698,131,2973.97,1208,7,628,22.70206106870229,False,125,7.9979892338952725,33.600985915492956,45.73500000000001,False,0.36112077529582914,Sin dato,Sin dato,Sin dato,Sin dato,Sin dato,Sin dato,6.0,2.0,12.0,4.0,3.0,4.0,9.221374045801527,436.22,1,6,Alto,Ascendente,Alto valor / Ascendente
1188,107,705,148,3676.35,2248,0,599,24.8402027027027,False,158,8.209947663064519,33.46422535211268,98.045,False,1.9298451994141315,45-54,U,35-49K,Renter,Unknown,None/Unknown,3.0,3.0,3.0,3.0,6.0,3.0,15.18918918918919,1200.74,1,3,Alto,Ascendente,Alto valor / Ascendente
1189,56,699,51,954.21,273,6,644,18.71,False,84,6.861931211595263,9.836619718309858,8.010833333333332,False,-0.18561115883925167,Sin dato,Sin dato,Sin dato,Sin dato,Sin dato,Sin dato,6.0,2.0,12.0,4.0,3.0,4.0,5.352941176470588,123.24,0,0,Bajo,Descendente,Bajo valor / Descendente
1190,65,693,249,3251.53,1182,12,629,13.058353413654618,False,159,8.08718843401822,36.724929577464785,32.645833333333336,False,-0.11107158791216502,25-34,U,35-49K,Homeowner,2 Adults No Kids,None/Unknown,1.0,3.0,3.0,0.0,2.0,3.0,4.746987951807229,545.97,1,7,Alto,Descendente,Alto valor / Descendente
1191,95,705,97,2444.89,799,0,611,25.20505154639175,False,121,7.8021643438540265,27.871830985915494,32.910000000000004,False,0.18076203951690342,Sin dato,Sin dato,Sin dato,Sin dato,Sin dato,Sin dato,6.0,2.0,12.0,4.0,3.0,4.0,8.237113402061855,322.56,1,2,Alto,Ascendente,Alto valor / Ascendente
1192,62,704,98,1474.18,454,1,643,15.04265306122449,False,86,7.296535295226695,13.39830985915493,32.685833333333335,False,1.4395489936366441,Sin dato,Sin dato,Sin dato,Sin dato,Sin dato,Sin dato,6.0,2.0,12.0,4.0,3.0,4.0,4.63265306122449,245.03,0,0,Bajo,Ascendente,Bajo valor / Ascendente
1193,48,698,219,4723.65,1586,7,651,21.56917808219178,False,156,8.460548763110149,28.665915492957748,21.060833333333335,False,-0.265300515571977,Sin dato,Sin dato,Sin dato,Sin dato,Sin dato,Sin dato,6.0,2.0,12.0,4.0,3.0,4.0,7.242009132420091,1117.19,1,3,Alto,Descendente,Alto valor / Descendente
1194,88,702,62,1276.74,548,3,615,20.59258064516129,False,117,7.152848171360671,12.300422535211268,22.7975,False,0.8533916159985342,Sin dato,Sin dato,Sin dato,Sin dato,Sin dato,Sin dato,6.0,2.0,12.0,4.0,3.0,4.0,8.838709677419354,255.25,0,0,Bajo,Ascendente,Bajo valor / Ascendente
1195,36,705,41,1271.09,369,0,670,31.002195121951218,False,94,7.148416496114051,7.749295774647888,32.90916666666667,False,3.246729976978069,Sin dato,Sin dato,Sin dato,Sin dato,Sin dato,Sin dato,6.0,2.0,12.0,4.0,3.0,4.0,9.0,172.95,0,0,Bajo,Ascendente,Bajo valor / Ascendente
1196,59,682,27,1915.95,546,23,624,70.96111111111111,False,104,7.5584906602850435,18.318591549295775,37.729166666666664,False,1.0596106728585852,Sin dato,Sin dato,Sin dato,Sin dato,Sin dato,Sin dato,6.0,2.0,12.0,4.0,3.0,4.0,20.22222222222222,224.99,0,0,Bajo,Ascendente,Bajo valor / Ascendente
1197,50,705,160,7988.7300000000005,1988,0,656,49.9295625,False,170,8.985912245949049,82.1874647887324,133.46666666666667,False,0.6239297198149426,35-44,A,150-174K,Homeowner,2 Adults No Kids,None/Unknown,2.0,0.0,8.0,0.0,2.0,3.0,12.425,1282.19,1,6,Alto,Ascendente,Alto valor / Ascendente
1198,107,696,44,1004.6,292,9,590,22.831818181818182,False,73,6.913339657276038,11.56,9.680833333333334,False,-0.16255767012687425,Sin dato,Sin dato,Sin dato,Sin dato,Sin dato,Sin dato,6.0,2.0,12.0,4.0,3.0,4.0,6.636363636363637,247.13,0,0,Bajo,Descendente,Bajo valor / Descendente
1199,104,281,7,163.57,47,424,178,23.367142857142856,True,23,5.103336011607292,1.8985915492957748,0.0,False,-1.0,Sin dato,Sin dato,Sin dato,Sin dato,Sin dato,Sin dato,6.0,2.0,12.0,4.0,3.0,4.0,6.714285714285714,22.25,0,0,Bajo,Descendente,Bajo valor / Descendente
1200,67,685,30,1619.45,556,20,619,53.98166666666667,False,115,7.3904591674311035,18.320845070422536,4.621666666666667,False,-0.7477372550828477,Sin dato,Sin dato,Sin dato,Sin dato,Sin dato,Sin dato,6.0,2.0,12.0,4.0,3.0,4.0,18.533333333333335,365.45,0,0,Bajo,Descendente,Bajo valor / Descendente
1201,36,696,38,537.6,183,9,661,14.147368421052633,False,71,6.288973180377498,5.985633802816902,4.1275,False,-0.3104322556355593,Sin dato,Sin dato,Sin dato,Sin dato,Sin dato,Sin dato,6.0,2.0,12.0,4.0,3.0,4.0,4.815789473684211,122.23000000000002,0,0,Bajo,Descendente,Bajo valor / Descendente
1202,30,695,25,587.47,128,10,666,23.498800000000003,False,45,6.377525948340634,3.8088732394366196,17.069166666666668,False,3.4814215631894885,Sin dato,Sin dato,Sin dato,Sin dato,Sin dato,Sin dato,6.0,2.0,12.0,4.0,3.0,4.0,5.12,132.14000000000001,0,0,Bajo,Ascendente,Bajo valor / Ascendente
1203,83,703,171,6341.09,1972,2,621,37.082397660818714,False,152,8.754963646104507,69.39197183098591,77.65,False,0.11900552688036747,Sin dato,Sin dato,Sin dato,Sin dato,Sin dato,Sin dato,6.0,2.0,12.0,4.0,3.0,4.0,11.532163742690058,902.92,1,6,Alto,Ascendente,Alto valor / Ascendente
1204,78,703,80,2032.51,611,2,626,25.406375,False,123,7.61751864296489,21.590704225352113,13.054166666666667,False,-0.3953802279715231,Sin dato,Sin dato,Sin dato,Sin dato,Sin dato,Sin dato,6.0,2.0,12.0,4.0,3.0,4.0,7.6375,558.66,1,2,Bajo,Descendente,Bajo valor / Descendente
1205,43,679,186,4383.72,1629,26,637,23.568387096774195,False,151,8.385881048719636,47.98619718309859,29.111666666666668,False,-0.3933324919333219,Sin dato,Sin dato,Sin dato,Sin dato,Sin dato,Sin dato,6.0,2.0,12.0,4.0,3.0,4.0,8.758064516129032,1085.5,0,0,Alto,Descendente,Alto valor / Descendente
1206,49,700,381,6172.13,2471,5,652,16.19981627296588,False,183,8.727961281624603,64.59845070422534,47.82666666666666,False,-0.2596313666151385,Sin dato,Sin dato,Sin dato,Sin dato,Sin dato,Sin dato,6.0,2.0,12.0,4.0,3.0,4.0,6.485564304461942,1285.61,1,6,Alto,Descendente,Alto valor / Descendente
1207,76,705,108,765.37,337,0,630,7.086759259259259,False,81,6.641665081840398,8.556478873239437,8.2675,False,-0.03377310661552895,Sin dato,Sin dato,Sin dato,Sin dato,Sin dato,Sin dato,6.0,2.0,12.0,4.0,3.0,4.0,3.1203703703703702,266.64,1,3,Bajo,Descendente,Bajo valor / Descendente
1208,91,694,54,1078.06,436,11,604,19.964074074074073,False,114,6.983845570755679,10.601971830985915,25.689999999999998,False,1.4231341499056778,Sin dato,Sin dato,Sin dato,Sin dato,Sin dato,Sin dato,6.0,2.0,12.0,4.0,3.0,4.0,8.074074074074074,165.14,0,0,Bajo,Ascendente,Bajo valor / Ascendente
1209,106,705,18,292.84,66,0,600,16.26888888888889,False,42,5.683035401511412,2.9319718309859155,5.6816666666666675,False,0.937831259707611,Sin dato,Sin dato,Sin dato,Sin dato,Sin dato,Sin dato,6.0,2.0,12.0,4.0,3.0,4.0,3.6666666666666665,29.93,0,0,Bajo,Ascendente,Bajo valor / Ascendente
1210,69,696,37,921.33,385,9,628,24.90081081081081,False,97,6.826903077089879,9.533802816901408,18.17833333333333,False,0.9067242822671983,Sin dato,Sin dato,Sin dato,Sin dato,Sin dato,Sin dato,6.0,2.0,12.0,4.0,3.0,4.0,10.405405405405405,225.14,0,0,Bajo,Ascendente,Bajo valor / Ascendente
1211,54,701,166,8835.380000000001,1415,4,648,53.22518072289157,False,123,9.086632569500297,91.41732394366197,108.92583333333334,False,0.19152288247314478,Sin dato,Sin dato,Sin dato,Sin dato,Sin dato,Sin dato,6.0,2.0,12.0,4.0,3.0,4.0,8.524096385542169,964.14,1,3,Alto,Ascendente,Alto valor / Ascendente
1212,84,685,6,195.27,92,20,602,32.545,False,45,5.279491262297988,1.921549295774648,1.7258333333333333,False,-0.10185320921595943,Sin dato,Sin dato,Sin dato,Sin dato,Sin dato,Sin dato,6.0,2.0,12.0,4.0,3.0,4.0,15.333333333333334,43.23,0,0,Bajo,Descendente,Bajo valor / Descendente
1213,31,705,46,622.22,186,0,675,13.526521739130436,False,71,6.434899586467775,5.977183098591549,1.9166666666666667,False,-0.679336129569411,Sin dato,Sin dato,Sin dato,Sin dato,Sin dato,Sin dato,6.0,2.0,12.0,4.0,3.0,4.0,4.043478260869565,85.09,0,0,Bajo,Descendente,Bajo valor / Descendente
1214,55,675,7,122.95,27,30,621,17.564285714285713,False,17,4.819878258481199,1.0232394366197184,1.0816666666666668,False,0.05710025235145678,Sin dato,Sin dato,Sin dato,Sin dato,Sin dato,Sin dato,6.0,2.0,12.0,4.0,3.0,4.0,3.857142857142857,21.43,0,0,Bajo,Ascendente,Bajo valor / Ascendente
1215,107,695,15,786.45,192,10,589,52.43,False,76,6.668799876620589,3.319718309859155,25.603333333333335,False,6.712501767783906,Sin dato,Sin dato,Sin dato,Sin dato,Sin dato,Sin dato,6.0,2.0,12.0,4.0,3.0,4.0,12.8,86.22,0,0,Bajo,Ascendente,Bajo valor / Ascendente
1216,95,705,133,5289.38,2027,0,611,39.76977443609022,False,174,8.573645355920826,64.26450704225351,18.614166666666666,False,-0.7103507437717065,Sin dato,Sin dato,Sin dato,Sin dato,Sin dato,Sin dato,6.0,2.0,12.0,4.0,3.0,4.0,15.240601503759398,926.5999999999999,1,11,Alto,Descendente,Alto valor / Descendente
1217,102,701,52,2605.05,960,4,600,50.097115384615385,False,140,7.865590943993441,25.55394366197183,54.16416666666667,False,1.1196010832281524,Sin dato,Sin dato,Sin dato,Sin dato,Sin dato,Sin dato,6.0,2.0,12.0,4.0,3.0,4.0,18.46153846153846,601.45,1,1,Alto,Ascendente,Alto valor / Ascendente
1218,103,702,96,3093.53,1088,3,600,32.224270833333335,False,147,8.03739131575191,37.334647887323946,21.626666666666665,False,-0.4207346823803992,45-54,A,35-49K,Homeowner,2 Adults Kids,2,3.0,0.0,3.0,0.0,1.0,1.0,11.333333333333334,670.2400000000001,1,1,Alto,Descendente,Alto valor / Descendente
1219,78,704,118,809.2,345,1,627,6.857627118644068,False,87,6.69728113076859,7.42887323943662,16.929166666666667,False,1.2788336967169085,19-24,A,15-24K,Homeowner,2 Adults Kids,1,0.0,0.0,1.0,0.0,1.0,0.0,2.9237288135593222,143.46,1,2,Bajo,Ascendente,Bajo valor / Ascendente
1220,13,632,31,787.04,351,73,620,25.388387096774192,False,108,6.669548849990882,5.753521126760563,4.0925,False,-0.2886964504283965,Sin dato,Sin dato,Sin dato,Sin dato,Sin dato,Sin dato,6.0,2.0,12.0,4.0,3.0,4.0,11.32258064516129,172.09,0,0,Bajo,Descendente,Bajo valor / Descendente
1221,106,681,15,652.34,222,24,576,43.489333333333335,False,86,6.482097667586024,3.9633802816901404,21.0075,False,4.300399786780384,Sin dato,Sin dato,Sin dato,Sin dato,Sin dato,Sin dato,6.0,2.0,12.0,4.0,3.0,4.0,14.8,82.38,0,0,Bajo,Ascendente,Bajo valor / Ascendente
1222,27,698,173,5816.57,1989,7,672,33.62179190751445,False,175,8.668637927764133,71.55352112676057,33.645,False,-0.5297925319370903,45-54,U,15-24K,Homeowner,Single Female,None/Unknown,3.0,3.0,1.0,0.0,4.0,3.0,11.497109826589595,1222.28,1,7,Alto,Descendente,Alto valor / Descendente
1223,110,691,57,1743.69,492,14,582,30.591052631578947,False,100,7.464332168425021,17.55929577464789,35.06666666666667,False,0.9970428835361337,Sin dato,Sin dato,Sin dato,Sin dato,Sin dato,Sin dato,6.0,2.0,12.0,4.0,3.0,4.0,8.631578947368421,354.39,1,1,Bajo,Ascendente,Bajo valor / Ascendente
1224,113,701,91,2338.13,1184,4,589,25.693736263736266,False,130,7.7575343443471025,26.998028169014088,23.485833333333332,False,-0.1300907908419674,Sin dato,Sin dato,Sin dato,Sin dato,Sin dato,Sin dato,6.0,2.0,12.0,4.0,3.0,4.0,13.010989010989011,459.02,1,2,Alto,Descendente,Alto valor / Descendente
1225,45,696,76,1415.38,655,9,652,18.62342105263158,False,117,7.255859599833058,12.397323943661972,27.4475,False,1.2139858670090093,Sin dato,Sin dato,Sin dato,Sin dato,Sin dato,Sin dato,6.0,2.0,12.0,4.0,3.0,4.0,8.618421052631579,240.32,0,0,Bajo,Ascendente,Bajo valor / Ascendente
1226,111,701,76,6237.46,2368,4,591,82.07184210526316,False,166,8.738488636032812,71.20070422535211,91.56583333333333,False,0.2860242652028419,25-34,B,35-49K,Homeowner,1 Adult Kids,2,1.0,1.0,3.0,0.0,0.0,1.0,31.157894736842106,1413.8400000000001,1,7,Alto,Ascendente,Alto valor / Ascendente
1227,107,703,81,3610.08,1181,2,597,44.568888888888885,False,160,8.191762175559882,42.60633802816902,38.16583333333333,False,-0.10422169330534498,Sin dato,Sin dato,Sin dato,Sin dato,Sin dato,Sin dato,6.0,2.0,12.0,4.0,3.0,4.0,14.580246913580247,451.30000000000007,1,3,Alto,Descendente,Alto valor / Descendente
1228,10,705,789,14386.02,3968,0,696,18.2332319391635,False,217,9.574081690179947,145.38605633802817,186.32083333333333,False,0.2815591675458218,45-54,U,100-124K,Unknown,Single Female,None/Unknown,3.0,3.0,6.0,5.0,4.0,3.0,5.02915082382763,2496.65,1,6,Alto,Ascendente,Alto valor / Ascendente
1229,27,705,378,18003.95,4389,0,679,47.62949735449735,False,208,9.798401999072732,184.57450704225354,242.29250000000002,False,0.31270836846679717,55-64,A,150-174K,Homeowner,2 Adults No Kids,None/Unknown,4.0,0.0,8.0,0.0,2.0,3.0,11.61111111111111,1659.13,1,9,Alto,Ascendente,Alto valor / Ascendente
1230,63,693,20,258.53000000000003,65,12,631,12.9265,False,35,5.558872302860393,3.057042253521127,2.4991666666666665,False,-0.18248867388466564,Sin dato,Sin dato,Sin dato,Sin dato,Sin dato,Sin dato,6.0,2.0,12.0,4.0,3.0,4.0,3.25,25.17,0,0,Bajo,Descendente,Bajo valor / Descendente
1231,87,703,55,1919.79,746,2,617,34.905272727272724,False,95,7.560491838729393,19.67225352112676,34.94083333333334,False,0.7761479789699277,Sin dato,Sin dato,Sin dato,Sin dato,Sin dato,Sin dato,6.0,2.0,12.0,4.0,3.0,4.0,13.563636363636364,554.06,0,0,Bajo,Ascendente,Bajo valor / Ascendente
1232,32,545,22,488.49,179,160,514,22.204090909090908,False,62,6.193364032752697,6.6643661971830985,0.0,False,-1.0,Sin dato,Sin dato,Sin dato,Sin dato,Sin dato,Sin dato,6.0,2.0,12.0,4.0,3.0,4.0,8.136363636363637,162.14,0,0,Bajo,Descendente,Bajo valor / Descendente
1233,46,693,38,1778.52,613,12,648,46.80315789473684,False,104,7.484098943999199,13.814929577464788,5.641666666666667,False,-0.5916253763703961,Sin dato,Sin dato,Sin dato,Sin dato,Sin dato,Sin dato,6.0,2.0,12.0,4.0,3.0,4.0,16.13157894736842,332.19,1,1,Bajo,Descendente,Bajo valor / Descendente
1234,70,703,93,5499.79,1560,2,634,59.13752688172043,False,173,8.612646997269485,66.1456338028169,59.10166666666667,False,-0.10649179289971909,45-54,B,35-49K,Homeowner,2 Adults No Kids,None/Unknown,3.0,1.0,3.0,0.0,2.0,3.0,16.774193548387096,915.11,1,6,Alto,Descendente,Alto valor / Descendente
1235,116,662,19,836.15,184,43,547,44.007894736842104,False,67,6.730003265902552,9.955774647887324,7.734999999999999,False,-0.22306397306397313,Sin dato,Sin dato,Sin dato,Sin dato,Sin dato,Sin dato,6.0,2.0,12.0,4.0,3.0,4.0,9.68421052631579,92.47999999999999,0,0,Bajo,Descendente,Bajo valor / Descendente
1236,103,700,193,3981.83,1470,5,598,20.631243523316062,False,126,8.289747900874834,46.746901408450704,32.495,False,-0.3048737131029247,35-44,U,50-74K,Unknown,2 Adults Kids,1,2.0,3.0,4.0,5.0,1.0,0.0,7.616580310880829,683.68,1,3,Alto,Descendente,Alto valor / Descendente
1237,114,621,20,1051.16,341,84,508,52.55800000000001,False,86,6.958600472987706,13.771830985915495,0.0,False,-1.0,Sin dato,Sin dato,Sin dato,Sin dato,Sin dato,Sin dato,6.0,2.0,12.0,4.0,3.0,4.0,17.05,171.72,1,2,Bajo,Descendente,Bajo valor / Descendente
1238,3,704,51,4678.61,1787,1,702,91.73745098039215,False,146,8.450970052105944,40.514647887323946,26.585833333333337,False,-0.34379700380781536,Sin dato,Sin dato,Sin dato,Sin dato,Sin dato,Sin dato,6.0,2.0,12.0,4.0,3.0,4.0,35.03921568627451,1446.5099999999998,1,8,Alto,Descendente,Alto valor / Descendente
1239,93,656,25,1882.1000000000001,708,49,564,75.284,False,88,7.540674633991596,23.03154929577465,13.039166666666667,False,-0.43385629428503875,Sin dato,Sin dato,Sin dato,Sin dato,Sin dato,Sin dato,6.0,2.0,12.0,4.0,3.0,4.0,28.32,397.36,1,2,Bajo,Descendente,Bajo valor / Descendente
1240,99,704,215,10973.76,2824,1,606,51.04074418604651,False,186,9.303353369822718,110.94225352112677,229.18416666666667,False,1.0657969294180873,45-54,U,Under 15K,Homeowner,2 Adults No Kids,None/Unknown,3.0,3.0,0.0,0.0,2.0,3.0,13.134883720930233,871.4399999999999,1,5,Alto,Ascendente,Alto valor / Ascendente
1241,6,692,90,1936.52,554,13,687,21.51688888888889,False,107,7.5691640837548695,13.121408450704225,66.51916666666666,False,4.069514215381092,Sin dato,Sin dato,Sin dato,Sin dato,Sin dato,Sin dato,6.0,2.0,12.0,4.0,3.0,4.0,6.155555555555556,365.44,0,0,Bajo,Ascendente,Bajo valor / Ascendente
1242,114,705,35,830.11,245,0,592,23.71742857142857,False,78,6.7227621567330145,9.986197183098591,4.49,False,-0.5503793969140504,Sin dato,Sin dato,Sin dato,Sin dato,Sin dato,Sin dato,6.0,2.0,12.0,4.0,3.0,4.0,7.0,270.36,0,0,Bajo,Descendente,Bajo valor / Descendente
1243,101,594,15,249.70000000000002,73,111,494,16.64666666666667,False,36,5.524257005164248,3.5169014084507046,0.0,False,-1.0,Sin dato,Sin dato,Sin dato,Sin dato,Sin dato,Sin dato,6.0,2.0,12.0,4.0,3.0,4.0,4.866666666666666,16.85,0,0,Bajo,Descendente,Bajo valor / Descendente
1244,80,649,33,600.0,216,56,570,18.181818181818183,False,75,6.398594934535208,6.949718309859155,0.4483333333333333,False,-0.9354889920218336,Sin dato,Sin dato,Sin dato,Sin dato,Sin dato,Sin dato,6.0,2.0,12.0,4.0,3.0,4.0,6.545454545454546,104.27,0,0,Bajo,Descendente,Bajo valor / Descendente
1245,69,703,251,4449.66,1456,2,635,17.727729083665338,False,159,8.400807678769503,43.30014084507042,76.84166666666667,False,0.7746285616393055,Sin dato,Sin dato,Sin dato,Sin dato,Sin dato,Sin dato,6.0,2.0,12.0,4.0,3.0,4.0,5.800796812749004,681.82,1,5,Alto,Ascendente,Alto valor / Ascendente
1246,38,702,97,5428.25,1344,3,665,55.96134020618557,False,142,8.59955628184136,48.309295774647886,64.77416666666666,False,0.3408220018114885,Sin dato,Sin dato,Sin dato,Sin dato,Sin dato,Sin dato,6.0,2.0,12.0,4.0,3.0,4.0,13.855670103092784,651.07,1,3,Alto,Ascendente,Alto valor / Ascendente
1247,108,703,121,6583.21,2640,2,596,54.40669421487603,False,146,8.792429637352507,77.20647887323943,77.82083333333334,False,0.007957291526046375,35-44,A,35-49K,Homeowner,2 Adults No Kids,None/Unknown,2.0,0.0,3.0,0.0,2.0,3.0,21.818181818181817,1174.6299999999999,1,5,Alto,Ascendente,Alto valor / Ascendente
1248,50,702,158,9091.29,2306,3,653,57.53981012658228,False,147,9.11518208063622,95.39901408450704,66.45416666666667,False,-0.30340824478752204,45-54,U,50-74K,Unknown,1 Adult Kids,1,3.0,3.0,4.0,5.0,0.0,0.0,14.594936708860759,1315.2,1,7,Alto,Descendente,Alto valor / Descendente
1249,108,704,23,491.62,224,1,597,21.374782608695654,False,74,6.199738085755463,3.3801408450704225,20.136666666666667,False,4.9573454449490955,Sin dato,Sin dato,Sin dato,Sin dato,Sin dato,Sin dato,6.0,2.0,12.0,4.0,3.0,4.0,9.73913043478261,70.3,0,0,Bajo,Ascendente,Bajo valor / Ascendente
1250,81,699,6,203.17,89,6,619,33.861666666666665,False,53,5.318952980148108,1.3814084507042252,7.764166666666667,False,4.620471383904296,Sin dato,Sin dato,Sin dato,Sin dato,Sin dato,Sin dato,6.0,2.0,12.0,4.0,3.0,4.0,14.833333333333334,65.9,0,0,Bajo,Ascendente,Bajo valor / Ascendente
1251,55,654,53,325.77,108,51,600,6.146603773584905,False,39,5.789256559506431,3.5974647887323945,2.0558333333333336,False,-0.428532743455224,Sin dato,Sin dato,Sin dato,Sin dato,Sin dato,Sin dato,6.0,2.0,12.0,4.0,3.0,4.0,2.0377358490566038,95.21000000000001,1,1,Bajo,Descendente,Bajo valor / Descendente
1252,35,694,46,1152.78,384,11,660,25.060434782608695,False,102,7.050798787645858,7.700422535211268,36.833333333333336,False,3.783287302080857,Sin dato,Sin dato,Sin dato,Sin dato,Sin dato,Sin dato,6.0,2.0,12.0,4.0,3.0,4.0,8.347826086956522,548.6999999999999,0,0,Bajo,Ascendente,Bajo valor / Ascendente
1253,102,622,24,570.15,210,83,521,23.756249999999998,False,73,6.347651872179956,6.775211267605634,0.7891666666666666,False,-0.8835214673762404,Sin dato,Sin dato,Sin dato,Sin dato,Sin dato,Sin dato,6.0,2.0,12.0,4.0,3.0,4.0,8.75,151.18,0,0,Bajo,Descendente,Bajo valor / Descendente
1254,58,638,6,252.31,96,67,581,42.05166666666667,False,54,5.534614035107159,1.7145070422535211,3.0716666666666668,False,0.7915742490210576,Sin dato,Sin dato,Sin dato,Sin dato,Sin dato,Sin dato,6.0,2.0,12.0,4.0,3.0,4.0,16.0,57.24,0,0,Bajo,Ascendente,Bajo valor / Ascendente
1255,60,694,28,522.3,190,11,635,18.65357142857143,False,60,6.260154913378162,4.368309859154929,8.704166666666667,False,0.9925707990757163,Sin dato,Sin dato,Sin dato,Sin dato,Sin dato,Sin dato,6.0,2.0,12.0,4.0,3.0,4.0,6.785714285714286,181.03,0,0,Bajo,Ascendente,Bajo valor / Ascendente
1256,20,705,169,5271.43,1523,0,686,31.19189349112426,False,148,8.570246635830468,55.805211267605635,69.34083333333334,False,0.2425512198281918,45-54,U,50-74K,Unknown,1 Adult Kids,1,3.0,3.0,4.0,5.0,0.0,0.0,9.011834319526628,453.96999999999997,1,10,Alto,Ascendente,Alto valor / Ascendente
1257,90,703,29,1314.6,451,2,614,45.33103448275862,False,109,7.1820481143149015,15.022253521126759,15.934166666666668,False,0.0607041509622659,45-54,U,50-74K,Homeowner,2 Adults Kids,1,3.0,3.0,4.0,0.0,1.0,0.0,15.551724137931034,236.24,1,1,Bajo,Ascendente,Bajo valor / Ascendente
1258,6,704,227,3440.87,997,1,699,15.158017621145374,False,127,8.143770207319124,36.7030985915493,44.04333333333333,False,0.19998951106199198,45-54,U,75-99K,Homeowner,Unknown,None/Unknown,3.0,3.0,5.0,0.0,6.0,3.0,4.392070484581498,724.04,1,6,Alto,Ascendente,Alto valor / Ascendente
1259,108,682,33,1163.62,423,23,575,35.26121212121212,False,68,7.0601501325339395,14.083521126760562,10.665833333333333,False,-0.2426728204307634,Sin dato,Sin dato,Sin dato,Sin dato,Sin dato,Sin dato,6.0,2.0,12.0,4.0,3.0,4.0,12.818181818181818,265.99,1,1,Bajo,Descendente,Bajo valor / Descendente
1260,24,700,166,11041.81,3600,5,677,66.51692771084338,False,194,9.309534816429586,108.7056338028169,86.46333333333332,False,-0.2046103747468074,65+,U,50-74K,Homeowner,Single Male,None/Unknown,5.0,3.0,4.0,0.0,5.0,3.0,21.686746987951807,947.71,1,3,Alto,Descendente,Alto valor / Descendente
1261,48,705,228,3777.98,1403,0,658,16.570087719298247,False,151,8.237209410930086,41.37211267605634,40.08,False,-0.03123148885756896,45-54,A,25-34K,Homeowner,Single Female,None/Unknown,3.0,0.0,2.0,0.0,4.0,3.0,6.1535087719298245,630.71,1,6,Alto,Descendente,Alto valor / Descendente
1262,44,664,29,769.72,379,41,621,26.54206896551724,False,98,6.647325142881911,4.0622535211267605,2.6083333333333334,False,-0.357909761227839,Sin dato,Sin dato,Sin dato,Sin dato,Sin dato,Sin dato,6.0,2.0,12.0,4.0,3.0,4.0,13.068965517241379,183.11,0,0,Bajo,Descendente,Bajo valor / Descendente
1263,18,682,126,5257.44,1381,23,665,41.72571428571428,False,154,8.56758968379705,67.08647887323944,10.515,False,-0.8432620078351676,25-34,B,15-24K,Unknown,Single Male,None/Unknown,1.0,1.0,1.0,5.0,5.0,3.0,10.96031746031746,750.05,1,8,Alto,Descendente,Alto valor / Descendente
1264,49,701,132,6458.78,1544,4,653,48.930151515151515,False,176,8.773350540469185,76.81436619718309,38.86,False,-0.49410504930489085,45-54,U,15-24K,Unknown,Single Male,None/Unknown,3.0,3.0,1.0,5.0,5.0,3.0,11.696969696969697,1061.74,1,8,Alto,Descendente,Alto valor / Descendente
1265,118,683,48,1403.89,617,22,566,29.247708333333335,False,102,7.247714286887936,17.791830985915492,8.525833333333333,False,-0.5208006786888534,Sin dato,Sin dato,Sin dato,Sin dato,Sin dato,Sin dato,6.0,2.0,12.0,4.0,3.0,4.0,12.854166666666666,383.98,1,1,Bajo,Descendente,Bajo valor / Descendente
1266,17,700,115,1657.1100000000001,432,5,684,14.409652173913045,False,96,7.413433678488477,18.30830985915493,16.469166666666666,False,-0.1004540127754401,Sin dato,Sin dato,Sin dato,Sin dato,Sin dato,Sin dato,6.0,2.0,12.0,4.0,3.0,4.0,3.756521739130435,539.17,1,5,Bajo,Descendente,Bajo valor / Descendente
1267,79,679,65,1651.65,691,26,601,25.41,False,127,7.410135339164598,18.75605633802817,18.199166666666667,False,-0.029691192078176987,25-34,U,75-99K,Unknown,Single Female,None/Unknown,1.0,3.0,5.0,5.0,4.0,3.0,10.63076923076923,163.14,0,0,Bajo,Descendente,Bajo valor / Descendente
1268,81,692,70,2962.02,840,13,612,42.314571428571426,False,132,7.993964297466411,32.76014084507042,14.818333333333333,False,-0.5476718673642966,35-44,U,Under 15K,Homeowner,2 Adults Kids,2,2.0,3.0,0.0,0.0,1.0,1.0,12.0,434.5,0,0,Alto,Descendente,Alto valor / Descendente
1269,69,697,106,2567.73,1025,8,629,24.223867924528303,False,147,7.851166892326157,29.83929577464789,24.455,False,-0.1804431249085478,Sin dato,Sin dato,Sin dato,Sin dato,Sin dato,Sin dato,6.0,2.0,12.0,4.0,3.0,4.0,9.669811320754716,511.45,1,2,Alto,Descendente,Alto valor / Descendente
1270,91,705,73,3455.32,903,0,615,47.33315068493151,False,149,8.14795971823011,39.958450704225356,32.844166666666666,False,-0.1780420389724069,45-54,U,15-24K,Unknown,Single Female,None/Unknown,3.0,3.0,1.0,5.0,4.0,3.0,12.36986301369863,362.48,1,4,Alto,Descendente,Alto valor / Descendente
1271,117,700,130,4130.36,1757,5,584,31.772,False,127,8.326361929569273,48.26985915492958,54.83416666666667,False,0.13599185136770198,Sin dato,Sin dato,Sin dato,Sin dato,Sin dato,Sin dato,6.0,2.0,12.0,4.0,3.0,4.0,13.515384615384615,689.84,1,4,Alto,Ascendente,Alto valor / Ascendente
1272,33,704,257,9943.130000000001,3277,1,672,38.68922178988327,False,197,9.20473770631507,102.55521126760563,90.18416666666667,False,-0.12062814212978597,65+,A,35-49K,Homeowner,Single Female,None/Unknown,5.0,0.0,3.0,0.0,4.0,3.0,12.750972762645915,1368.94,1,10,Alto,Descendente,Alto valor / Descendente
1273,103,693,16,218.42000000000002,66,12,591,13.651250000000001,False,34,5.390987701389345,1.6009859154929578,4.133333333333334,False,1.581742470895282,Sin dato,Sin dato,Sin dato,Sin dato,Sin dato,Sin dato,6.0,2.0,12.0,4.0,3.0,4.0,4.125,24.6,0,0,Bajo,Ascendente,Bajo valor / Ascendente
1274,55,704,270,12384.73,2896,1,650,45.86937037037037,False,153,9.424300282455306,136.6404225352113,114.17,False,-0.1644493051053089,Sin dato,Sin dato,Sin dato,Sin dato,Sin dato,Sin dato,6.0,2.0,12.0,4.0,3.0,4.0,10.725925925925926,1055.13,0,0,Alto,Descendente,Alto valor / Descendente
1275,69,291,8,137.63,60,414,223,17.20375,True,23,4.931808513550284,1.4743661971830986,0.0,False,-1.0,Sin dato,Sin dato,Sin dato,Sin dato,Sin dato,Sin dato,6.0,2.0,12.0,4.0,3.0,4.0,7.5,18.66,0,0,Bajo,Descendente,Bajo valor / Descendente
1276,110,703,20,623.45,234,2,594,31.172500000000003,False,91,6.4368712623090945,7.367042253521126,3.4450000000000003,False,-0.5323767827782663,Sin dato,Sin dato,Sin dato,Sin dato,Sin dato,Sin dato,6.0,2.0,12.0,4.0,3.0,4.0,11.7,59.34,0,0,Bajo,Descendente,Bajo valor / Descendente
1277,95,696,325,5868.89,1967,9,602,18.058123076923078,False,180,8.677591173293917,64.54014084507043,74.1775,False,0.1493234912217529,Sin dato,Sin dato,Sin dato,Sin dato,Sin dato,Sin dato,6.0,2.0,12.0,4.0,3.0,4.0,6.052307692307692,1121.1999999999998,1,7,Alto,Ascendente,Alto valor / Ascendente
1278,102,705,19,738.34,223,0,604,38.86,False,79,6.605757896334101,8.183802816901407,7.7375,False,-0.05453489372687362,Sin dato,Sin dato,Sin dato,Sin dato,Sin dato,Sin dato,6.0,2.0,12.0,4.0,3.0,4.0,11.736842105263158,216.81,0,0,Bajo,Descendente,Bajo valor / Descendente
1279,89,702,198,4587.16,2056,3,614,23.167474747474746,False,157,8.431234351224452,56.686619718309856,34.791666666666664,False,-0.3862455224962213,Sin dato,Sin dato,Sin dato,Sin dato,Sin dato,Sin dato,6.0,2.0,12.0,4.0,3.0,4.0,10.383838383838384,775.72,1,6,Alto,Descendente,Alto valor / Descendente
1280,89,689,24,427.63,115,16,601,17.817916666666665,False,42,6.060594075923562,2.9808450704225353,9.068333333333333,False,2.042202167202167,Sin dato,Sin dato,Sin dato,Sin dato,Sin dato,Sin dato,6.0,2.0,12.0,4.0,3.0,4.0,4.791666666666667,60.22,0,0,Bajo,Ascendente,Bajo valor / Ascendente
1281,95,695,38,788.4,253,10,601,20.74736842105263,False,80,6.671273163228746,3.7209859154929577,36.64,False,8.846852643930504,Sin dato,Sin dato,Sin dato,Sin dato,Sin dato,Sin dato,6.0,2.0,12.0,4.0,3.0,4.0,6.657894736842105,109.24,0,0,Bajo,Ascendente,Bajo valor / Ascendente
1282,74,692,203,5957.4800000000005,2280,13,619,29.3471921182266,False,158,8.69257069397576,68.09929577464789,91.91166666666668,False,0.3496713236333304,Sin dato,Sin dato,Sin dato,Sin dato,Sin dato,Sin dato,6.0,2.0,12.0,4.0,3.0,4.0,11.231527093596059,1112.07,1,6,Alto,Ascendente,Alto valor / Ascendente
1283,118,703,48,325.21,199,2,586,6.775208333333333,False,68,5.787541345756266,3.7685915492957744,4.520833333333333,False,0.19960820221499667,Sin dato,Sin dato,Sin dato,Sin dato,Sin dato,Sin dato,6.0,2.0,12.0,4.0,3.0,4.0,4.145833333333333,73.73,0,0,Bajo,Ascendente,Bajo valor / Ascendente
1284,10,703,156,1926.69,882,2,694,12.350576923076924,False,100,7.56407767386091,15.51,50.51166666666666,False,2.256716097141629,Sin dato,Sin dato,Sin dato,Sin dato,Sin dato,Sin dato,6.0,2.0,12.0,4.0,3.0,4.0,5.653846153846154,392.84,1,2,Bajo,Ascendente,Bajo valor / Ascendente
1285,76,699,136,4966.07,2250,6,624,36.515220588235294,False,147,8.510585408021937,54.35845070422535,69.08,False,0.27082356294290644,25-34,B,25-34K,Renter,1 Adult Kids,2,1.0,1.0,2.0,3.0,0.0,1.0,16.544117647058822,1391.37,1,2,Alto,Ascendente,Alto valor / Ascendente
1286,52,608,30,595.0,181,97,557,19.833333333333332,False,76,6.39024066706535,6.106197183098592,0.0,False,-1.0,Sin dato,Sin dato,Sin dato,Sin dato,Sin dato,Sin dato,6.0,2.0,12.0,4.0,3.0,4.0,6.033333333333333,99.63,0,0,Bajo,Descendente,Bajo valor / Descendente
1287,1,699,159,2818.0,1517,6,699,17.72327044025157,False,126,7.9441374911141125,25.336901408450704,32.25,False,0.27284704155826833,Sin dato,Sin dato,Sin dato,Sin dato,Sin dato,Sin dato,6.0,2.0,12.0,4.0,3.0,4.0,9.540880503144654,511.28000000000003,1,5,Alto,Ascendente,Alto valor / Ascendente
1288,57,674,53,1888.25,568,31,618,35.62735849056604,False,126,7.543935203900829,19.545915492957747,15.223333333333334,False,-0.2211501508426048,Sin dato,Sin dato,Sin dato,Sin dato,Sin dato,Sin dato,6.0,2.0,12.0,4.0,3.0,4.0,10.716981132075471,366.19,1,2,Bajo,Descendente,Bajo valor / Descendente
1289,3,705,519,1493.5,819,0,703,2.877649325626204,False,75,7.309546981723993,16.00661971830986,15.814166666666667,False,-0.012023341281922726,Sin dato,Sin dato,Sin dato,Sin dato,Sin dato,Sin dato,6.0,2.0,12.0,4.0,3.0,4.0,1.5780346820809248,216.42,1,3,Bajo,Descendente,Bajo valor / Descendente
1290,48,702,34,1060.24,482,3,655,31.183529411764706,False,92,6.96719331473075,7.817887323943663,26.233333333333334,False,2.3555527531062146,Sin dato,Sin dato,Sin dato,Sin dato,Sin dato,Sin dato,6.0,2.0,12.0,4.0,3.0,4.0,14.176470588235293,320.01,0,0,Bajo,Ascendente,Bajo valor / Ascendente
1291,28,700,102,3253.41,1303,5,673,31.896176470588234,False,135,8.087766278612548,37.08605633802817,30.05,False,-0.18972241949633709,55-64,A,35-49K,Homeowner,Single Male,None/Unknown,4.0,0.0,3.0,0.0,5.0,3.0,12.77450980392157,591.1500000000001,1,5,Alto,Descendente,Alto valor / Descendente
1292,13,696,27,520.32,177,9,684,19.271111111111114,False,48,6.256364056662519,4.689718309859155,2.2383333333333333,False,-0.5227147590874053,Sin dato,Sin dato,Sin dato,Sin dato,Sin dato,Sin dato,6.0,2.0,12.0,4.0,3.0,4.0,6.555555555555555,79.54,1,1,Bajo,Descendente,Bajo valor / Descendente
1293,70,703,172,2730.97,1685,2,634,15.877732558139535,False,100,7.912778239664064,30.304647887323945,34.70333333333333,False,0.14514887163065515,Sin dato,Sin dato,Sin dato,Sin dato,Sin dato,Sin dato,6.0,2.0,12.0,4.0,3.0,4.0,9.796511627906977,348.03,1,2,Alto,Ascendente,Alto valor / Ascendente
1294,110,691,55,4780.57,1725,14,582,86.91945454545454,False,165,8.472524223439835,53.6187323943662,66.06750000000001,False,0.23217198635120703,Sin dato,Sin dato,Sin dato,Sin dato,Sin dato,Sin dato,6.0,2.0,12.0,4.0,3.0,4.0,31.363636363636363,724.14,1,2,Alto,Ascendente,Alto valor / Ascendente
1295,50,701,67,1632.44,568,4,652,24.364776119402986,False,102,7.398443499420705,13.357746478873239,34.57,False,1.588011387600169,Sin dato,Sin dato,Sin dato,Sin dato,Sin dato,Sin dato,6.0,2.0,12.0,4.0,3.0,4.0,8.477611940298507,326.21,0,0,Bajo,Ascendente,Bajo valor / Ascendente
1296,77,691,79,2086.4900000000002,870,14,615,26.411265822784813,False,86,7.643717666294375,22.95549295774648,23.733333333333334,False,0.033884716700207825,65+,A,25-34K,Homeowner,Single Female,None/Unknown,5.0,0.0,2.0,0.0,4.0,3.0,11.012658227848101,617.6,1,4,Bajo,Ascendente,Bajo valor / Ascendente
1297,25,705,142,2629.57,807,0,681,18.518098591549297,False,117,7.874955831727271,23.180281690140845,78.65833333333333,False,2.39332948515413,35-44,U,75-99K,Homeowner,Unknown,None/Unknown,2.0,3.0,5.0,0.0,6.0,3.0,5.683098591549296,228.93,1,4,Alto,Ascendente,Alto valor / Ascendente
1298,105,699,50,1487.99,609,6,595,29.7598,False,127,7.305853316744734,15.856338028169013,29.5525,False,0.8637657665659976,Sin dato,Sin dato,Sin dato,Sin dato,Sin dato,Sin dato,6.0,2.0,12.0,4.0,3.0,4.0,12.18,279.14,0,0,Bajo,Ascendente,Bajo valor / Ascendente
1299,46,700,188,5850.74,2100,5,655,31.12095744680851,False,177,8.674494331898051,60.40676056338028,62.82083333333333,False,0.039963619095583616,35-44,U,15-24K,Renter,2 Adults Kids,2,2.0,3.0,1.0,3.0,1.0,1.0,11.170212765957446,1654.6499999999999,1,10,Alto,Ascendente,Alto valor / Ascendente
1300,31,705,81,2742.19,901,0,675,33.8541975308642,False,143,7.916876755764405,22.681267605633803,88.8625,False,2.917880673385619,45-54,A,50-74K,Homeowner,2 Adults Kids,2,3.0,0.0,4.0,0.0,1.0,1.0,11.123456790123457,552.4300000000001,1,1,Alto,Ascendente,Alto valor / Ascendente
1301,34,578,79,1462.88,532,127,545,18.51746835443038,False,117,7.288845723948646,17.459577464788733,0.0,False,-1.0,Sin dato,Sin dato,Sin dato,Sin dato,Sin dato,Sin dato,6.0,2.0,12.0,4.0,3.0,4.0,6.734177215189874,180.15,1,4,Bajo,Descendente,Bajo valor / Descendente
1302,98,663,35,744.79,181,42,566,21.279714285714284,False,67,6.614444059234339,8.727464788732394,9.579166666666667,False,0.09758869254148857,Sin dato,Sin dato,Sin dato,Sin dato,Sin dato,Sin dato,6.0,2.0,12.0,4.0,3.0,4.0,5.171428571428572,127.59,0,0,Bajo,Ascendente,Bajo valor / Ascendente
1303,98,703,210,6261.86,1652,2,606,29.818380952380952,False,189,8.742392228770859,66.10647887323944,86.16833333333334,False,0.30347788601118697,Sin dato,Sin dato,Sin dato,Sin dato,Sin dato,Sin dato,6.0,2.0,12.0,4.0,3.0,4.0,7.866666666666666,740.0,1,5,Alto,Ascendente,Alto valor / Ascendente
1304,60,703,88,868.79,317,2,644,9.872613636363637,False,76,6.76825180320161,7.924647887323943,16.55,False,1.0884208655469656,Sin dato,Sin dato,Sin dato,Sin dato,Sin dato,Sin dato,6.0,2.0,12.0,4.0,3.0,4.0,3.602272727272727,239.5,1,1,Bajo,Ascendente,Bajo valor / Ascendente
1305,95,681,373,7552.93,2217,24,587,20.249142091152816,False,132,8.929823236615752,94.36239436619718,26.205833333333334,False,-0.7222852015429477,19-24,B,Under 15K,Renter,1 Adult Kids,1,0.0,1.0,0.0,3.0,0.0,0.0,5.943699731903485,1352.4800000000002,1,7,Alto,Descendente,Alto valor / Descendente
1306,83,705,169,3012.39,1250,0,623,17.824792899408283,False,153,8.010820969851029,33.110845070422535,52.3725,False,0.5817325075397619,45-54,U,Under 15K,Unknown,Unknown,None/Unknown,3.0,3.0,0.0,5.0,6.0,3.0,7.396449704142012,548.1200000000001,1,6,Alto,Ascendente,Alto valor / Ascendente
1307,98,701,172,2026.33,571,4,604,11.780988372093022,False,112,7.61447493537186,22.76507042253521,22.615,False,-0.006592135220748383,Sin dato,Sin dato,Sin dato,Sin dato,Sin dato,Sin dato,6.0,2.0,12.0,4.0,3.0,4.0,3.3197674418604652,218.43,1,3,Bajo,Descendente,Bajo valor / Descendente
1308,13,579,23,320.58,135,126,567,13.938260869565216,False,42,5.773246346316266,2.1070422535211266,0.0,False,-1.0,Sin dato,Sin dato,Sin dato,Sin dato,Sin dato,Sin dato,6.0,2.0,12.0,4.0,3.0,4.0,5.869565217391305,59.63,0,0,Bajo,Descendente,Bajo valor / Descendente
1309,17,550,9,158.48,50,155,534,17.608888888888888,False,33,5.071918522513154,0.4191549295774648,0.0,True,,Sin dato,Sin dato,Sin dato,Sin dato,Sin dato,Sin dato,6.0,2.0,12.0,4.0,3.0,4.0,5.555555555555555,27.66,0,0,Bajo,Sin tendencia disponible,Sin tendencia disponible
1310,92,692,34,857.98,354,13,601,25.23470588235294,False,83,6.755745638826126,9.364366197183099,8.345833333333333,False,-0.1087668767327949,Sin dato,Sin dato,Sin dato,Sin dato,Sin dato,Sin dato,6.0,2.0,12.0,4.0,3.0,4.0,10.411764705882353,181.88,0,0,Bajo,Descendente,Bajo valor / Descendente
1311,81,607,17,685.63,211,98,527,40.33117647058823,False,79,6.531795573631538,7.738169014084507,0.0,False,-1.0,Sin dato,Sin dato,Sin dato,Sin dato,Sin dato,Sin dato,6.0,2.0,12.0,4.0,3.0,4.0,12.411764705882353,228.69,0,0,Bajo,Descendente,Bajo valor / Descendente
1312,62,703,134,5055.88,1550,2,642,37.73044776119403,False,173,8.52850497131455,59.016478873239436,23.718333333333334,False,-0.5981066002890892,Sin dato,Sin dato,Sin dato,Sin dato,Sin dato,Sin dato,6.0,2.0,12.0,4.0,3.0,4.0,11.567164179104477,842.14,1,6,Alto,Descendente,Alto valor / Descendente
1313,113,700,30,1030.97,357,5,588,34.36566666666667,False,104,6.939224875851532,10.78169014084507,16.621666666666666,False,0.5416568691487046,Sin dato,Sin dato,Sin dato,Sin dato,Sin dato,Sin dato,6.0,2.0,12.0,4.0,3.0,4.0,11.9,145.85,0,0,Bajo,Ascendente,Bajo valor / Ascendente
1314,47,705,419,14270.16,2825,0,659,34.057661097852026,False,219,9.565995996585437,156.27450704225353,144.23083333333332,False,-0.07706742409153042,Sin dato,Sin dato,Sin dato,Sin dato,Sin dato,Sin dato,6.0,2.0,12.0,4.0,3.0,4.0,6.742243436754177,1515.06,1,9,Alto,Descendente,Alto valor / Descendente
1315,60,624,5,645.36,283,81,565,129.072,False,79,6.471356624104047,4.772816901408451,9.934166666666668,False,1.0814053570198998,Sin dato,Sin dato,Sin dato,Sin dato,Sin dato,Sin dato,6.0,2.0,12.0,4.0,3.0,4.0,56.6,133.8,0,0,Bajo,Ascendente,Bajo valor / Ascendente
1316,6,693,58,3736.48,1158,12,688,64.42206896551724,False,148,8.226166866514056,40.03478873239436,52.56333333333333,False,0.3129414441196097,55-64,U,35-49K,Unknown,2 Adults No Kids,None/Unknown,4.0,3.0,3.0,5.0,2.0,3.0,19.96551724137931,596.1100000000001,1,6,Alto,Ascendente,Alto valor / Ascendente
1317,20,688,195,4044.66,1586,17,669,20.741846153846154,False,117,8.305399980583223,39.97915492957746,15.323333333333332,False,-0.6167169276007685,Sin dato,Sin dato,Sin dato,Sin dato,Sin dato,Sin dato,6.0,2.0,12.0,4.0,3.0,4.0,8.133333333333333,805.49,1,6,Alto,Descendente,Alto valor / Descendente
1318,96,697,74,5583.96,1571,8,602,75.45891891891893,False,158,8.627832549436471,64.04521126760564,78.88416666666667,False,0.2316950027232816,65+,A,50-74K,Homeowner,2 Adults No Kids,None/Unknown,5.0,0.0,4.0,0.0,2.0,3.0,21.22972972972973,451.76,1,3,Alto,Ascendente,Alto valor / Ascendente
1319,39,679,48,1059.79,371,26,641,22.078958333333333,False,92,6.966769192539503,10.033098591549296,10.4075,False,0.03731662806204823,Sin dato,Sin dato,Sin dato,Sin dato,Sin dato,Sin dato,6.0,2.0,12.0,4.0,3.0,4.0,7.729166666666667,378.05999999999995,1,1,Bajo,Ascendente,Bajo valor / Ascendente
1320,32,692,13,342.73,133,13,661,26.363846153846154,False,49,5.839856465469972,2.07830985915493,10.399166666666668,False,4.003665175747718,Sin dato,Sin dato,Sin dato,Sin dato,Sin dato,Sin dato,6.0,2.0,12.0,4.0,3.0,4.0,10.23076923076923,98.21,0,0,Bajo,Ascendente,Bajo valor / Ascendente
1321,73,705,202,1864.82,1008,0,633,9.231782178217822,False,97,7.531455913731924,18.486619718309857,35.56166666666667,False,0.9236435437380166,19-24,U,35-49K,Unknown,2 Adults No Kids,None/Unknown,0.0,3.0,3.0,5.0,2.0,3.0,4.99009900990099,436.34,1,4,Bajo,Ascendente,Bajo valor / Ascendente
1322,69,688,16,260.65,79,17,620,16.290625,False,45,5.567007732818217,3.075211267605634,0.305,False,-0.9008198222955024,Sin dato,Sin dato,Sin dato,Sin dato,Sin dato,Sin dato,6.0,2.0,12.0,4.0,3.0,4.0,4.9375,52.41,0,0,Bajo,Descendente,Bajo valor / Descendente
1323,43,562,10,288.39,92,143,520,28.839,False,44,5.667775259350199,3.386197183098592,0.0,False,-1.0,Sin dato,Sin dato,Sin dato,Sin dato,Sin dato,Sin dato,6.0,2.0,12.0,4.0,3.0,4.0,9.2,66.99,0,0,Bajo,Descendente,Bajo valor / Descendente
1324,77,699,42,2667.23,902,6,623,63.50547619047619,False,130,7.889170610216465,23.698028169014083,66.11666666666666,False,1.789964894763535,Sin dato,Sin dato,Sin dato,Sin dato,Sin dato,Sin dato,6.0,2.0,12.0,4.0,3.0,4.0,21.476190476190474,781.49,0,0,Alto,Ascendente,Alto valor / Ascendente
1325,79,705,63,2818.95,914,0,627,44.74523809523809,False,165,7.944474433278518,27.47661971830986,63.07333333333333,False,1.2955273967453336,Sin dato,Sin dato,Sin dato,Sin dato,Sin dato,Sin dato,6.0,2.0,12.0,4.0,3.0,4.0,14.507936507936508,284.78,1,2,Alto,Ascendente,Alto valor / Ascendente
1326,82,704,393,8756.88,2541,1,623,22.28213740458015,False,181,9.07770914550908,98.68211267605635,129.17,False,0.30895049261892266,45-54,U,Under 15K,Homeowner,Single Male,None/Unknown,3.0,3.0,0.0,0.0,5.0,3.0,6.465648854961832,1598.1299999999999,1,8,Alto,Ascendente,Alto valor / Ascendente
1327,113,409,9,477.17,197,296,297,53.01888888888889,True,62,6.169966317799071,4.466478873239437,0.0,False,-1.0,Sin dato,Sin dato,Sin dato,Sin dato,Sin dato,Sin dato,6.0,2.0,12.0,4.0,3.0,4.0,21.88888888888889,126.11,0,0,Bajo,Descendente,Bajo valor / Descendente
1328,60,701,94,2492.94,865,4,642,26.520638297872342,False,123,7.8216190682120175,17.43338028169014,79.1975,False,3.5428653950249243,Sin dato,Sin dato,Sin dato,Sin dato,Sin dato,Sin dato,6.0,2.0,12.0,4.0,3.0,4.0,9.202127659574469,454.64,0,0,Alto,Ascendente,Alto valor / Ascendente
1329,44,701,31,1546.05,397,4,658,49.872580645161285,False,107,7.344105170671322,15.748873239436621,12.268333333333333,False,-0.22100247129983228,Sin dato,Sin dato,Sin dato,Sin dato,Sin dato,Sin dato,6.0,2.0,12.0,4.0,3.0,4.0,12.806451612903226,323.62,0,0,Bajo,Descendente,Bajo valor / Descendente
1330,36,690,85,2133.33,667,15,655,25.098,False,110,7.665908059081552,22.901971830985914,19.613333333333333,False,-0.14359630349396896,Sin dato,Sin dato,Sin dato,Sin dato,Sin dato,Sin dato,6.0,2.0,12.0,4.0,3.0,4.0,7.847058823529411,516.42,1,3,Bajo,Descendente,Bajo valor / Descendente
1331,19,678,105,1821.03,669,27,660,17.34314285714286,False,118,7.507706543106963,18.20901408450704,5.3374999999999995,False,-0.7068759475263761,Sin dato,Sin dato,Sin dato,Sin dato,Sin dato,Sin dato,6.0,2.0,12.0,4.0,3.0,4.0,6.371428571428571,316.08,1,4,Bajo,Descendente,Bajo valor / Descendente
1332,55,682,59,2028.54,851,23,628,34.38203389830508,False,138,7.615564445372729,22.80943661971831,18.6975,False,-0.1802734845350638,Sin dato,Sin dato,Sin dato,Sin dato,Sin dato,Sin dato,6.0,2.0,12.0,4.0,3.0,4.0,14.423728813559322,283.67,0,0,Bajo,Descendente,Bajo valor / Descendente
1333,73,705,129,7709.85,2411,0,633,59.76627906976744,False,187,8.950383706913888,89.6125352112676,94.52666666666666,False,0.05483754525874825,45-54,U,125-149K,Homeowner,2 Adults Kids,2,3.0,3.0,7.0,0.0,1.0,1.0,18.689922480620154,848.28,1,6,Alto,Ascendente,Alto valor / Ascendente
1334,92,697,57,629.58,348,8,606,11.045263157894738,False,79,6.446640030781806,5.217323943661972,20.445,False,2.91867559322949,Sin dato,Sin dato,Sin dato,Sin dato,Sin dato,Sin dato,6.0,2.0,12.0,4.0,3.0,4.0,6.105263157894737,141.19,0,0,Bajo,Ascendente,Bajo valor / Ascendente
1335,117,689,31,978.87,436,16,573,31.576451612903227,False,84,6.887419909804198,10.333661971830987,18.953333333333333,False,0.83413521605401,Sin dato,Sin dato,Sin dato,Sin dato,Sin dato,Sin dato,6.0,2.0,12.0,4.0,3.0,4.0,14.064516129032258,368.02,0,0,Bajo,Ascendente,Bajo valor / Ascendente
1336,44,697,122,5976.24,2243,8,654,48.985573770491804,False,130,8.69571420194148,63.21507042253522,73.55583333333333,False,0.16358065951171952,Sin dato,Sin dato,Sin dato,Sin dato,Sin dato,Sin dato,6.0,2.0,12.0,4.0,3.0,4.0,18.385245901639344,2265.6699999999996,1,9,Alto,Ascendente,Alto valor / Ascendente
1337,109,702,243,11493.47,4107,3,594,47.29823045267489,False,205,9.349621329131276,136.06267605633803,123.04333333333334,False,-0.09568636381673043,45-54,U,50-74K,Homeowner,2 Adults Kids,2,3.0,3.0,4.0,0.0,1.0,1.0,16.901234567901234,2851.9999999999995,1,11,Alto,Descendente,Alto valor / Descendente
1338,54,705,183,1715.19,998,0,652,9.372622950819672,False,115,7.447861996529334,14.626197183098592,40.5675,False,1.773619109065347,Sin dato,Sin dato,Sin dato,Sin dato,Sin dato,Sin dato,6.0,2.0,12.0,4.0,3.0,4.0,5.453551912568306,344.33,0,0,Bajo,Ascendente,Bajo valor / Ascendente
1339,52,701,6,390.16,35,4,650,65.02666666666667,False,8,5.969116683444074,4.355915492957746,6.075,False,0.39465515568920373,Sin dato,Sin dato,Sin dato,Sin dato,Sin dato,Sin dato,6.0,2.0,12.0,4.0,3.0,4.0,5.833333333333333,82.18,0,0,Bajo,Ascendente,Bajo valor / Ascendente
1340,48,695,57,512.53,194,10,648,8.991754385964912,False,72,6.241308450252148,4.563802816901409,7.8625,False,0.722795728790544,Sin dato,Sin dato,Sin dato,Sin dato,Sin dato,Sin dato,6.0,2.0,12.0,4.0,3.0,4.0,3.4035087719298245,70.62,0,0,Bajo,Ascendente,Bajo valor / Ascendente
1341,45,637,13,434.77,138,68,593,33.44384615384615,False,46,6.077114581224078,4.416338028169014,4.736666666666667,False,0.07253263596547185,Sin dato,Sin dato,Sin dato,Sin dato,Sin dato,Sin dato,6.0,2.0,12.0,4.0,3.0,4.0,10.615384615384615,220.22,0,0,Bajo,Ascendente,Bajo valor / Ascendente
1342,49,678,12,160.02,32,27,630,13.335,False,24,5.081528580871835,1.6573239436619718,2.6966666666666668,False,0.6271210447296112,Sin dato,Sin dato,Sin dato,Sin dato,Sin dato,Sin dato,6.0,2.0,12.0,4.0,3.0,4.0,2.6666666666666665,11.33,0,0,Bajo,Ascendente,Bajo valor / Ascendente
1343,92,665,12,267.19,124,40,574,22.265833333333333,False,50,5.591695684544697,2.630281690140845,6.595,False,1.5073360107095046,Sin dato,Sin dato,Sin dato,Sin dato,Sin dato,Sin dato,6.0,2.0,12.0,4.0,3.0,4.0,10.333333333333334,68.88,0,0,Bajo,Ascendente,Bajo valor / Ascendente
1344,87,691,27,2728.78,740,14,605,101.06592592592594,False,99,7.911976298851187,31.81830985915493,25.16416666666667,False,-0.209129373054166,Sin dato,Sin dato,Sin dato,Sin dato,Sin dato,Sin dato,6.0,2.0,12.0,4.0,3.0,4.0,27.40740740740741,593.59,1,2,Alto,Descendente,Alto valor / Descendente
1345,3,690,56,1348.56,466,15,688,24.08142857142857,False,110,7.207533892381151,12.83169014084507,8.719166666666666,False,-0.3204974114117411,Sin dato,Sin dato,Sin dato,Sin dato,Sin dato,Sin dato,6.0,2.0,12.0,4.0,3.0,4.0,8.321428571428571,194.76,1,2,Bajo,Descendente,Bajo valor / Descendente
1346,91,704,79,1162.77,347,1,614,14.718607594936708,False,84,7.059420014265299,14.021549295774648,10.445,False,-0.25507518608178553,Sin dato,Sin dato,Sin dato,Sin dato,Sin dato,Sin dato,6.0,2.0,12.0,4.0,3.0,4.0,4.3924050632911396,168.98,0,0,Bajo,Descendente,Bajo valor / Descendente
1347,63,702,130,3293.81,772,3,640,25.337,False,139,8.100103782148077,29.954225352112676,87.35666666666667,False,1.9163387014615416,Sin dato,Sin dato,Sin dato,Sin dato,Sin dato,Sin dato,6.0,2.0,12.0,4.0,3.0,4.0,5.938461538461539,391.84,1,1,Alto,Ascendente,Alto valor / Ascendente
1348,84,626,23,324.22,125,79,543,14.096521739130436,False,30,5.784501876397576,3.571267605633803,2.4516666666666667,False,-0.31350239259609824,Sin dato,Sin dato,Sin dato,Sin dato,Sin dato,Sin dato,6.0,2.0,12.0,4.0,3.0,4.0,5.434782608695652,29.18,0,0,Bajo,Descendente,Bajo valor / Descendente
1349,42,701,201,5311.29,2015,4,660,26.424328358208957,False,142,8.5777782830396,68.24647887323944,1.9666666666666668,False,-0.9711828844632476,Sin dato,Sin dato,Sin dato,Sin dato,Sin dato,Sin dato,6.0,2.0,12.0,4.0,3.0,4.0,10.024875621890548,1347.21,1,5,Alto,Descendente,Alto valor / Descendente
1350,46,683,129,2426.66,1029,22,638,18.811317829457362,False,142,7.7946831094249305,22.36338028169014,43.465833333333336,False,0.9436164294411556,Sin dato,Sin dato,Sin dato,Sin dato,Sin dato,Sin dato,6.0,2.0,12.0,4.0,3.0,4.0,7.976744186046512,542.43,1,3,Alto,Ascendente,Alto valor / Ascendente
1351,1,697,91,564.4,204,8,697,6.202197802197802,False,44,6.33753344525949,5.372394366197183,3.0825,False,-0.42623348364093955,Sin dato,Sin dato,Sin dato,Sin dato,Sin dato,Sin dato,6.0,2.0,12.0,4.0,3.0,4.0,2.241758241758242,155.83,1,2,Bajo,Descendente,Bajo valor / Descendente
1352,117,703,135,5297.72,1580,2,587,39.242370370370374,False,173,8.57522056093815,62.35295774647888,45.86000000000001,False,-0.2645096294154585,35-44,U,75-99K,Homeowner,2 Adults No Kids,None/Unknown,2.0,3.0,5.0,0.0,2.0,3.0,11.703703703703704,526.19,1,6,Alto,Descendente,Alto valor / Descendente
1353,17,703,132,4019.91,1731,2,687,30.453863636363636,False,138,8.299263524154865,45.78366197183099,45.300000000000004,False,-0.010564073536288182,Sin dato,Sin dato,Sin dato,Sin dato,Sin dato,Sin dato,6.0,2.0,12.0,4.0,3.0,4.0,13.113636363636363,1061.23,1,9,Alto,Descendente,Alto valor / Descendente
1354,75,701,86,2489.37,894,4,627,28.946162790697674,False,125,7.820186572797212,27.04661971830986,39.3325,False,0.4542482724143499,65+,B,15-24K,Homeowner,2 Adults No Kids,None/Unknown,5.0,1.0,1.0,0.0,2.0,3.0,10.395348837209303,456.41,1,2,Alto,Ascendente,Alto valor / Ascendente
1355,25,703,11,385.14,94,2,679,35.01272727272727,False,45,5.956199998007671,0.738169014084507,21.4225,True,,Sin dato,Sin dato,Sin dato,Sin dato,Sin dato,Sin dato,6.0,2.0,12.0,4.0,3.0,4.0,8.545454545454545,113.68,0,0,Bajo,Sin tendencia disponible,Sin tendencia disponible
1356,12,705,86,2239.34,913,0,694,26.038837209302326,False,122,7.714382919045085,23.587464788732394,20.2175,False,-0.1428710045321279,Sin dato,Sin dato,Sin dato,Sin dato,Sin dato,Sin dato,6.0,2.0,12.0,4.0,3.0,4.0,10.616279069767442,412.45,1,4,Alto,Descendente,Alto valor / Descendente
1357,59,703,86,3027.81,503,2,645,35.207093023255815,False,71,8.01592508208722,37.40338028169014,16.016666666666666,False,-0.5717855833873066,55-64,A,25-34K,Homeowner,2 Adults No Kids,None/Unknown,4.0,0.0,2.0,0.0,2.0,3.0,5.848837209302325,1038.57,1,4,Alto,Descendente,Alto valor / Descendente
1358,80,704,118,2357.76,960,1,625,19.981016949152544,False,118,7.7658913362074244,12.137464788732395,62.36333333333334,False,4.138085623220696,Sin dato,Sin dato,Sin dato,Sin dato,Sin dato,Sin dato,6.0,2.0,12.0,4.0,3.0,4.0,8.135593220338983,649.95,0,0,Alto,Ascendente,Alto valor / Ascendente
1359,61,682,75,1135.03,393,23,622,15.133733333333334,False,87,7.0352950073831035,13.450845070422535,7.408333333333334,False,-0.449229152923355,Sin dato,Sin dato,Sin dato,Sin dato,Sin dato,Sin dato,6.0,2.0,12.0,4.0,3.0,4.0,5.24,206.92,0,0,Bajo,Descendente,Bajo valor / Descendente
1360,55,673,23,630.19,273,32,619,27.399565217391306,False,40,6.447606926567128,6.385070422535212,6.2975,False,-0.013714871840120053,Sin dato,Sin dato,Sin dato,Sin dato,Sin dato,Sin dato,6.0,2.0,12.0,4.0,3.0,4.0,11.869565217391305,80.91,0,0,Bajo,Descendente,Bajo valor / Descendente
1361,12,683,10,491.36,174,22,672,49.136,False,68,6.199210156242095,3.4878873239436623,10.906666666666666,False,2.127012329725946,Sin dato,Sin dato,Sin dato,Sin dato,Sin dato,Sin dato,6.0,2.0,12.0,4.0,3.0,4.0,17.4,81.24,0,0,Bajo,Ascendente,Bajo valor / Ascendente
1362,109,696,61,1418.76,282,9,588,23.258360655737704,False,69,7.258243122226309,16.000422535211268,23.445000000000004,False,0.4652738043889688,Sin dato,Sin dato,Sin dato,Sin dato,Sin dato,Sin dato,6.0,2.0,12.0,4.0,3.0,4.0,4.622950819672131,113.38,0,0,Bajo,Ascendente,Bajo valor / Ascendente
1363,75,700,56,4045.76,1237,5,626,72.24571428571429,False,150,8.305671839929817,45.65056338028169,41.9475,False,-0.08111758335673011,25-34,U,15-24K,Unknown,1 Adult Kids,1,1.0,3.0,1.0,5.0,0.0,0.0,22.089285714285715,680.18,1,3,Alto,Descendente,Alto valor / Descendente
1364,1,705,144,2450.2,907,0,705,17.015277777777776,False,150,7.804332979546272,24.58042253521127,27.247500000000002,False,0.10850413417296487,65+,B,100-124K,Homeowner,Single Female,None/Unknown,5.0,1.0,6.0,0.0,4.0,3.0,6.298611111111111,497.67999999999995,1,5,Alto,Ascendente,Alto valor / Ascendente
1365,33,389,9,103.65,55,316,357,11.516666666666667,False,35,4.650621448892009,0.5750704225352112,0.0,True,,Sin dato,Sin dato,Sin dato,Sin dato,Sin dato,Sin dato,6.0,2.0,12.0,4.0,3.0,4.0,6.111111111111111,44.06999999999999,0,0,Bajo,Sin tendencia disponible,Sin tendencia disponible
1366,74,705,256,4242.62,1733,0,632,16.572734375,False,151,8.353171957553556,45.26676056338028,68.26,False,0.5079497439280137,Sin dato,Sin dato,Sin dato,Sin dato,Sin dato,Sin dato,6.0,2.0,12.0,4.0,3.0,4.0,6.76953125,725.92,1,6,Alto,Ascendente,Alto valor / Ascendente
1367,24,705,344,12018.94,3606,0,682,34.93877906976744,False,205,9.394322216396208,117.0449295774648,171.7458333333333,False,0.467349623374034,35-44,U,75-99K,Homeowner,2 Adults Kids,1,2.0,3.0,5.0,0.0,1.0,0.0,10.482558139534884,2260.9100000000003,1,7,Alto,Ascendente,Alto valor / Ascendente
1368,92,700,32,2766.9700000000003,704,5,609,86.46781250000001,False,127,7.925869478528538,27.71169014084507,64.35666666666667,False,1.3223652667727217,Sin dato,Sin dato,Sin dato,Sin dato,Sin dato,Sin dato,6.0,2.0,12.0,4.0,3.0,4.0,22.0,318.48,0,0,Alto,Ascendente,Alto valor / Ascendente
1369,19,699,141,2956.46,1017,6,681,20.967801418439716,False,131,7.992086070824477,24.310985915492957,44.90416666666667,False,0.8470730402607838,25-34,B,Under 15K,Probable Renter,Single Male,None/Unknown,1.0,1.0,0.0,2.0,5.0,3.0,7.212765957446808,411.77,1,2,Alto,Ascendente,Alto valor / Ascendente
1370,89,705,84,8337.5,2783,0,617,99.25595238095238,False,115,9.028638623061633,92.25746478873239,107.485,False,0.1650547762843726,65+,U,25-34K,Homeowner,2 Adults No Kids,None/Unknown,5.0,3.0,2.0,0.0,2.0,3.0,33.13095238095238,1495.01,1,6,Alto,Ascendente,Alto valor / Ascendente
1371,6,531,45,835.71,380,174,526,18.571333333333335,False,78,6.729477534945203,9.60225352112676,0.0,False,-1.0,Sin dato,Sin dato,Sin dato,Sin dato,Sin dato,Sin dato,6.0,2.0,12.0,4.0,3.0,4.0,8.444444444444445,206.73,0,0,Bajo,Descendente,Bajo valor / Descendente
1372,19,658,25,1337.07,425,47,640,53.4828,False,81,7.198983556210575,11.9156338028169,10.809166666666668,False,-0.09285843744951777,Sin dato,Sin dato,Sin dato,Sin dato,Sin dato,Sin dato,6.0,2.0,12.0,4.0,3.0,4.0,17.0,239.07,0,0,Bajo,Descendente,Bajo valor / Descendente
1373,51,700,40,657.52,174,5,650,16.438,False,64,6.489994892779821,5.596338028169015,11.854999999999999,False,1.1183495243368393,Sin dato,Sin dato,Sin dato,Sin dato,Sin dato,Sin dato,6.0,2.0,12.0,4.0,3.0,4.0,4.35,75.67,0,0,Bajo,Ascendente,Bajo valor / Ascendente
1374,72,697,98,2804.6,993,8,626,28.618367346938776,False,128,7.939372698825968,32.58098591549296,22.905833333333334,False,-0.29695702294751253,Sin dato,Sin dato,Sin dato,Sin dato,Sin dato,Sin dato,6.0,2.0,12.0,4.0,3.0,4.0,10.13265306122449,410.27,1,3,Alto,Descendente,Alto valor / Descendente
1375,112,705,117,3682.36,1347,0,594,31.473162393162394,False,152,8.211580658070586,44.68971830985916,27.566666666666666,False,-0.3831541636594947,Sin dato,Sin dato,Sin dato,Sin dato,Sin dato,Sin dato,6.0,2.0,12.0,4.0,3.0,4.0,11.512820512820513,738.65,1,6,Alto,Descendente,Alto valor / Descendente
1376,100,704,233,10946.16,2943,1,605,46.97922746781116,False,191,9.300835340874242,130.9642253521127,124.98583333333333,False,-0.04564904654462508,55-64,U,50-74K,Homeowner,Unknown,None/Unknown,4.0,3.0,4.0,0.0,6.0,3.0,12.630901287553648,2141.22,1,6,Alto,Descendente,Alto valor / Descendente
1377,3,703,35,791.34,245,2,701,22.609714285714286,False,93,6.674990592623873,7.529718309859155,5.1575,False,-0.31504741774377587,Sin dato,Sin dato,Sin dato,Sin dato,Sin dato,Sin dato,6.0,2.0,12.0,4.0,3.0,4.0,7.0,73.53,0,0,Bajo,Descendente,Bajo valor / Descendente
1378,35,705,120,6919.97,2606,0,671,57.66641666666667,False,142,8.842311212198746,73.31943661971832,83.85333333333334,False,0.143671271892753,25-34,U,100-124K,Unknown,Single Female,None/Unknown,1.0,3.0,6.0,5.0,4.0,3.0,21.716666666666665,1002.29,1,12,Alto,Ascendente,Alto valor / Ascendente
1379,80,705,505,13849.34,4511,0,626,27.424435643564358,False,191,9.536065060050632,152.4881690140845,215.4283333333333,False,0.4127544105630607,Sin dato,Sin dato,Sin dato,Sin dato,Sin dato,Sin dato,6.0,2.0,12.0,4.0,3.0,4.0,8.932673267326733,2358.29,1,12,Alto,Ascendente,Alto valor / Ascendente
1380,9,679,25,349.81,119,26,671,13.9924,False,62,5.860244766363111,4.375211267605634,2.0966666666666667,False,-0.520785045926689,Sin dato,Sin dato,Sin dato,Sin dato,Sin dato,Sin dato,6.0,2.0,12.0,4.0,3.0,4.0,4.76,49.91,0,0,Bajo,Descendente,Bajo valor / Descendente
1381,114,702,49,134.4,67,3,589,2.742857142857143,False,26,4.9082333604781745,1.3622535211267606,2.4741666666666666,False,0.8162307003032809,Sin dato,Sin dato,Sin dato,Sin dato,Sin dato,Sin dato,6.0,2.0,12.0,4.0,3.0,4.0,1.3673469387755102,43.61,0,0,Bajo,Ascendente,Bajo valor / Ascendente
1382,26,695,115,3069.4,875,10,670,26.690434782608698,False,112,8.029563125253436,35.401267605633805,6.5249999999999995,False,-0.8156845660814247,45-54,U,50-74K,Homeowner,2 Adults No Kids,None/Unknown,3.0,3.0,4.0,0.0,2.0,3.0,7.608695652173913,619.37,1,5,Alto,Descendente,Alto valor / Descendente
1383,87,701,128,1532.65,499,4,615,11.973828125,False,107,7.335405794225529,14.041971830985915,32.04083333333333,False,1.2817901729890937,Sin dato,Sin dato,Sin dato,Sin dato,Sin dato,Sin dato,6.0,2.0,12.0,4.0,3.0,4.0,3.8984375,242.59,1,4,Bajo,Ascendente,Bajo valor / Ascendente
1384,90,696,33,827.46,494,9,607,25.074545454545454,False,78,6.719568555676959,8.60549295774648,13.729166666666666,False,0.5953957238798233,Sin dato,Sin dato,Sin dato,Sin dato,Sin dato,Sin dato,6.0,2.0,12.0,4.0,3.0,4.0,14.969696969696969,245.88,0,0,Bajo,Ascendente,Bajo valor / Ascendente
1385,61,693,112,5637.51,1746,12,633,50.33491071428572,False,132,8.637375125192097,58.95028169014085,51.17583333333334,False,-0.13188144541313956,Sin dato,Sin dato,Sin dato,Sin dato,Sin dato,Sin dato,6.0,2.0,12.0,4.0,3.0,4.0,15.589285714285714,1198.57,1,5,Alto,Descendente,Alto valor / Descendente
1386,108,663,8,111.15,42,42,556,13.89375,False,23,4.719837260966218,0.8716901408450705,0.6741666666666667,True,,Sin dato,Sin dato,Sin dato,Sin dato,Sin dato,Sin dato,6.0,2.0,12.0,4.0,3.0,4.0,5.25,1.9500000000000002,0,0,Bajo,Sin tendencia disponible,Sin tendencia disponible
1387,38,705,66,2057.95,650,0,668,31.181060606060605,False,75,7.629951423100105,20.338169014084507,35.737500000000004,False,0.7571640778110957,Sin dato,Sin dato,Sin dato,Sin dato,Sin dato,Sin dato,6.0,2.0,12.0,4.0,3.0,4.0,9.848484848484848,388.87,1,1,Bajo,Ascendente,Bajo valor / Ascendente
1388,17,694,150,6936.03,1984,11,678,46.2402,False,155,8.84462900801196,70.94915492957747,53.071666666666665,False,-0.2519760563836962,35-44,A,100-124K,Unknown,2 Adults Kids,1,2.0,0.0,6.0,5.0,1.0,0.0,13.226666666666667,902.14,1,10,Alto,Descendente,Alto valor / Descendente
1389,113,701,41,2841.16,701,4,589,69.29658536585366,False,124,7.952319605453773,32.12577464788732,38.065,False,0.18487415220984435,65+,A,100-124K,Homeowner,Single Female,None/Unknown,5.0,0.0,6.0,0.0,4.0,3.0,17.097560975609756,264.67,1,1,Alto,Ascendente,Alto valor / Ascendente
1390,15,705,211,4879.86,1475,0,691,23.12729857819905,False,155,8.493076712828794,58.559295774647886,55.20916666666667,False,-0.05720917684654929,Sin dato,Sin dato,Sin dato,Sin dato,Sin dato,Sin dato,6.0,2.0,12.0,4.0,3.0,4.0,6.990521327014218,1479.3700000000001,1,5,Alto,Descendente,Alto valor / Descendente
1391,26,700,167,8007.47,2184,5,675,47.94892215568863,False,201,8.988255010581481,84.67098591549296,71.03916666666667,False,-0.16099752591084404,45-54,A,50-74K,Homeowner,2 Adults No Kids,None/Unknown,3.0,0.0,4.0,0.0,2.0,3.0,13.077844311377245,1935.4699999999998,1,8,Alto,Descendente,Alto valor / Descendente
1392,72,661,109,2315.07,761,44,590,21.239174311926607,False,129,7.747627062761177,28.26112676056338,9.844166666666666,False,-0.6516711187749392,Sin dato,Sin dato,Sin dato,Sin dato,Sin dato,Sin dato,6.0,2.0,12.0,4.0,3.0,4.0,6.981651376146789,542.66,1,4,Alto,Descendente,Alto valor / Descendente
1393,55,704,202,5912.56,1814,1,650,29.270099009900992,False,148,8.68500329791517,60.87183098591549,97.08083333333333,False,0.5948400394888052,35-44,B,150-174K,Homeowner,Single Female,None/Unknown,2.0,1.0,8.0,0.0,4.0,3.0,8.98019801980198,761.02,1,8,Alto,Ascendente,Alto valor / Ascendente
1394,118,704,150,4372.66,1514,1,587,29.151066666666665,False,138,8.38335546616238,50.64760563380282,59.45249999999999,False,0.17384621160295646,45-54,A,50-74K,Homeowner,2 Adults No Kids,None/Unknown,3.0,0.0,4.0,0.0,2.0,3.0,10.093333333333334,779.2200000000001,1,5,Alto,Ascendente,Alto valor / Ascendente
1395,79,681,39,1132.43,279,24,603,29.03666666666667,False,85,7.033003712416454,9.339859154929577,23.18166666666667,False,1.4820145873860835,Sin dato,Sin dato,Sin dato,Sin dato,Sin dato,Sin dato,6.0,2.0,12.0,4.0,3.0,4.0,7.153846153846154,217.64000000000001,0,0,Bajo,Ascendente,Bajo valor / Ascendente
1396,58,620,229,7177.06,2565,85,563,31.340873362445418,False,158,8.878784430546956,86.38225352112677,0.0,False,-1.0,65+,A,125-149K,Homeowner,2 Adults No Kids,None/Unknown,5.0,0.0,7.0,0.0,2.0,3.0,11.200873362445416,2031.29,1,5,Alto,Descendente,Alto valor / Descendente
1397,99,705,281,5674.14,2317,0,607,20.19266903914591,False,147,8.643850511648838,62.75056338028169,86.76083333333334,False,0.38263034879136193,45-54,B,35-49K,Renter,Single Female,None/Unknown,3.0,1.0,3.0,3.0,4.0,3.0,8.245551601423488,978.1600000000001,1,7,Alto,Ascendente,Alto valor / Ascendente
1398,91,694,20,404.96,137,11,604,20.247999999999998,False,53,6.006254632580617,3.759718309859155,7.297499999999999,False,0.9409698808721059,Sin dato,Sin dato,Sin dato,Sin dato,Sin dato,Sin dato,6.0,2.0,12.0,4.0,3.0,4.0,6.85,84.51,0,0,Bajo,Ascendente,Bajo valor / Ascendente
1399,112,699,32,1029.34,374,6,588,32.166875,False,76,6.937644123841003,9.478028169014085,24.8325,False,1.6200069842779445,Sin dato,Sin dato,Sin dato,Sin dato,Sin dato,Sin dato,6.0,2.0,12.0,4.0,3.0,4.0,11.6875,183.18,0,0,Bajo,Ascendente,Bajo valor / Ascendente
1400,108,699,11,284.31,113,6,592,25.846363636363638,False,43,5.653576308428883,3.1677464788732395,4.7,False,0.4837045929482905,Sin dato,Sin dato,Sin dato,Sin dato,Sin dato,Sin dato,6.0,2.0,12.0,4.0,3.0,4.0,10.272727272727273,85.13,0,0,Bajo,Ascendente,Bajo valor / Ascendente
1401,79,683,52,587.37,280,22,605,11.295576923076924,False,78,6.377356001703469,7.232957746478872,4.215,False,-0.41725084706157256,Sin dato,Sin dato,Sin dato,Sin dato,Sin dato,Sin dato,6.0,2.0,12.0,4.0,3.0,4.0,5.384615384615385,229.2,0,0,Bajo,Descendente,Bajo valor / Descendente
1402,61,687,163,2238.3,815,18,627,13.7319018404908,False,94,7.713918596010786,27.227323943661972,2.8816666666666664,False,-0.8941626921312821,55-64,U,15-24K,Unknown,Single Male,None/Unknown,4.0,3.0,1.0,5.0,5.0,3.0,5.0,323.38,1,2,Alto,Descendente,Alto valor / Descendente
1403,75,683,151,3673.26,667,22,609,24.326225165562914,False,123,8.209107030826964,43.17591549295775,2.1149999999999998,False,-0.9510143565955198,Sin dato,Sin dato,Sin dato,Sin dato,Sin dato,Sin dato,6.0,2.0,12.0,4.0,3.0,4.0,4.417218543046357,395.74,1,3,Alto,Descendente,Alto valor / Descendente
1404,61,704,44,1248.19,542,1,644,28.36795454545455,False,108,7.130250620253603,10.206478873239437,19.756666666666668,False,0.9356985804837211,Sin dato,Sin dato,Sin dato,Sin dato,Sin dato,Sin dato,6.0,2.0,12.0,4.0,3.0,4.0,12.318181818181818,217.87,0,0,Bajo,Ascendente,Bajo valor / Ascendente
1405,68,699,55,2480.88,722,6,632,45.10690909090909,False,151,7.81677161648938,18.714507042253523,59.464166666666664,False,2.177436976160193,Sin dato,Sin dato,Sin dato,Sin dato,Sin dato,Sin dato,6.0,2.0,12.0,4.0,3.0,4.0,13.127272727272727,411.77,1,2,Alto,Ascendente,Alto valor / Ascendente
1406,76,691,113,3653.54,962,14,616,32.33221238938053,False,160,8.203725509270315,36.20591549295774,48.181666666666665,False,0.3307678043947894,Sin dato,Sin dato,Sin dato,Sin dato,Sin dato,Sin dato,6.0,2.0,12.0,4.0,3.0,4.0,8.513274336283185,570.69,1,6,Alto,Ascendente,Alto valor / Ascendente
1407,88,705,35,1615.94,555,0,618,46.169714285714285,False,123,7.38829075313728,14.123661971830986,43.1225,False,2.053209577374898,Sin dato,Sin dato,Sin dato,Sin dato,Sin dato,Sin dato,6.0,2.0,12.0,4.0,3.0,4.0,15.857142857142858,150.27,0,0,Bajo,Ascendente,Bajo valor / Ascendente
1408,89,691,57,1055.29,372,14,603,18.513859649122807,False,74,6.962518047776825,11.975915492957746,1.5433333333333332,False,-0.8711302418390588,Sin dato,Sin dato,Sin dato,Sin dato,Sin dato,Sin dato,6.0,2.0,12.0,4.0,3.0,4.0,6.526315789473684,146.07,1,2,Bajo,Descendente,Bajo valor / Descendente
1409,86,700,86,4235.85,1368,5,615,49.25406976744186,False,122,8.351575347592515,51.01225352112676,39.86833333333333,False,-0.21845575167892092,Sin dato,Sin dato,Sin dato,Sin dato,Sin dato,Sin dato,6.0,2.0,12.0,4.0,3.0,4.0,15.906976744186046,576.5600000000001,1,3,Alto,Descendente,Alto valor / Descendente
1410,37,694,45,2525.94,725,11,658,56.132,False,144,7.834764363536861,19.547887323943662,14.277500000000002,False,-0.2696141652856833,Sin dato,Sin dato,Sin dato,Sin dato,Sin dato,Sin dato,6.0,2.0,12.0,4.0,3.0,4.0,16.11111111111111,565.0400000000001,0,0,Alto,Descendente,Alto valor / Descendente
1411,106,443,6,131.52,39,262,338,21.92,True,20,4.886733577431695,1.0740845070422536,0.0,False,-1.0,Sin dato,Sin dato,Sin dato,Sin dato,Sin dato,Sin dato,6.0,2.0,12.0,4.0,3.0,4.0,6.5,32.74,0,0,Bajo,Descendente,Bajo valor / Descendente
1412,9,705,77,4053.15,1381,0,697,52.63831168831169,False,130,8.307496326820784,47.37619718309859,48.074999999999996,False,0.014750082498193902,45-54,A,50-74K,Homeowner,2 Adults Kids,1,3.0,0.0,4.0,0.0,1.0,0.0,17.935064935064936,638.15,1,6,Alto,Ascendente,Alto valor / Ascendente
1413,93,700,27,344.06,126,5,608,12.742962962962963,False,62,5.843718314953718,3.3423943661971833,2.8216666666666668,False,-0.15579481128762662,Sin dato,Sin dato,Sin dato,Sin dato,Sin dato,Sin dato,6.0,2.0,12.0,4.0,3.0,4.0,4.666666666666667,38.81,0,0,Bajo,Descendente,Bajo valor / Descendente
1414,112,705,16,265.24,78,0,594,16.5775,False,44,5.584398157632844,1.5885915492957745,12.235833333333334,False,6.702315512604547,Sin dato,Sin dato,Sin dato,Sin dato,Sin dato,Sin dato,6.0,2.0,12.0,4.0,3.0,4.0,4.875,52.78,0,0,Bajo,Ascendente,Bajo valor / Ascendente
1415,71,703,27,271.41,103,2,633,10.052222222222223,False,41,5.607308284321065,2.9290140845070423,4.72,False,0.6114637430275052,Sin dato,Sin dato,Sin dato,Sin dato,Sin dato,Sin dato,6.0,2.0,12.0,4.0,3.0,4.0,3.814814814814815,40.68,0,0,Bajo,Ascendente,Bajo valor / Ascendente
1416,42,688,6,91.65,22,17,647,15.275,False,13,4.528828952731369,0.5880281690140845,0.98,True,,Sin dato,Sin dato,Sin dato,Sin dato,Sin dato,Sin dato,6.0,2.0,12.0,4.0,3.0,4.0,3.6666666666666665,19.18,0,0,Bajo,Sin tendencia disponible,Sin tendencia disponible
1417,74,703,74,3676.36,755,2,630,49.68054054054054,False,99,8.209950382410351,45.70957746478874,25.561666666666667,False,-0.4407809460422714,Sin dato,Sin dato,Sin dato,Sin dato,Sin dato,Sin dato,6.0,2.0,12.0,4.0,3.0,4.0,10.202702702702704,843.0600000000001,1,1,Alto,Descendente,Alto valor / Descendente
1418,51,704,77,2712.65,795,1,654,35.22922077922078,False,139,7.90604987113538,31.14014084507042,23.412499999999998,False,-0.24815690087971234,25-34,A,35-49K,Homeowner,2 Adults Kids,1,1.0,0.0,3.0,0.0,1.0,0.0,10.324675324675324,353.62,1,4,Alto,Descendente,Alto valor / Descendente
1419,68,705,519,7564.1,2894,0,638,14.57437379576108,False,173,8.931300844905744,84.05507042253521,67.75750000000001,False,-0.19389158013441882,35-44,U,35-49K,Unknown,Single Female,None/Unknown,2.0,3.0,3.0,5.0,4.0,3.0,5.5761078998073215,2367.2300000000005,1,4,Alto,Descendente,Alto valor / Descendente
1420,47,654,79,3891.9700000000003,1193,51,608,49.265443037974684,False,136,8.266927641441539,49.056338028169016,7.441666666666666,False,-0.8483036654225284,Sin dato,Sin dato,Sin dato,Sin dato,Sin dato,Sin dato,6.0,2.0,12.0,4.0,3.0,4.0,15.10126582278481,878.19,1,6,Alto,Descendente,Alto valor / Descendente
1421,14,704,216,5475.1900000000005,1790,1,691,25.348101851851855,False,129,8.608164882665438,56.56352112676057,61.1625,False,0.08130644595008468,35-44,A,50-74K,Homeowner,2 Adults No Kids,None/Unknown,2.0,0.0,4.0,0.0,2.0,3.0,8.287037037037036,1262.0,1,8,Alto,Ascendente,Alto valor / Ascendente
1422,47,703,9,449.89,147,2,657,49.98777777777778,False,56,6.1112234073146166,3.377605633802817,11.935,False,2.53356824152454,Sin dato,Sin dato,Sin dato,Sin dato,Sin dato,Sin dato,6.0,2.0,12.0,4.0,3.0,4.0,16.333333333333332,130.13,0,0,Bajo,Ascendente,Bajo valor / Ascendente
1423,109,698,189,1695.76,500,7,590,8.972275132275133,False,82,7.436475829186657,20.877605633802816,12.530833333333334,False,-0.3997954768795551,45-54,U,15-24K,Unknown,Single Male,None/Unknown,3.0,3.0,1.0,5.0,5.0,3.0,2.6455026455026456,221.83,1,3,Bajo,Descendente,Bajo valor / Descendente
1424,119,651,57,595.22,272,54,533,10.442456140350878,False,89,6.390609726471327,6.94774647887324,8.014999999999999,False,0.15361146587200197,Sin dato,Sin dato,Sin dato,Sin dato,Sin dato,Sin dato,6.0,2.0,12.0,4.0,3.0,4.0,4.771929824561403,127.15,1,1,Bajo,Ascendente,Bajo valor / Ascendente
1425,107,702,127,3759.2400000000002,1519,3,596,29.600314960629923,False,156,8.23223806413414,44.63901408450704,35.35916666666667,False,-0.2078864779646007,19-24,B,50-74K,Unknown,2 Adults Kids,1,0.0,1.0,4.0,5.0,1.0,0.0,11.960629921259843,1268.5000000000002,1,5,Alto,Descendente,Alto valor / Descendente
1426,7,701,65,2330.87,714,4,695,35.85953846153846,False,126,7.754425799775857,16.327042253521128,24.115,False,0.4769974638118733,Sin dato,Sin dato,Sin dato,Sin dato,Sin dato,Sin dato,6.0,2.0,12.0,4.0,3.0,4.0,10.984615384615385,351.26,1,2,Alto,Ascendente,Alto valor / Ascendente
1427,52,703,81,2515.5,1059,2,652,31.055555555555557,False,152,7.830624326216415,19.505633802816902,80.25416666666666,False,3.1144095843261845,Sin dato,Sin dato,Sin dato,Sin dato,Sin dato,Sin dato,6.0,2.0,12.0,4.0,3.0,4.0,13.074074074074074,578.8,0,0,Alto,Ascendente,Alto valor / Ascendente
1428,93,702,164,4911.53,1647,3,610,29.948353658536583,False,174,8.499544363029099,57.43521126760564,63.305,False,0.10219843546923653,55-64,U,35-49K,Unknown,2 Adults No Kids,None/Unknown,4.0,3.0,3.0,5.0,2.0,3.0,10.042682926829269,1063.44,1,4,Alto,Ascendente,Alto valor / Ascendente
1429,115,685,81,802.08,313,20,571,9.902222222222223,False,49,6.688454335385377,9.221830985915492,11.463333333333333,False,0.24306478299605455,45-54,B,35-49K,Renter,Single Female,None/Unknown,3.0,1.0,3.0,3.0,4.0,3.0,3.8641975308641974,391.62,1,1,Bajo,Ascendente,Bajo valor / Ascendente
1430,76,705,339,20169.39,5326,0,630,59.49672566371681,False,188,9.911970966408326,233.41253521126762,190.63833333333332,False,-0.18325580431752855,35-44,A,35-49K,Homeowner,2 Adults Kids,1,2.0,0.0,3.0,0.0,1.0,0.0,15.710914454277287,2476.9599999999996,1,11,Alto,Descendente,Alto valor / Descendente
1431,106,704,153,2673.01,765,1,599,17.470653594771242,False,129,7.891334497370678,31.15014084507042,25.753333333333334,False,-0.17325146420938717,Sin dato,Sin dato,Sin dato,Sin dato,Sin dato,Sin dato,6.0,2.0,12.0,4.0,3.0,4.0,5.0,289.22,1,3,Alto,Descendente,Alto valor / Descendente
1432,10,632,8,281.39,127,73,623,35.17375,False,71,5.643289094227239,2.933943661971831,1.3283333333333334,False,-0.5472532923687453,Sin dato,Sin dato,Sin dato,Sin dato,Sin dato,Sin dato,6.0,2.0,12.0,4.0,3.0,4.0,15.875,116.28,0,0,Bajo,Descendente,Bajo valor / Descendente
1433,47,687,8,70.04,27,18,641,8.755,False,22,4.2632430986839145,0.20901408450704226,3.64,True,,Sin dato,Sin dato,Sin dato,Sin dato,Sin dato,Sin dato,6.0,2.0,12.0,4.0,3.0,4.0,3.375,14.03,0,0,Bajo,Sin tendencia disponible,Sin tendencia disponible
1434,104,703,218,4123.95,1702,2,600,18.917201834862386,False,167,8.324809177483198,50.30014084507042,45.82083333333333,False,-0.08905158984611625,Sin dato,Sin dato,Sin dato,Sin dato,Sin dato,Sin dato,6.0,2.0,12.0,4.0,3.0,4.0,7.807339449541284,679.57,1,8,Alto,Descendente,Alto valor / Descendente
1435,41,620,13,511.78,141,85,580,39.36769230769231,False,59,6.239846903285817,6.303239436619718,0.0,False,-1.0,Sin dato,Sin dato,Sin dato,Sin dato,Sin dato,Sin dato,6.0,2.0,12.0,4.0,3.0,4.0,10.846153846153847,127.68,0,0,Bajo,Descendente,Bajo valor / Descendente
1436,104,596,8,134.89000000000001,52,109,493,16.861250000000002,False,31,4.911845734932406,1.1249295774647887,0.0,False,-1.0,Sin dato,Sin dato,Sin dato,Sin dato,Sin dato,Sin dato,6.0,2.0,12.0,4.0,3.0,4.0,6.5,33.34,0,0,Bajo,Descendente,Bajo valor / Descendente
1437,20,690,99,4775.56,2238,15,671,48.237979797979804,False,159,8.471475901130173,49.02197183098591,35.29333333333333,False,-0.2800507198075406,25-34,A,15-24K,Homeowner,1 Adult Kids,1,1.0,0.0,1.0,0.0,0.0,0.0,22.606060606060606,1379.03,1,6,Alto,Descendente,Alto valor / Descendente
1438,10,705,41,2130.77,571,0,696,51.97,False,135,7.664707899541324,24.068309859154933,27.849166666666665,False,0.1570885878417257,45-54,U,Under 15K,Unknown,Single Female,None/Unknown,3.0,3.0,0.0,5.0,4.0,3.0,13.926829268292684,199.37,1,1,Bajo,Ascendente,Bajo valor / Ascendente
1439,89,659,33,555.5600000000001,202,46,571,16.835151515151516,False,67,6.321774981615386,6.302535211267606,6.118333333333333,False,-0.029226632102738355,Sin dato,Sin dato,Sin dato,Sin dato,Sin dato,Sin dato,6.0,2.0,12.0,4.0,3.0,4.0,6.121212121212121,126.0,0,0,Bajo,Descendente,Bajo valor / Descendente
1440,96,692,99,2502.43,878,13,597,25.277070707070706,False,134,7.825417070524284,26.9187323943662,38.5,False,0.4302307937820146,Sin dato,Sin dato,Sin dato,Sin dato,Sin dato,Sin dato,6.0,2.0,12.0,4.0,3.0,4.0,8.868686868686869,642.64,1,1,Alto,Ascendente,Alto valor / Ascendente
1441,20,634,13,401.47,124,71,615,30.882307692307695,False,59,5.997620559919318,1.9505633802816902,8.273333333333333,False,3.241509615616049,Sin dato,Sin dato,Sin dato,Sin dato,Sin dato,Sin dato,6.0,2.0,12.0,4.0,3.0,4.0,9.538461538461538,60.29,0,0,Bajo,Ascendente,Bajo valor / Ascendente
1442,56,689,29,312.5,164,16,634,10.775862068965518,False,60,5.7477993600729755,3.1990140845070423,4.3500000000000005,False,0.3597939506009776,Sin dato,Sin dato,Sin dato,Sin dato,Sin dato,Sin dato,6.0,2.0,12.0,4.0,3.0,4.0,5.655172413793103,75.04,0,0,Bajo,Ascendente,Bajo valor / Ascendente
1443,84,704,178,2193.58,589,1,621,12.323483146067415,False,87,7.693745963237126,23.95338028169014,19.148333333333333,False,-0.2005999525682713,35-44,U,150-174K,Unknown,2 Adults No Kids,None/Unknown,2.0,3.0,8.0,5.0,2.0,3.0,3.308988764044944,163.44,1,2,Alto,Descendente,Alto valor / Descendente
1444,40,618,23,323.99,124,87,579,14.086521739130434,False,52,5.783794412625586,4.347042253521127,0.0,False,-1.0,Sin dato,Sin dato,Sin dato,Sin dato,Sin dato,Sin dato,6.0,2.0,12.0,4.0,3.0,4.0,5.391304347826087,34.94,0,0,Bajo,Descendente,Bajo valor / Descendente
1445,82,704,176,5118.15,1699,1,623,29.080397727272725,False,165,8.540743688626435,57.131690140845066,83.08749999999999,False,0.45431545601341106,35-44,A,Under 15K,Homeowner,2 Adults No Kids,None/Unknown,2.0,0.0,0.0,0.0,2.0,3.0,9.653409090909092,977.2199999999999,1,9,Alto,Ascendente,Alto valor / Ascendente
1446,117,703,44,2095.83,769,2,587,47.6325,False,115,7.64818195942306,25.086901408450704,19.195,False,-0.23485967089048207,Sin dato,Sin dato,Sin dato,Sin dato,Sin dato,Sin dato,6.0,2.0,12.0,4.0,3.0,4.0,17.477272727272727,470.0799999999999,1,4,Bajo,Descendente,Bajo valor / Descendente
1447,36,705,39,594.95,207,0,670,15.255128205128207,False,66,6.3901567709287175,5.9236619718309855,11.765,False,0.9861025250844074,Sin dato,Sin dato,Sin dato,Sin dato,Sin dato,Sin dato,6.0,2.0,12.0,4.0,3.0,4.0,5.3076923076923075,78.04,1,1,Bajo,Ascendente,Bajo valor / Ascendente
1448,101,651,80,1927.33,327,54,551,24.091625,False,51,7.564409622349703,22.784507042253523,5.675833333333333,False,-0.7508906678205683,Sin dato,Sin dato,Sin dato,Sin dato,Sin dato,Sin dato,6.0,2.0,12.0,4.0,3.0,4.0,4.0875,160.62,1,1,Bajo,Descendente,Bajo valor / Descendente
1449,106,625,39,405.83,154,80,520,10.405897435897435,False,56,6.0083954077679635,5.255352112676056,0.06583333333333334,False,-0.9874730880211544,Sin dato,Sin dato,Sin dato,Sin dato,Sin dato,Sin dato,6.0,2.0,12.0,4.0,3.0,4.0,3.948717948717949,62.35,0,0,Bajo,Descendente,Bajo valor / Descendente
1450,91,686,90,1647.2,476,19,596,18.302222222222223,False,114,7.407439062329283,19.419999999999998,11.195,False,-0.4235324407826982,Sin dato,Sin dato,Sin dato,Sin dato,Sin dato,Sin dato,6.0,2.0,12.0,4.0,3.0,4.0,5.288888888888889,329.7,0,0,Bajo,Descendente,Bajo valor / Descendente
1451,114,703,256,6570.18,1764,2,590,25.664765625,False,175,8.790448699613538,78.1518309859155,78.385,False,0.0029835387238276146,45-54,A,125-149K,Homeowner,1 Adult Kids,3+,3.0,0.0,7.0,0.0,0.0,2.0,6.890625,1636.6299999999999,1,7,Alto,Ascendente,Alto valor / Ascendente
1452,54,699,374,1884.05,1036,6,646,5.037566844919786,False,102,7.541709624729263,22.179577464788732,15.520000000000001,False,-0.30025718367994914,45-54,A,25-34K,Unknown,2 Adults Kids,1,3.0,0.0,2.0,5.0,1.0,0.0,2.770053475935829,232.69,1,6,Bajo,Descendente,Bajo valor / Descendente
1453,97,704,751,21343.94,6454,1,608,28.420692410119837,False,236,9.968569988225356,230.61957746478873,327.93416666666667,False,0.42197019989222745,45-54,A,125-149K,Homeowner,2 Adults Kids,1,3.0,0.0,7.0,0.0,1.0,0.0,8.59387483355526,2843.6,1,13,Alto,Ascendente,Alto valor / Ascendente
1454,90,703,152,4871.67,1309,2,614,32.05046052631579,False,146,8.491397320460104,52.52718309859155,93.23916666666668,False,0.7750650456861595,65+,A,75-99K,Homeowner,2 Adults No Kids,None/Unknown,5.0,0.0,5.0,0.0,2.0,3.0,8.611842105263158,844.51,1,3,Alto,Ascendente,Alto valor / Ascendente
1455,18,260,14,820.18,234,445,243,58.58428571428571,True,93,6.71074233024518,7.794788732394365,0.0,False,-1.0,Sin dato,Sin dato,Sin dato,Sin dato,Sin dato,Sin dato,6.0,2.0,12.0,4.0,3.0,4.0,16.714285714285715,139.14,0,0,Bajo,Descendente,Bajo valor / Descendente
1456,112,685,69,1506.5,598,20,574,21.833333333333332,False,120,7.318207928601341,21.043943661971834,1.0316666666666665,False,-0.9509756021381593,Sin dato,Sin dato,Sin dato,Sin dato,Sin dato,Sin dato,6.0,2.0,12.0,4.0,3.0,4.0,8.666666666666666,277.68,1,1,Bajo,Descendente,Bajo valor / Descendente
1457,49,692,39,2667.34,669,13,644,68.39333333333333,False,107,7.8892118351980605,21.182535211267606,75.3425,False,2.556821657490891,Sin dato,Sin dato,Sin dato,Sin dato,Sin dato,Sin dato,6.0,2.0,12.0,4.0,3.0,4.0,17.153846153846153,551.13,0,0,Alto,Ascendente,Alto valor / Ascendente
1458,92,705,126,3480.63,1053,0,614,27.62404761904762,False,162,8.155255853912386,35.93450704225352,65.7075,False,0.8285348932917865,Sin dato,Sin dato,Sin dato,Sin dato,Sin dato,Sin dato,6.0,2.0,12.0,4.0,3.0,4.0,8.357142857142858,819.7900000000001,1,4,Alto,Ascendente,Alto valor / Ascendente
1459,67,702,79,4769.04,1312,3,636,60.36759493670886,False,149,8.470109969591462,48.373521126760565,95.15499999999999,False,0.9670885596822842,Sin dato,Sin dato,Sin dato,Sin dato,Sin dato,Sin dato,6.0,2.0,12.0,4.0,3.0,4.0,16.60759493670886,687.86,1,6,Alto,Ascendente,Alto valor / Ascendente
1460,69,652,57,2455.68,756,53,584,43.08210526315789,False,142,7.806566123908957,28.936901408450705,5.635000000000001,False,-0.805265950197613,Sin dato,Sin dato,Sin dato,Sin dato,Sin dato,Sin dato,6.0,2.0,12.0,4.0,3.0,4.0,13.263157894736842,391.05,1,2,Alto,Descendente,Alto valor / Descendente
1461,30,703,287,7149.86,1884,2,674,24.91240418118467,False,175,8.874987908175308,73.8174647887324,98.855,False,0.3391817272907668,35-44,U,25-34K,Homeowner,2 Adults No Kids,None/Unknown,2.0,3.0,2.0,0.0,2.0,3.0,6.564459930313589,1077.03,1,4,Alto,Ascendente,Alto valor / Ascendente
1462,89,704,120,4830.0,1915,1,616,40.25,False,156,8.482808764554406,50.39056338028169,83.56666666666666,False,0.6583792889159699,25-34,A,50-74K,Renter,2 Adults No Kids,None/Unknown,1.0,0.0,4.0,3.0,2.0,3.0,15.958333333333334,929.8600000000001,1,6,Alto,Ascendente,Alto valor / Ascendente
1463,28,698,138,3427.75,897,7,671,24.838768115942027,False,132,8.139951042251813,35.77774647887323,23.528333333333336,False,-0.3423752010980674,Sin dato,Sin dato,Sin dato,Sin dato,Sin dato,Sin dato,6.0,2.0,12.0,4.0,3.0,4.0,6.5,815.1700000000001,1,5,Alto,Descendente,Alto valor / Descendente
1464,88,676,76,2474.4,956,29,589,32.55789473684211,False,117,7.814157278105922,29.72521126760563,18.075,False,-0.3919303100227909,Sin dato,Sin dato,Sin dato,Sin dato,Sin dato,Sin dato,6.0,2.0,12.0,4.0,3.0,4.0,12.578947368421053,833.5,1,3,Alto,Descendente,Alto valor / Descendente
1465,24,704,56,1038.52,327,1,681,18.544999999999998,False,107,6.94651434713222,10.133098591549297,9.595,False,-0.05310306484119819,Sin dato,Sin dato,Sin dato,Sin dato,Sin dato,Sin dato,6.0,2.0,12.0,4.0,3.0,4.0,5.839285714285714,159.48,0,0,Bajo,Descendente,Bajo valor / Descendente
1466,5,700,38,1029.47,242,5,696,27.091315789473686,False,83,6.937770287825235,9.965211267605634,1.8275,False,-0.8166120164515992,Sin dato,Sin dato,Sin dato,Sin dato,Sin dato,Sin dato,6.0,2.0,12.0,4.0,3.0,4.0,6.368421052631579,128.37,0,0,Bajo,Descendente,Bajo valor / Descendente
1467,10,705,827,2942.37,1567,0,696,3.5578839177750905,False,94,7.987310462383445,29.16169014084507,59.84583333333333,False,1.0522072981466455,35-44,A,50-74K,Probable Owner,2 Adults Kids,2,2.0,0.0,4.0,1.0,1.0,1.0,1.8948004836759371,508.08,1,2,Alto,Ascendente,Alto valor / Ascendente
1468,42,568,81,4131.7300000000005,1220,137,527,51.00901234567902,False,152,8.326693484528755,43.851126760563375,0.0,False,-1.0,65+,A,75-99K,Homeowner,2 Adults No Kids,None/Unknown,5.0,0.0,5.0,0.0,2.0,3.0,15.061728395061728,485.32,1,3,Alto,Descendente,Alto valor / Descendente
1469,23,550,44,1160.0,461,155,528,26.363636363636363,False,91,7.057036981697891,14.420845070422535,0.0,False,-1.0,Sin dato,Sin dato,Sin dato,Sin dato,Sin dato,Sin dato,6.0,2.0,12.0,4.0,3.0,4.0,10.477272727272727,207.86,0,0,Bajo,Descendente,Bajo valor / Descendente
1470,105,695,132,1971.13,592,10,591,14.932803030303031,False,124,7.586869455910653,21.11549295774648,35.233333333333334,False,0.6686010316613306,45-54,U,35-49K,Unknown,Single Female,None/Unknown,3.0,3.0,3.0,5.0,4.0,3.0,4.484848484848484,319.63,1,6,Bajo,Ascendente,Bajo valor / Ascendente
1471,49,667,32,486.72,80,38,619,15.21,False,32,6.189741470692064,4.173239436619719,7.896666666666667,False,0.8922150973112836,Sin dato,Sin dato,Sin dato,Sin dato,Sin dato,Sin dato,6.0,2.0,12.0,4.0,3.0,4.0,2.5,83.17999999999999,0,0,Bajo,Ascendente,Bajo valor / Ascendente
1472,87,417,4,269.54,75,288,331,67.385,True,41,5.600419961661048,2.6057746478873236,0.0,False,-1.0,Sin dato,Sin dato,Sin dato,Sin dato,Sin dato,Sin dato,6.0,2.0,12.0,4.0,3.0,4.0,18.75,60.330000000000005,0,0,Bajo,Descendente,Bajo valor / Descendente
1473,107,701,116,4253.58,1384,4,595,36.66879310344827,False,170,8.355751328732524,49.50281690140845,57.53,False,0.16215608729052267,Sin dato,Sin dato,Sin dato,Sin dato,Sin dato,Sin dato,6.0,2.0,12.0,4.0,3.0,4.0,11.931034482758621,505.08,1,6,Alto,Ascendente,Alto valor / Ascendente
1474,85,699,70,2309.58,912,6,615,32.994,False,111,7.7452538542510485,26.45,32.19583333333333,False,0.21723377441713926,35-44,U,50-74K,Homeowner,Unknown,None/Unknown,2.0,3.0,4.0,0.0,6.0,3.0,13.028571428571428,493.71999999999997,1,1,Alto,Ascendente,Alto valor / Ascendente
1475,110,705,334,14740.89,4044,0,596,44.13440119760479,False,169,9.598448380047268,167.1688732394366,201.095,False,0.20294523796885844,25-34,B,50-74K,Homeowner,Single Male,None/Unknown,1.0,1.0,4.0,0.0,5.0,3.0,12.107784431137725,2497.37,1,6,Alto,Ascendente,Alto valor / Ascendente
1476,35,705,352,9386.26,1867,0,671,26.665511363636366,False,134,9.147108729833459,94.0256338028169,104.44833333333334,False,0.11084955356295814,Sin dato,Sin dato,Sin dato,Sin dato,Sin dato,Sin dato,6.0,2.0,12.0,4.0,3.0,4.0,5.3039772727272725,900.07,1,7,Alto,Ascendente,Alto valor / Ascendente
1477,62,661,15,279.2,77,44,600,18.613333333333333,False,35,5.635503633902907,2.884647887323944,1.7283333333333335,False,-0.4008511954168904,Sin dato,Sin dato,Sin dato,Sin dato,Sin dato,Sin dato,6.0,2.0,12.0,4.0,3.0,4.0,5.133333333333334,33.24,0,0,Bajo,Descendente,Bajo valor / Descendente
1478,112,513,6,88.59,30,192,402,14.765,False,20,4.495243706609487,0.8507042253521127,0.0,True,,Sin dato,Sin dato,Sin dato,Sin dato,Sin dato,Sin dato,6.0,2.0,12.0,4.0,3.0,4.0,5.0,31.810000000000002,0,0,Bajo,Sin tendencia disponible,Sin tendencia disponible
1479,24,705,711,9057.43,3329,0,682,12.739001406469761,False,196,9.111451094837497,89.02943661971831,140.08583333333334,False,0.5734777018942409,45-54,U,15-24K,Probable Renter,Unknown,None/Unknown,3.0,3.0,1.0,2.0,6.0,3.0,4.682137834036568,1159.69,1,2,Alto,Ascendente,Alto valor / Ascendente
1480,86,668,27,152.21,66,37,583,5.637407407407408,False,12,5.031809529327663,2.0171830985915493,0.5825,False,-0.7112309733277475,Sin dato,Sin dato,Sin dato,Sin dato,Sin dato,Sin dato,6.0,2.0,12.0,4.0,3.0,4.0,2.4444444444444446,108.2,0,0,Bajo,Descendente,Bajo valor / Descendente
1481,89,704,162,3285.38,1275,1,616,20.280123456790125,False,159,8.097541934029255,36.724366197183095,43.280833333333334,False,0.17853179823299842,19-24,U,35-49K,Unknown,Single Male,None/Unknown,0.0,3.0,3.0,5.0,5.0,3.0,7.87037037037037,512.29,1,4,Alto,Ascendente,Alto valor / Ascendente
1482,38,595,18,1042.35,352,110,558,57.90833333333333,False,108,6.950191969179394,4.1925352112676055,0.0,False,-1.0,Sin dato,Sin dato,Sin dato,Sin dato,Sin dato,Sin dato,6.0,2.0,12.0,4.0,3.0,4.0,19.555555555555557,273.18,0,0,Bajo,Descendente,Bajo valor / Descendente
1483,5,681,111,4517.86,1803,24,677,40.70144144144144,False,150,8.416015028626003,50.141408450704226,39.30833333333333,False,-0.21605047508829497,19-24,U,Under 15K,Unknown,Unknown,None/Unknown,0.0,3.0,0.0,5.0,6.0,3.0,16.243243243243242,872.12,1,4,Alto,Descendente,Alto valor / Descendente
1484,108,705,105,3204.41,1436,0,598,30.518190476190476,False,154,8.072595286290055,36.26267605633803,40.071666666666665,False,0.1050388725975698,19-24,A,35-49K,Homeowner,2 Adults No Kids,None/Unknown,0.0,0.0,3.0,0.0,2.0,3.0,13.676190476190476,645.1099999999999,1,1,Alto,Ascendente,Alto valor / Ascendente
1485,26,696,66,2187.88,464,9,671,33.14969696969697,False,116,7.69114527646791,18.439014084507043,19.923333333333336,False,0.0804988402321064,35-44,U,50-74K,Homeowner,Single Male,None/Unknown,2.0,3.0,4.0,0.0,5.0,3.0,7.03030303030303,216.31,1,3,Alto,Ascendente,Alto valor / Ascendente
1486,90,698,14,548.32,147,7,609,39.16571428571429,False,55,6.308681149662081,5.933661971830986,7.6175,False,0.28377720809893414,Sin dato,Sin dato,Sin dato,Sin dato,Sin dato,Sin dato,6.0,2.0,12.0,4.0,3.0,4.0,10.5,88.16,0,0,Bajo,Ascendente,Bajo valor / Ascendente
1487,105,704,38,1471.28,407,1,600,38.717894736842105,False,112,7.294567498591092,8.96718309859155,56.11166666666667,False,5.2574462960926915,Sin dato,Sin dato,Sin dato,Sin dato,Sin dato,Sin dato,6.0,2.0,12.0,4.0,3.0,4.0,10.710526315789474,166.53,0,0,Bajo,Ascendente,Bajo valor / Ascendente
1488,95,692,76,3246.92,1165,13,598,42.72263157894737,False,152,8.085770070436359,34.45295774647887,60.53916666666667,False,0.7571544107226564,25-34,A,50-74K,Probable Owner,Single Female,None/Unknown,1.0,0.0,4.0,1.0,4.0,3.0,15.328947368421053,752.4,1,4,Alto,Ascendente,Alto valor / Ascendente
1489,65,705,535,17231.53,5585,0,641,32.20846728971962,False,199,9.754554155654853,200.7508450704225,220.38,False,0.09777869140571568,Sin dato,Sin dato,Sin dato,Sin dato,Sin dato,Sin dato,6.0,2.0,12.0,4.0,3.0,4.0,10.439252336448599,3961.0800000000004,1,11,Alto,Ascendente,Alto valor / Ascendente
1490,4,697,206,5041.37,1463,8,694,24.47266990291262,False,129,8.525631488633367,47.80281690140845,51.90166666666667,False,0.08574494205460631,Sin dato,Sin dato,Sin dato,Sin dato,Sin dato,Sin dato,6.0,2.0,12.0,4.0,3.0,4.0,7.101941747572815,1238.78,1,6,Alto,Ascendente,Alto valor / Ascendente
1491,82,704,286,5592.78,2116,1,623,19.555174825174824,False,166,8.629410545137276,62.348591549295776,68.86666666666666,False,0.10454245966755131,65+,U,35-49K,Homeowner,2 Adults No Kids,None/Unknown,5.0,3.0,3.0,0.0,2.0,3.0,7.398601398601398,771.52,1,6,Alto,Ascendente,Alto valor / Ascendente
1492,17,703,94,1206.0,499,2,687,12.829787234042554,False,116,7.095893221097532,13.582394366197184,11.959166666666667,False,-0.11950968700852047,65+,A,15-24K,Homeowner,2 Adults No Kids,None/Unknown,5.0,0.0,1.0,0.0,2.0,3.0,5.308510638297872,229.06,1,3,Bajo,Descendente,Bajo valor / Descendente
1493,116,704,25,943.13,286,1,589,37.7252,False,72,6.850263868528499,10.561126760563381,5.271666666666667,False,-0.5008424019346349,Sin dato,Sin dato,Sin dato,Sin dato,Sin dato,Sin dato,6.0,2.0,12.0,4.0,3.0,4.0,11.44,211.2,1,1,Bajo,Descendente,Bajo valor / Descendente
1494,75,700,85,2595.09,1164,5,626,30.530470588235296,False,123,7.861761745944144,28.714507042253523,29.309166666666666,False,0.02070937953202885,65+,B,25-34K,Unknown,Single Female,None/Unknown,5.0,1.0,2.0,5.0,4.0,3.0,13.694117647058823,369.74,1,4,Alto,Ascendente,Alto valor / Ascendente
1495,77,704,165,1779.86,1154,1,628,10.787030303030303,False,102,7.484851672676065,20.500140845070423,19.246666666666666,False,-0.061144661779490836,Sin dato,Sin dato,Sin dato,Sin dato,Sin dato,Sin dato,6.0,2.0,12.0,4.0,3.0,4.0,6.993939393939394,265.75,1,1,Bajo,Descendente,Bajo valor / Descendente
1496,98,657,12,852.95,294,48,560,71.07916666666667,False,93,6.749872644065201,7.591971830985915,12.771666666666667,False,0.6822594908137458,Sin dato,Sin dato,Sin dato,Sin dato,Sin dato,Sin dato,6.0,2.0,12.0,4.0,3.0,4.0,24.5,146.96,0,0,Bajo,Ascendente,Bajo valor / Ascendente
1497,95,692,9,527.3,138,13,598,58.58888888888888,False,76,6.26966430417027,4.957042253521126,3.8175000000000003,False,-0.22988350617985495,Sin dato,Sin dato,Sin dato,Sin dato,Sin dato,Sin dato,6.0,2.0,12.0,4.0,3.0,4.0,15.333333333333334,62.72,0,0,Bajo,Descendente,Bajo valor / Descendente
1498,79,658,26,960.1800000000001,351,47,580,36.93,False,93,6.8681616963216605,10.672676056338029,3.391666666666667,False,-0.6822102864583333,Sin dato,Sin dato,Sin dato,Sin dato,Sin dato,Sin dato,6.0,2.0,12.0,4.0,3.0,4.0,13.5,162.07999999999998,0,0,Bajo,Descendente,Bajo valor / Descendente
1499,104,698,87,2058.54,546,7,595,23.661379310344827,False,105,7.630237935877379,24.172957746478872,22.757499999999997,False,-0.058555422192183175,55-64,A,15-24K,Homeowner,2 Adults No Kids,None/Unknown,4.0,0.0,1.0,0.0,2.0,3.0,6.275862068965517,572.73,1,1,Bajo,Descendente,Bajo valor / Descendente
1500,113,697,54,1051.1200000000001,339,8,585,19.465185185185188,False,100,6.95856245523341,8.746338028169014,15.825833333333334,False,0.8094239306054313,Sin dato,Sin dato,Sin dato,Sin dato,Sin dato,Sin dato,6.0,2.0,12.0,4.0,3.0,4.0,6.277777777777778,164.6,0,0,Bajo,Ascendente,Bajo valor / Ascendente
1501,92,701,205,8490.73,2282,4,610,41.418195121951214,False,169,9.046848027687446,97.0187323943662,109.38166666666666,False,0.1274283220074144,Sin dato,Sin dato,Sin dato,Sin dato,Sin dato,Sin dato,6.0,2.0,12.0,4.0,3.0,4.0,11.13170731707317,1116.67,1,4,Alto,Ascendente,Alto valor / Ascendente
1502,30,680,47,2160.82,777,25,651,45.97489361702128,False,128,7.678705738488942,21.90507042253521,17.430833333333336,False,-0.20425577288256183,Sin dato,Sin dato,Sin dato,Sin dato,Sin dato,Sin dato,6.0,2.0,12.0,4.0,3.0,4.0,16.53191489361702,333.42999999999995,1,4,Alto,Descendente,Alto valor / Descendente
1503,45,660,18,117.69,52,45,616,6.538333333333333,False,38,4.776515052068413,1.0643661971830984,2.0,False,0.8790525340743685,Sin dato,Sin dato,Sin dato,Sin dato,Sin dato,Sin dato,6.0,2.0,12.0,4.0,3.0,4.0,2.888888888888889,23.16,0,0,Bajo,Ascendente,Bajo valor / Ascendente
1504,78,197,3,66.33,7,508,120,22.11,True,6,4.20960590255719,0.1628169014084507,0.0,True,,Sin dato,Sin dato,Sin dato,Sin dato,Sin dato,Sin dato,6.0,2.0,12.0,4.0,3.0,4.0,2.3333333333333335,31.68,0,0,Bajo,Sin tendencia disponible,Sin tendencia disponible
1505,114,656,103,4053.23,1586,49,543,39.35174757281553,False,164,8.307516059492416,53.32985915492958,10.804166666666667,False,-0.797408678030083,45-54,U,25-34K,Unknown,Single Female,None/Unknown,3.0,3.0,2.0,5.0,4.0,3.0,15.398058252427184,628.15,1,5,Alto,Descendente,Alto valor / Descendente
1506,46,703,142,2358.09,1259,2,658,16.606267605633803,False,85,7.766031230439135,26.463943661971832,28.059166666666666,False,0.06027911127195822,Sin dato,Sin dato,Sin dato,Sin dato,Sin dato,Sin dato,6.0,2.0,12.0,4.0,3.0,4.0,8.866197183098592,441.13,1,4,Alto,Ascendente,Alto valor / Ascendente
1507,102,700,26,1499.3700000000001,368,5,599,57.668076923076924,False,110,7.313467023339748,7.739295774647887,58.3475,False,6.539122640994377,Sin dato,Sin dato,Sin dato,Sin dato,Sin dato,Sin dato,6.0,2.0,12.0,4.0,3.0,4.0,14.153846153846153,205.6,0,0,Bajo,Ascendente,Bajo valor / Ascendente
1508,44,669,81,1849.2,461,36,626,22.82962962962963,False,85,7.5230490203372185,20.46718309859155,17.150833333333335,False,-0.16203254494197744,Sin dato,Sin dato,Sin dato,Sin dato,Sin dato,Sin dato,6.0,2.0,12.0,4.0,3.0,4.0,5.691358024691358,527.46,1,2,Bajo,Descendente,Bajo valor / Descendente
1509,58,699,203,6444.89,1472,6,642,31.748226600985223,False,160,8.77119799738336,70.47084507042254,71.26666666666667,False,0.011292919723736083,45-54,A,50-74K,Homeowner,2 Adults No Kids,None/Unknown,3.0,0.0,4.0,0.0,2.0,3.0,7.251231527093596,697.81,1,5,Alto,Ascendente,Alto valor / Ascendente
1510,82,705,1287,10985.18,4707,0,624,8.535493395493395,False,215,9.304393398257691,119.5980281690141,152.43416666666667,False,0.27455417953253414,Sin dato,Sin dato,Sin dato,Sin dato,Sin dato,Sin dato,6.0,2.0,12.0,4.0,3.0,4.0,3.6573426573426575,1340.88,1,5,Alto,Ascendente,Alto valor / Ascendente
1511,75,705,149,3740.16,1357,0,631,25.10174496644295,False,142,8.227151002746583,40.347605633802814,53.37916666666666,False,0.3229822644530395,Sin dato,Sin dato,Sin dato,Sin dato,Sin dato,Sin dato,6.0,2.0,12.0,4.0,3.0,4.0,9.10738255033557,780.9,1,4,Alto,Ascendente,Alto valor / Ascendente
1512,24,683,91,1593.98,441,22,660,17.516263736263735,False,104,7.374616475955376,17.24154929577465,11.94,False,-0.3074868275946576,Sin dato,Sin dato,Sin dato,Sin dato,Sin dato,Sin dato,6.0,2.0,12.0,4.0,3.0,4.0,4.846153846153846,221.26,1,1,Bajo,Descendente,Bajo valor / Descendente
1513,56,704,63,916.25,277,1,649,14.543650793650794,False,77,6.821380063235392,9.499154929577466,10.134166666666667,False,0.06684928730996567,Sin dato,Sin dato,Sin dato,Sin dato,Sin dato,Sin dato,6.0,2.0,12.0,4.0,3.0,4.0,4.396825396825397,164.34,0,0,Bajo,Ascendente,Bajo valor / Ascendente
1514,95,704,57,2355.31,877,1,610,41.32122807017544,False,106,7.764852115063095,28.878309859154932,13.505833333333333,False,-0.5323191211949772,Sin dato,Sin dato,Sin dato,Sin dato,Sin dato,Sin dato,6.0,2.0,12.0,4.0,3.0,4.0,15.385964912280702,413.61999999999995,0,0,Alto,Descendente,Alto valor / Descendente
1515,51,703,98,4156.61,1314,2,653,42.41438775510204,False,174,8.332695668925128,48.50042253521127,9.390833333333333,False,-0.8063762573096019,Sin dato,Sin dato,Sin dato,Sin dato,Sin dato,Sin dato,6.0,2.0,12.0,4.0,3.0,4.0,13.408163265306122,635.7600000000001,1,6,Alto,Descendente,Alto valor / Descendente
1516,136,496,15,189.66,68,209,361,12.644,False,36,5.250491737065432,2.671267605633803,0.0,False,-1.0,Sin dato,Sin dato,Sin dato,Sin dato,Sin dato,Sin dato,6.0,2.0,12.0,4.0,3.0,4.0,4.533333333333333,24.47,0,0,Bajo,Descendente,Bajo valor / Descendente
1517,75,705,134,3823.67,1441,0,631,28.534850746268656,False,138,8.249227468028973,42.428591549295774,44.91083333333333,False,0.05850398736789449,45-54,A,50-74K,Homeowner,2 Adults Kids,2,3.0,0.0,4.0,0.0,1.0,1.0,10.753731343283581,1244.19,1,5,Alto,Ascendente,Alto valor / Ascendente
1518,60,676,34,1373.77,347,29,617,40.405,False,94,7.226041723381756,12.813098591549297,19.2925,False,0.5056857529157002,Sin dato,Sin dato,Sin dato,Sin dato,Sin dato,Sin dato,6.0,2.0,12.0,4.0,3.0,4.0,10.205882352941176,356.46,1,1,Bajo,Ascendente,Bajo valor / Ascendente
1519,39,690,30,2425.66,891,15,652,80.85533333333333,False,151,7.794271105266101,19.077464788732396,68.44916666666667,False,2.5879592715639226,Sin dato,Sin dato,Sin dato,Sin dato,Sin dato,Sin dato,6.0,2.0,12.0,4.0,3.0,4.0,29.7,517.97,0,0,Alto,Ascendente,Alto valor / Ascendente
1520,102,705,141,3824.39,1127,0,604,27.12333333333333,False,131,8.249415701847303,46.41084507042254,31.27416666666667,False,-0.32614528739538984,Sin dato,Sin dato,Sin dato,Sin dato,Sin dato,Sin dato,6.0,2.0,12.0,4.0,3.0,4.0,7.99290780141844,678.92,1,4,Alto,Descendente,Alto valor / Descendente
1521,87,666,43,753.95,441,39,580,17.53372093023256,False,115,6.626651521890479,5.5635211267605635,9.973333333333333,False,0.7926297224542836,Sin dato,Sin dato,Sin dato,Sin dato,Sin dato,Sin dato,6.0,2.0,12.0,4.0,3.0,4.0,10.255813953488373,214.91,0,0,Bajo,Ascendente,Bajo valor / Ascendente
1522,92,633,35,1086.56,433,72,542,31.044571428571427,False,124,6.991691933854691,11.008169014084508,5.641666666666667,False,-0.4875018125677048,Sin dato,Sin dato,Sin dato,Sin dato,Sin dato,Sin dato,6.0,2.0,12.0,4.0,3.0,4.0,12.371428571428572,225.29,0,0,Bajo,Descendente,Bajo valor / Descendente
1523,83,679,67,1668.3,595,26,597,24.9,False,116,7.420159655861342,16.12394366197183,2.575833333333333,False,-0.8402479326811088,Sin dato,Sin dato,Sin dato,Sin dato,Sin dato,Sin dato,6.0,2.0,12.0,4.0,3.0,4.0,8.880597014925373,358.34000000000003,0,0,Bajo,Descendente,Bajo valor / Descendente
1524,83,692,59,2779.06,849,13,610,47.10271186440678,False,138,7.930227789185592,30.479014084507046,36.494166666666665,False,0.19735390933190367,45-54,A,35-49K,Homeowner,2 Adults No Kids,None/Unknown,3.0,0.0,3.0,0.0,2.0,3.0,14.389830508474576,561.7099999999999,1,1,Alto,Ascendente,Alto valor / Ascendente
1525,61,690,38,1645.25,588,15,630,43.296052631578945,False,99,7.406255253057491,13.73380281690141,55.145,False,3.015275356373705,Sin dato,Sin dato,Sin dato,Sin dato,Sin dato,Sin dato,6.0,2.0,12.0,4.0,3.0,4.0,15.473684210526315,400.31,0,0,Bajo,Ascendente,Bajo valor / Ascendente
1526,75,704,197,2880.94,1299,1,630,14.624060913705584,False,131,7.966218957466971,32.64521126760563,29.575000000000003,False,-0.09404782963228205,Sin dato,Sin dato,Sin dato,Sin dato,Sin dato,Sin dato,6.0,2.0,12.0,4.0,3.0,4.0,6.593908629441624,588.44,1,3,Alto,Descendente,Alto valor / Descendente
1527,33,704,318,17170.66,3693,1,672,53.99578616352201,False,192,9.751015629474548,181.12197183098593,215.8025,False,0.19147609656864953,25-34,A,50-74K,Homeowner,2 Adults No Kids,None/Unknown,1.0,0.0,4.0,0.0,2.0,3.0,11.61320754716981,1915.74,1,15,Alto,Ascendente,Alto valor / Ascendente
1528,54,703,235,7970.74,2824,2,650,33.91804255319149,False,196,8.983658066651309,86.37859154929578,111.06666666666666,False,0.2858124296143627,35-44,B,125-149K,Unknown,Single Female,None/Unknown,2.0,1.0,7.0,5.0,4.0,3.0,12.017021276595745,1603.84,1,9,Alto,Ascendente,Alto valor / Ascendente
1529,91,694,238,8896.15,2697,11,604,37.37878151260504,False,158,9.093486279718247,105.67802816901408,84.81833333333334,False,-0.19738913752553366,45-54,U,50-74K,Unknown,Single Male,None/Unknown,3.0,3.0,4.0,5.0,5.0,3.0,11.331932773109244,1756.34,1,8,Alto,Descendente,Alto valor / Descendente
1530,108,692,47,867.61,283,13,585,18.459787234042555,False,85,6.766894232813635,8.997042253521126,13.08,False,0.4538111116329311,Sin dato,Sin dato,Sin dato,Sin dato,Sin dato,Sin dato,6.0,2.0,12.0,4.0,3.0,4.0,6.0212765957446805,96.63,1,1,Bajo,Ascendente,Bajo valor / Ascendente
1531,70,705,44,963.6700000000001,346,0,636,21.90159090909091,False,109,6.871786073942367,10.643098591549295,11.11,False,0.043868935764761946,Sin dato,Sin dato,Sin dato,Sin dato,Sin dato,Sin dato,6.0,2.0,12.0,4.0,3.0,4.0,7.863636363636363,183.94,0,0,Bajo,Ascendente,Bajo valor / Ascendente
1532,52,669,86,1916.02,500,36,618,22.279302325581394,False,106,7.558527175959401,14.190422535211267,15.780833333333334,False,0.11207635249589758,Sin dato,Sin dato,Sin dato,Sin dato,Sin dato,Sin dato,6.0,2.0,12.0,4.0,3.0,4.0,5.813953488372093,308.68,1,2,Bajo,Ascendente,Bajo valor / Ascendente
1533,86,700,22,255.24,122,5,615,11.601818181818182,False,34,5.546114505300903,1.8146478873239438,9.719166666666666,False,4.355951826554899,Sin dato,Sin dato,Sin dato,Sin dato,Sin dato,Sin dato,6.0,2.0,12.0,4.0,3.0,4.0,5.545454545454546,18.53,0,0,Bajo,Ascendente,Bajo valor / Ascendente
1534,105,704,311,8371.4,2431,1,600,26.917684887459806,False,165,9.032695860733192,93.75633802816901,125.61833333333334,False,0.33983830827086503,25-34,A,75-99K,Renter,2 Adults Kids,1,1.0,0.0,5.0,3.0,1.0,0.0,7.816720257234727,1191.1699999999998,1,12,Alto,Ascendente,Alto valor / Ascendente
1535,82,703,244,8400.44,3016,2,622,34.42803278688525,False,167,9.036158398710635,90.94464788732394,140.20583333333335,False,0.5416611817227733,Sin dato,Sin dato,Sin dato,Sin dato,Sin dato,Sin dato,6.0,2.0,12.0,4.0,3.0,4.0,12.360655737704919,1418.5,1,8,Alto,Ascendente,Alto valor / Ascendente
1536,47,705,163,6873.33,1737,0,659,42.16766871165644,False,164,8.835549463240314,74.33647887323944,58.369166666666665,False,-0.2147978011414916,45-54,U,50-74K,Unknown,Unknown,None/Unknown,3.0,3.0,4.0,5.0,6.0,3.0,10.656441717791411,1019.8,1,10,Alto,Descendente,Alto valor / Descendente
1537,51,691,148,2878.58,882,14,641,19.449864864864864,False,126,7.965399729161944,25.832112676056337,17.445,False,-0.32467776760010464,19-24,A,35-49K,Renter,2 Adults Kids,1,0.0,0.0,3.0,3.0,1.0,0.0,5.95945945945946,412.70000000000005,1,4,Alto,Descendente,Alto valor / Descendente
1538,63,338,31,499.42,237,367,276,16.11032258064516,True,91,6.2154477458196355,5.031267605633803,0.0,False,-1.0,Sin dato,Sin dato,Sin dato,Sin dato,Sin dato,Sin dato,6.0,2.0,12.0,4.0,3.0,4.0,7.645161290322581,96.39,0,0,Bajo,Descendente,Bajo valor / Descendente
1539,89,672,10,79.41,17,33,584,7.941,False,14,4.387138546560058,0.6501408450704226,2.2708333333333335,True,,Sin dato,Sin dato,Sin dato,Sin dato,Sin dato,Sin dato,6.0,2.0,12.0,4.0,3.0,4.0,1.7,5.819999999999999,0,0,Bajo,Sin tendencia disponible,Sin tendencia disponible
1540,98,703,141,3515.39,1467,2,606,24.931843971631206,False,129,8.16519017415544,41.47549295774648,21.110833333333336,False,-0.4910046432759659,45-54,U,15-24K,Unknown,2 Adults Kids,2,3.0,3.0,1.0,5.0,1.0,1.0,10.404255319148936,704.03,1,5,Alto,Descendente,Alto valor / Descendente
1541,115,705,102,7743.35,2502,0,591,75.91519607843138,False,166,8.954718824216084,82.81788732394365,126.50666666666666,False,0.527528300400052,35-44,U,50-74K,Unknown,Unknown,None/Unknown,2.0,3.0,4.0,5.0,6.0,3.0,24.529411764705884,986.2900000000001,1,10,Alto,Ascendente,Alto valor / Ascendente
1542,24,702,116,1969.93,554,3,679,16.982155172413794,False,119,7.586260791555027,20.96492957746479,16.225,False,-0.22608850461199453,Sin dato,Sin dato,Sin dato,Sin dato,Sin dato,Sin dato,6.0,2.0,12.0,4.0,3.0,4.0,4.775862068965517,357.6,1,4,Bajo,Descendente,Bajo valor / Descendente
1543,108,684,84,2612.4,754,21,577,31.1,False,132,7.868407334555045,29.088591549295774,31.3225,False,0.07679672104159713,Sin dato,Sin dato,Sin dato,Sin dato,Sin dato,Sin dato,6.0,2.0,12.0,4.0,3.0,4.0,8.976190476190476,700.41,0,0,Alto,Ascendente,Alto valor / Ascendente
1544,20,691,54,2457.93,796,14,672,45.517222222222216,False,120,7.807481574954558,21.76267605633803,9.331666666666665,False,-0.5712077576071364,Sin dato,Sin dato,Sin dato,Sin dato,Sin dato,Sin dato,6.0,2.0,12.0,4.0,3.0,4.0,14.74074074074074,325.32,1,4,Alto,Descendente,Alto valor / Descendente
1545,66,694,170,3793.9,1224,11,629,22.31705882352941,False,177,8.241413339021419,48.60661971830986,19.145,False,-0.6061236080404049,45-54,A,35-49K,Homeowner,2 Adults No Kids,None/Unknown,3.0,0.0,3.0,0.0,2.0,3.0,7.2,670.3499999999999,1,5,Alto,Descendente,Alto valor / Descendente
1546,114,704,113,4095.37,1734,1,591,36.24221238938053,False,130,8.3178564946709,43.91591549295775,75.72333333333333,False,0.7242799673725608,Sin dato,Sin dato,Sin dato,Sin dato,Sin dato,Sin dato,6.0,2.0,12.0,4.0,3.0,4.0,15.345132743362832,776.28,1,6,Alto,Ascendente,Alto valor / Ascendente
1547,45,703,283,2157.45,627,2,659,7.623498233215547,False,85,7.677145650492815,16.611971830985915,51.45583333333334,False,2.0975150847146273,Sin dato,Sin dato,Sin dato,Sin dato,Sin dato,Sin dato,6.0,2.0,12.0,4.0,3.0,4.0,2.215547703180212,243.10000000000002,1,2,Alto,Ascendente,Alto valor / Ascendente
1548,33,699,110,3754.08,1544,6,667,34.128,False,143,8.230864868898053,38.83788732394367,55.23083333333333,False,0.42208645060060623,Sin dato,Sin dato,Sin dato,Sin dato,Sin dato,Sin dato,6.0,2.0,12.0,4.0,3.0,4.0,14.036363636363637,743.72,1,5,Alto,Ascendente,Alto valor / Ascendente
1549,6,703,175,1966.41,816,2,698,11.236628571428572,False,131,7.584473235916202,19.343521126760564,20.636666666666667,False,0.06685161049180008,45-54,U,15-24K,Homeowner,Unknown,None/Unknown,3.0,3.0,1.0,0.0,6.0,3.0,4.662857142857143,414.65000000000003,1,5,Bajo,Ascendente,Bajo valor / Ascendente
1550,55,705,333,2506.64,1502,0,651,7.527447447447447,False,123,7.827097350780007,19.196901408450703,39.803333333333335,False,1.073424897406174,Sin dato,Sin dato,Sin dato,Sin dato,Sin dato,Sin dato,6.0,2.0,12.0,4.0,3.0,4.0,4.51051051051051,467.9,0,0,Alto,Ascendente,Alto valor / Ascendente
1551,9,696,18,800.11,285,9,688,44.45055555555555,False,93,6.685998265979261,0.1407042253521127,2.2624999999999997,True,,Sin dato,Sin dato,Sin dato,Sin dato,Sin dato,Sin dato,6.0,2.0,12.0,4.0,3.0,4.0,15.833333333333334,118.03,1,1,Bajo,Sin tendencia disponible,Sin tendencia disponible
1552,86,692,35,1084.76,360,13,607,30.993142857142857,False,90,6.990035481595865,8.33507042253521,26.055833333333336,False,2.126048373015203,Sin dato,Sin dato,Sin dato,Sin dato,Sin dato,Sin dato,6.0,2.0,12.0,4.0,3.0,4.0,10.285714285714286,138.12,0,0,Bajo,Ascendente,Bajo valor / Ascendente
1553,17,695,16,140.84,76,10,679,8.8025,False,37,4.954699661765953,0.5391549295774648,5.280833333333333,True,,Sin dato,Sin dato,Sin dato,Sin dato,Sin dato,Sin dato,6.0,2.0,12.0,4.0,3.0,4.0,4.75,14.59,0,0,Bajo,Sin tendencia disponible,Sin tendencia disponible
1554,21,704,46,982.76,191,1,684,21.364347826086956,False,54,6.891381964864192,10.12169014084507,4.3325000000000005,False,-0.5719588389179561,Sin dato,Sin dato,Sin dato,Sin dato,Sin dato,Sin dato,6.0,2.0,12.0,4.0,3.0,4.0,4.1521739130434785,160.81,0,0,Bajo,Descendente,Bajo valor / Descendente
1555,60,697,89,1446.54,615,8,638,16.25325842696629,False,114,7.277620842916811,17.785774647887322,9.992500000000001,False,-0.4381745975181937,Sin dato,Sin dato,Sin dato,Sin dato,Sin dato,Sin dato,6.0,2.0,12.0,4.0,3.0,4.0,6.910112359550562,330.42,1,3,Bajo,Descendente,Bajo valor / Descendente
1556,95,703,137,3734.43,1812,2,609,27.25861313868613,False,126,8.225618218115661,41.99154929577465,43.403333333333336,False,0.033620670378569445,45-54,A,35-49K,Homeowner,2 Adults No Kids,None/Unknown,3.0,0.0,3.0,0.0,2.0,3.0,13.226277372262773,1115.5400000000002,1,5,Alto,Ascendente,Alto valor / Ascendente
1557,90,705,194,6516.51,1805,0,616,33.590257731958765,False,152,8.782247680137129,76.25,42.04333333333334,False,-0.4486120218579235,25-34,A,100-124K,Renter,1 Adult Kids,2,1.0,0.0,6.0,3.0,0.0,1.0,9.304123711340207,557.07,1,7,Alto,Descendente,Alto valor / Descendente
1558,4,704,142,4460.17,1236,1,701,31.409647887323946,False,170,8.403166342449694,42.94774647887324,42.524166666666666,False,-0.009862678415849882,Sin dato,Sin dato,Sin dato,Sin dato,Sin dato,Sin dato,6.0,2.0,12.0,4.0,3.0,4.0,8.704225352112676,431.81,1,6,Alto,Descendente,Alto valor / Descendente
1559,15,704,60,2725.42,701,1,690,45.42366666666667,False,137,7.910744672288842,19.370563380281688,74.32416666666667,False,2.8369646358517966,Sin dato,Sin dato,Sin dato,Sin dato,Sin dato,Sin dato,6.0,2.0,12.0,4.0,3.0,4.0,11.683333333333334,292.12,0,0,Alto,Ascendente,Alto valor / Ascendente
1560,110,703,44,1209.04,422,2,594,27.478181818181817,False,88,7.098408695895627,11.93774647887324,28.49416666666667,False,1.3868966154620606,Sin dato,Sin dato,Sin dato,Sin dato,Sin dato,Sin dato,6.0,2.0,12.0,4.0,3.0,4.0,9.590909090909092,460.69,0,0,Bajo,Ascendente,Bajo valor / Ascendente
1561,87,611,6,401.41,105,94,525,66.90166666666667,False,56,5.9974714693713835,1.5261971830985916,0.0,False,-1.0,Sin dato,Sin dato,Sin dato,Sin dato,Sin dato,Sin dato,6.0,2.0,12.0,4.0,3.0,4.0,17.5,55.68,0,0,Bajo,Descendente,Bajo valor / Descendente
1562,94,694,38,1074.57,533,11,601,28.27815789473684,False,104,6.980606032596291,13.235352112676058,8.22,False,-0.37893605474029224,Sin dato,Sin dato,Sin dato,Sin dato,Sin dato,Sin dato,6.0,2.0,12.0,4.0,3.0,4.0,14.026315789473685,334.4,0,0,Bajo,Descendente,Bajo valor / Descendente
1563,110,698,113,4754.88,1185,7,589,42.07858407079646,False,151,8.467137026205563,50.55943661971831,96.91333333333334,False,0.9168198819592244,45-54,A,75-99K,Homeowner,Unknown,1,3.0,0.0,5.0,0.0,6.0,0.0,10.486725663716815,735.49,1,3,Alto,Ascendente,Alto valor / Ascendente
1564,42,664,36,437.77,135,41,623,12.160277777777777,False,74,6.083975357786739,4.782394366197183,2.445,False,-0.4887498159328523,Sin dato,Sin dato,Sin dato,Sin dato,Sin dato,Sin dato,6.0,2.0,12.0,4.0,3.0,4.0,3.75,92.71,0,0,Bajo,Descendente,Bajo valor / Descendente
1565,61,652,31,447.91,196,53,592,14.448709677419355,False,69,6.1068224222160845,4.702253521126761,6.2508333333333335,False,0.3293271630823298,Sin dato,Sin dato,Sin dato,Sin dato,Sin dato,Sin dato,6.0,2.0,12.0,4.0,3.0,4.0,6.32258064516129,113.03999999999999,0,0,Bajo,Ascendente,Bajo valor / Ascendente
1566,95,705,341,10443.85,2492,0,611,30.627126099706746,False,182,9.253864312949299,103.30028169014084,252.64833333333334,False,1.445766160552944,35-44,U,75-99K,Homeowner,2 Adults No Kids,None/Unknown,2.0,3.0,5.0,0.0,2.0,3.0,7.30791788856305,1135.27,1,4,Alto,Ascendente,Alto valor / Ascendente
1567,117,704,154,2118.46,998,1,588,13.756233766233766,False,107,7.658916618239046,25.925492957746478,17.39166666666667,False,-0.329167368388647,45-54,U,15-24K,Renter,Single Male,None/Unknown,3.0,3.0,1.0,3.0,5.0,3.0,6.48051948051948,247.21,1,2,Bajo,Descendente,Bajo valor / Descendente
1568,107,705,80,4555.69,1334,0,599,56.946124999999995,False,152,8.424351761739043,49.93943661971831,67.6825,False,0.35529162083650634,55-64,B,35-49K,Homeowner,Single Female,None/Unknown,4.0,1.0,3.0,0.0,4.0,3.0,16.675,1315.88,1,5,Alto,Ascendente,Alto valor / Ascendente
1569,14,699,103,1336.1,663,6,686,12.971844660194174,False,107,7.198258368620619,12.101549295774648,9.99,False,-0.1744858649224287,Sin dato,Sin dato,Sin dato,Sin dato,Sin dato,Sin dato,6.0,2.0,12.0,4.0,3.0,4.0,6.436893203883495,268.63,1,2,Bajo,Descendente,Bajo valor / Descendente
1570,107,664,51,2389.96,718,41,558,46.86196078431372,False,120,7.779450237916463,31.98788732394366,3.8575,False,-0.8794074781827628,Sin dato,Sin dato,Sin dato,Sin dato,Sin dato,Sin dato,6.0,2.0,12.0,4.0,3.0,4.0,14.07843137254902,705.54,0,0,Alto,Descendente,Alto valor / Descendente
1571,58,686,48,562.05,162,19,629,11.709375,False,55,6.3333684341430345,6.425492957746479,4.296666666666667,False,-0.3313094116013824,Sin dato,Sin dato,Sin dato,Sin dato,Sin dato,Sin dato,6.0,2.0,12.0,4.0,3.0,4.0,3.375,55.81,0,0,Bajo,Descendente,Bajo valor / Descendente
1572,106,700,50,2413.06,717,5,595,48.2612,False,132,7.789065256361024,21.79661971830986,65.19916666666667,False,1.9912512815873593,35-44,A,75-99K,Homeowner,2 Adults No Kids,None/Unknown,2.0,0.0,5.0,0.0,2.0,3.0,14.34,476.0,1,1,Alto,Ascendente,Alto valor / Ascendente
1573,95,696,96,372.87,188,9,602,3.8840625,False,56,5.923908143406992,3.6278873239436615,3.215,False,-0.11380930196443817,Sin dato,Sin dato,Sin dato,Sin dato,Sin dato,Sin dato,6.0,2.0,12.0,4.0,3.0,4.0,1.9583333333333333,64.52,0,0,Bajo,Descendente,Bajo valor / Descendente
1574,107,651,28,3616.03,1179,54,545,129.14392857142857,False,116,8.193408526084138,45.13887323943662,26.968333333333334,False,-0.4025474851735593,Sin dato,Sin dato,Sin dato,Sin dato,Sin dato,Sin dato,6.0,2.0,12.0,4.0,3.0,4.0,42.107142857142854,1347.9,0,0,Alto,Descendente,Alto valor / Descendente
1575,89,705,53,1603.95,783,0,617,30.263207547169813,False,127,7.380847882430888,18.24661971830986,25.203333333333333,False,0.3812604045253736,Sin dato,Sin dato,Sin dato,Sin dato,Sin dato,Sin dato,6.0,2.0,12.0,4.0,3.0,4.0,14.773584905660377,320.69,1,1,Bajo,Ascendente,Bajo valor / Ascendente
1576,15,691,18,471.11,278,14,677,26.172777777777778,False,73,6.157212009280883,2.1815492957746483,11.92,False,4.464006714442506,Sin dato,Sin dato,Sin dato,Sin dato,Sin dato,Sin dato,6.0,2.0,12.0,4.0,3.0,4.0,15.444444444444445,153.6,0,0,Bajo,Ascendente,Bajo valor / Ascendente
1577,74,692,82,3794.61,1372,13,619,46.27573170731708,False,150,8.241600414725704,48.933661971830986,11.973333333333334,False,-0.7553149948142881,Sin dato,Sin dato,Sin dato,Sin dato,Sin dato,Sin dato,6.0,2.0,12.0,4.0,3.0,4.0,16.73170731707317,662.86,1,5,Alto,Descendente,Alto valor / Descendente
1578,117,697,94,2846.81,1182,8,581,30.285212765957446,False,132,7.954305556823277,31.569999999999997,48.07749999999999,False,0.5228856509344314,45-54,U,15-24K,Unknown,2 Adults No Kids,None/Unknown,3.0,3.0,1.0,5.0,2.0,3.0,12.574468085106384,501.99,1,2,Alto,Ascendente,Alto valor / Ascendente
1579,14,696,595,12589.82,3639,9,683,21.159361344537814,False,177,9.440723255973852,132.6191549295775,134.97833333333332,False,0.01778912258194217,Sin dato,Sin dato,Sin dato,Sin dato,Sin dato,Sin dato,6.0,2.0,12.0,4.0,3.0,4.0,6.115966386554621,2236.06,1,8,Alto,Ascendente,Alto valor / Ascendente
1580,51,705,198,1743.82,1261,0,655,8.807171717171716,False,128,7.464406677453544,18.294084507042253,34.24333333333333,False,0.8718254701486409,19-24,B,50-74K,Unknown,2 Adults No Kids,None/Unknown,0.0,1.0,4.0,5.0,2.0,3.0,6.3686868686868685,402.91,1,2,Bajo,Ascendente,Bajo valor / Ascendente
1581,433,702,27,1211.52,404,3,270,44.87111111111111,True,115,7.10045611752096,13.333661971830987,22.069166666666664,False,0.6551467041305318,Sin dato,Sin dato,Sin dato,Sin dato,Sin dato,Sin dato,6.0,2.0,12.0,4.0,3.0,4.0,14.962962962962964,382.72,1,2,Bajo,Ascendente,Bajo valor / Ascendente
1582,100,602,37,1907.02,669,103,503,51.54108108108108,False,122,7.553821334133588,23.287323943661974,0.0,False,-1.0,Sin dato,Sin dato,Sin dato,Sin dato,Sin dato,Sin dato,6.0,2.0,12.0,4.0,3.0,4.0,18.08108108108108,216.28,1,5,Bajo,Descendente,Bajo valor / Descendente
1583,84,685,20,338.28000000000003,69,20,602,16.914,False,26,5.826825725166335,4.12056338028169,2.4791666666666665,False,-0.398342790082946,Sin dato,Sin dato,Sin dato,Sin dato,Sin dato,Sin dato,6.0,2.0,12.0,4.0,3.0,4.0,3.45,47.67,0,0,Bajo,Descendente,Bajo valor / Descendente
1584,7,705,314,7336.28,1876,0,699,23.363949044585986,False,156,8.900723480722629,75.40830985915493,104.65166666666666,False,0.38780018889339224,Sin dato,Sin dato,Sin dato,Sin dato,Sin dato,Sin dato,6.0,2.0,12.0,4.0,3.0,4.0,5.974522292993631,861.54,1,5,Alto,Ascendente,Alto valor / Ascendente
1585,68,705,150,9353.85,1988,0,638,62.359,False,199,9.143650204373333,95.69830985915493,151.53333333333333,False,0.5834483760095055,45-54,B,150-174K,Homeowner,Single Female,None/Unknown,3.0,1.0,8.0,0.0,4.0,3.0,13.253333333333334,990.75,1,7,Alto,Ascendente,Alto valor / Ascendente
1586,96,691,70,2194.57,532,14,596,31.351000000000003,False,88,7.694196972891366,24.736901408450702,23.895,False,-0.03403423066411582,Sin dato,Sin dato,Sin dato,Sin dato,Sin dato,Sin dato,6.0,2.0,12.0,4.0,3.0,4.0,7.6,173.93,1,5,Alto,Descendente,Alto valor / Descendente
1587,87,705,67,712.03,274,0,619,10.62731343283582,False,79,6.569523495265463,7.541690140845071,10.929166666666667,False,0.44916676004432327,Sin dato,Sin dato,Sin dato,Sin dato,Sin dato,Sin dato,6.0,2.0,12.0,4.0,3.0,4.0,4.08955223880597,137.43,1,1,Bajo,Ascendente,Bajo valor / Ascendente
1588,100,704,232,5089.05,1880,1,605,21.935560344827586,False,188,8.535042932679033,54.309295774647886,45.48500000000001,False,-0.1624822352928971,35-44,U,50-74K,Homeowner,Unknown,None/Unknown,2.0,3.0,4.0,0.0,6.0,3.0,8.10344827586207,568.77,1,4,Alto,Descendente,Alto valor / Descendente
1589,79,628,17,327.29,123,77,550,19.252352941176472,False,54,5.793897364098461,4.218450704225352,0.47333333333333333,False,-0.8877945088088323,Sin dato,Sin dato,Sin dato,Sin dato,Sin dato,Sin dato,6.0,2.0,12.0,4.0,3.0,4.0,7.235294117647059,65.33,0,0,Bajo,Descendente,Bajo valor / Descendente
1590,4,704,152,8033.79,2368,1,701,52.853881578947366,False,174,8.991536142173567,77.33507042253521,101.29333333333334,False,0.3097981650485025,Sin dato,Sin dato,Sin dato,Sin dato,Sin dato,Sin dato,6.0,2.0,12.0,4.0,3.0,4.0,15.578947368421053,995.86,1,9,Alto,Ascendente,Alto valor / Ascendente
1591,24,703,108,4733.66,1498,2,680,43.83018518518519,False,132,8.462665197339808,45.653521126760566,88.16166666666668,False,0.9311033298369018,25-34,U,25-34K,Unknown,Single Female,None/Unknown,1.0,3.0,2.0,5.0,4.0,3.0,13.87037037037037,850.6300000000001,1,4,Alto,Ascendente,Alto valor / Ascendente
1592,103,695,51,2342.6,467,10,593,45.93333333333333,False,106,7.759443487670634,23.220000000000002,55.751666666666665,False,1.401019236290554,Sin dato,Sin dato,Sin dato,Sin dato,Sin dato,Sin dato,6.0,2.0,12.0,4.0,3.0,4.0,9.156862745098039,229.66,1,1,Alto,Ascendente,Alto valor / Ascendente
1593,73,695,43,1789.1,630,10,623,41.60697674418604,False,134,7.490026763196146,17.93507042253521,15.911666666666667,False,-0.112818277720625,Sin dato,Sin dato,Sin dato,Sin dato,Sin dato,Sin dato,6.0,2.0,12.0,4.0,3.0,4.0,14.651162790697674,334.86999999999995,1,1,Bajo,Descendente,Bajo valor / Descendente
1594,112,705,118,2986.13,898,0,594,25.306186440677966,False,126,8.002068339197415,32.932676056338025,53.9925,False,0.6394811010084596,Sin dato,Sin dato,Sin dato,Sin dato,Sin dato,Sin dato,6.0,2.0,12.0,4.0,3.0,4.0,7.610169491525424,544.5600000000001,1,1,Alto,Ascendente,Alto valor / Ascendente
1595,45,701,138,5589.1,1421,4,657,40.50072463768116,False,137,8.628752455076794,55.89971830985915,51.90166666666667,False,-0.07152185671188503,45-54,U,50-74K,Homeowner,Single Male,None/Unknown,3.0,3.0,4.0,0.0,5.0,3.0,10.297101449275363,638.3100000000001,1,3,Alto,Descendente,Alto valor / Descendente
1596,76,702,27,2102.2,733,3,627,77.85925925925925,False,132,7.651215273415671,18.259577464788734,52.07,False,1.8516541579568506,Sin dato,Sin dato,Sin dato,Sin dato,Sin dato,Sin dato,6.0,2.0,12.0,4.0,3.0,4.0,27.14814814814815,306.99,0,0,Bajo,Ascendente,Bajo valor / Ascendente
1597,85,705,54,801.63,314,0,621,14.845,False,100,6.687893835654068,5.290704225352113,26.859166666666667,False,4.07667136975118,Sin dato,Sin dato,Sin dato,Sin dato,Sin dato,Sin dato,6.0,2.0,12.0,4.0,3.0,4.0,5.814814814814815,138.45,0,0,Bajo,Ascendente,Bajo valor / Ascendente
1598,104,705,443,11478.9,3553,0,602,25.9117381489842,False,206,9.348352959034225,127.68647887323944,198.7025,False,0.5561749509692534,Sin dato,Sin dato,Sin dato,Sin dato,Sin dato,Sin dato,6.0,2.0,12.0,4.0,3.0,4.0,8.020316027088036,2102.9,1,9,Alto,Ascendente,Alto valor / Ascendente
1599,25,704,180,6025.34,2882,1,680,33.474111111111114,False,162,8.70389514026917,63.52014084507043,69.52416666666666,False,0.09452160750462474,Sin dato,Sin dato,Sin dato,Sin dato,Sin dato,Sin dato,6.0,2.0,12.0,4.0,3.0,4.0,16.011111111111113,1064.08,1,6,Alto,Ascendente,Alto valor / Ascendente
1600,40,702,63,894.34,297,3,663,14.195873015873016,False,75,6.797203534403733,9.853380281690141,3.6983333333333337,False,-0.6246634933794555,Sin dato,Sin dato,Sin dato,Sin dato,Sin dato,Sin dato,6.0,2.0,12.0,4.0,3.0,4.0,4.714285714285714,234.07999999999998,0,0,Bajo,Descendente,Bajo valor / Descendente
1601,7,692,21,1280.97,522,13,686,60.99857142857143,False,131,7.156153236270772,17.756197183098593,0.9550000000000001,False,-0.9462159611006672,Sin dato,Sin dato,Sin dato,Sin dato,Sin dato,Sin dato,6.0,2.0,12.0,4.0,3.0,4.0,24.857142857142858,190.86,1,2,Bajo,Descendente,Bajo valor / Descendente
1602,74,691,158,6395.25,2135,14,618,40.47626582278481,False,181,8.763467160119301,70.8043661971831,48.1925,False,-0.31935694663534314,Sin dato,Sin dato,Sin dato,Sin dato,Sin dato,Sin dato,6.0,2.0,12.0,4.0,3.0,4.0,13.512658227848101,704.83,1,8,Alto,Descendente,Alto valor / Descendente
1603,102,570,11,492.72,230,135,469,44.79272727272728,False,75,6.201968554875728,6.190985915492957,0.0,False,-1.0,Sin dato,Sin dato,Sin dato,Sin dato,Sin dato,Sin dato,6.0,2.0,12.0,4.0,3.0,4.0,20.90909090909091,140.15,0,0,Bajo,Descendente,Bajo valor / Descendente
1604,106,704,152,784.49,374,1,599,5.161118421052632,False,64,6.66630772686989,8.570985915492956,13.5175,False,0.5771231143392385,35-44,U,35-49K,Probable Owner,2 Adults No Kids,None/Unknown,2.0,3.0,3.0,1.0,2.0,3.0,2.460526315789474,90.87,1,3,Bajo,Ascendente,Bajo valor / Ascendente
1605,101,702,57,729.22,385,3,602,12.793333333333333,False,110,6.593345858602675,8.891830985915494,7.360833333333333,False,-0.17218024667891627,Sin dato,Sin dato,Sin dato,Sin dato,Sin dato,Sin dato,6.0,2.0,12.0,4.0,3.0,4.0,6.754385964912281,294.84,1,1,Bajo,Descendente,Bajo valor / Descendente
1606,106,695,21,1131.91,304,10,590,53.9004761904762,False,73,7.032544822744891,11.871971830985915,16.563333333333333,False,0.39516278922621234,Sin dato,Sin dato,Sin dato,Sin dato,Sin dato,Sin dato,6.0,2.0,12.0,4.0,3.0,4.0,14.476190476190476,208.89,0,0,Bajo,Ascendente,Bajo valor / Ascendente
1607,62,697,135,3796.48,502,8,636,28.122074074074074,False,50,8.242092967833281,37.63774647887324,42.218333333333334,False,0.12170194241122438,Sin dato,Sin dato,Sin dato,Sin dato,Sin dato,Sin dato,6.0,2.0,12.0,4.0,3.0,4.0,3.7185185185185183,2416.2999999999997,1,5,Alto,Ascendente,Alto valor / Ascendente
1608,78,687,40,1399.89,710,18,610,34.99725,False,107,7.244863027908335,12.943098591549296,30.166666666666668,False,1.3307144308058385,Sin dato,Sin dato,Sin dato,Sin dato,Sin dato,Sin dato,6.0,2.0,12.0,4.0,3.0,4.0,17.75,427.69,0,0,Bajo,Ascendente,Bajo valor / Ascendente
1609,42,701,408,27526.14,6554,4,660,67.46602941176471,False,201,10.222927706070971,300.95957746478877,278.8225,False,-0.0735549858597829,45-54,A,125-149K,Homeowner,2 Adults Kids,3+,3.0,0.0,7.0,0.0,1.0,2.0,16.063725490196077,2509.29,1,3,Alto,Descendente,Alto valor / Descendente
1610,86,466,11,164.49,53,239,381,14.953636363636365,False,34,5.108910770030852,1.074929577464789,0.0,False,-1.0,Sin dato,Sin dato,Sin dato,Sin dato,Sin dato,Sin dato,6.0,2.0,12.0,4.0,3.0,4.0,4.818181818181818,21.64,0,0,Bajo,Descendente,Bajo valor / Descendente
1611,73,704,49,674.39,288,1,632,13.763061224489796,False,86,6.5152903018009924,5.55943661971831,21.05666666666667,False,2.787554046750439,Sin dato,Sin dato,Sin dato,Sin dato,Sin dato,Sin dato,6.0,2.0,12.0,4.0,3.0,4.0,5.877551020408164,105.35,0,0,Bajo,Ascendente,Bajo valor / Ascendente
1612,29,698,150,8372.39,2271,7,670,55.81593333333333,False,195,9.03281409940705,91.18859154929578,83.18666666666667,False,-0.08775138146862746,Sin dato,Sin dato,Sin dato,Sin dato,Sin dato,Sin dato,6.0,2.0,12.0,4.0,3.0,4.0,15.14,960.13,0,0,Alto,Descendente,Alto valor / Descendente
1613,39,702,135,6628.08,1856,3,664,49.09688888888889,False,146,8.799221310353818,70.91295774647887,76.72083333333333,False,0.08190147148590556,Sin dato,Sin dato,Sin dato,Sin dato,Sin dato,Sin dato,6.0,2.0,12.0,4.0,3.0,4.0,13.748148148148148,915.45,1,7,Alto,Ascendente,Alto valor / Ascendente
1614,89,698,75,518.16,172,7,610,6.908799999999999,False,52,6.252212120819558,6.294225352112676,5.065833333333333,False,-0.19516174748446677,Sin dato,Sin dato,Sin dato,Sin dato,Sin dato,Sin dato,6.0,2.0,12.0,4.0,3.0,4.0,2.2933333333333334,74.78,0,0,Bajo,Descendente,Bajo valor / Descendente
1615,43,660,42,869.28,296,45,618,20.697142857142858,False,91,6.768814998950002,9.157323943661972,1.2391666666666667,False,-0.8646802631106736,Sin dato,Sin dato,Sin dato,Sin dato,Sin dato,Sin dato,6.0,2.0,12.0,4.0,3.0,4.0,7.0476190476190474,201.01,1,1,Bajo,Descendente,Bajo valor / Descendente
1616,18,632,38,1235.72,478,73,615,32.51894736842105,False,112,7.120217992688079,14.320985915492956,8.158333333333333,False,-0.43032320669295854,Sin dato,Sin dato,Sin dato,Sin dato,Sin dato,Sin dato,6.0,2.0,12.0,4.0,3.0,4.0,12.578947368421053,252.1,0,0,Bajo,Descendente,Bajo valor / Descendente
1617,2,687,104,4067.8,1392,18,686,39.11346153846154,False,123,8.311103394667855,46.1569014084507,14.185833333333333,False,-0.692660622778805,Sin dato,Sin dato,Sin dato,Sin dato,Sin dato,Sin dato,6.0,2.0,12.0,4.0,3.0,4.0,13.384615384615385,706.45,1,8,Alto,Descendente,Alto valor / Descendente
1618,118,698,98,4470.39,1286,7,581,45.61622448979592,False,156,8.405454601237642,54.8374647887324,45.55583333333333,False,-0.16925712177172325,35-44,A,75-99K,Homeowner,Single Female,None/Unknown,2.0,0.0,5.0,0.0,4.0,3.0,13.122448979591837,613.0799999999999,1,5,Alto,Descendente,Alto valor / Descendente
1619,91,703,182,4362.39,1257,2,613,23.969175824175824,False,145,8.381004557164493,46.930281690140845,67.2,False,0.4319112858450504,Sin dato,Sin dato,Sin dato,Sin dato,Sin dato,Sin dato,6.0,2.0,12.0,4.0,3.0,4.0,6.906593406593407,596.8399999999999,1,3,Alto,Ascendente,Alto valor / Ascendente
1620,68,699,336,9217.17,3160,6,632,27.432053571428572,False,181,9.128931815288745,108.88521126760564,91.35416666666667,False,-0.161004826981078,Sin dato,Sin dato,Sin dato,Sin dato,Sin dato,Sin dato,6.0,2.0,12.0,4.0,3.0,4.0,9.404761904761905,2375.7400000000002,1,9,Alto,Descendente,Alto valor / Descendente
1621,92,703,88,3083.52,1217,2,612,35.04,False,117,8.034151332661741,34.39,49.54583333333333,False,0.440704662208006,Sin dato,Sin dato,Sin dato,Sin dato,Sin dato,Sin dato,6.0,2.0,12.0,4.0,3.0,4.0,13.829545454545455,646.66,1,2,Alto,Ascendente,Alto valor / Ascendente
1622,33,692,105,3772.58,1279,13,660,35.92933333333333,False,151,8.235779431977207,36.537323943661974,40.615833333333335,False,0.11162583762182857,Sin dato,Sin dato,Sin dato,Sin dato,Sin dato,Sin dato,6.0,2.0,12.0,4.0,3.0,4.0,12.18095238095238,949.0600000000001,1,3,Alto,Ascendente,Alto valor / Ascendente
1623,112,705,175,4646.15,1252,0,594,26.54942857142857,False,147,8.444009407453633,46.42577464788732,110.315,False,1.3761585204915918,Sin dato,Sin dato,Sin dato,Sin dato,Sin dato,Sin dato,6.0,2.0,12.0,4.0,3.0,4.0,7.154285714285714,893.1800000000001,0,0,Alto,Ascendente,Alto valor / Ascendente
1624,108,683,82,1567.81,497,22,576,19.11963414634146,False,86,7.358072649160648,18.57521126760563,19.125,False,0.029597980043068288,Sin dato,Sin dato,Sin dato,Sin dato,Sin dato,Sin dato,6.0,2.0,12.0,4.0,3.0,4.0,6.060975609756097,243.33,1,1,Bajo,Ascendente,Bajo valor / Ascendente
1625,110,701,41,464.64,192,4,592,11.332682926829268,False,65,6.14341280338004,5.842394366197183,3.705833333333333,False,-0.3656995572270036,Sin dato,Sin dato,Sin dato,Sin dato,Sin dato,Sin dato,6.0,2.0,12.0,4.0,3.0,4.0,4.682926829268292,71.89,0,0,Bajo,Descendente,Bajo valor / Descendente
1626,106,439,2,42.959999999999994,8,266,334,21.479999999999997,True,3,3.7832801295354206,0.5769014084507041,0.0,True,,Sin dato,Sin dato,Sin dato,Sin dato,Sin dato,Sin dato,6.0,2.0,12.0,4.0,3.0,4.0,4.0,2.16,0,0,Bajo,Sin tendencia disponible,Sin tendencia disponible
1627,62,700,113,3418.41,794,5,639,30.25141592920354,False,128,8.137223300554409,32.23014084507042,73.32583333333334,False,1.2750702110117669,25-34,U,35-49K,Unknown,Single Male,None/Unknown,1.0,3.0,3.0,5.0,5.0,3.0,7.0265486725663715,505.85,1,2,Alto,Ascendente,Alto valor / Ascendente
1628,66,702,18,546.78,159,3,637,30.376666666666665,False,70,6.3058737464874195,0.8046478873239437,32.14,True,,Sin dato,Sin dato,Sin dato,Sin dato,Sin dato,Sin dato,6.0,2.0,12.0,4.0,3.0,4.0,8.833333333333334,82.11,0,0,Bajo,Sin tendencia disponible,Sin tendencia disponible
1629,3,663,9,590.71,196,42,661,65.63444444444445,False,76,6.38301664999615,2.7753521126760563,27.070833333333336,False,8.754017592827541,Sin dato,Sin dato,Sin dato,Sin dato,Sin dato,Sin dato,6.0,2.0,12.0,4.0,3.0,4.0,21.77777777777778,79.53,0,0,Bajo,Ascendente,Bajo valor / Ascendente
1630,103,705,186,9179.64,2023,0,603,49.35290322580645,False,156,9.124852197960033,107.68098591549297,96.81833333333333,False,-0.10087809365605686,Sin dato,Sin dato,Sin dato,Sin dato,Sin dato,Sin dato,6.0,2.0,12.0,4.0,3.0,4.0,10.876344086021506,1561.7,1,5,Alto,Descendente,Alto valor / Descendente
1631,97,705,349,10224.32,4647,0,609,29.296045845272207,False,163,9.232622276264818,120.50295774647886,113.3125,False,-0.059670383872291004,19-24,B,Under 15K,Renter,1 Adult Kids,3+,0.0,1.0,0.0,3.0,0.0,2.0,13.315186246418339,2552.65,1,7,Alto,Descendente,Alto valor / Descendente
1632,71,673,64,2104.91,578,32,603,32.88921875,False,107,7.652502956738018,25.75943661971831,6.751666666666666,False,-0.7378954063964891,Sin dato,Sin dato,Sin dato,Sin dato,Sin dato,Sin dato,6.0,2.0,12.0,4.0,3.0,4.0,9.03125,287.32,1,1,Bajo,Descendente,Bajo valor / Descendente
1633,6,705,218,10157.11,3638,0,700,46.59224770642202,False,193,9.226027680205886,113.94366197183099,120.83999999999999,False,0.06052410383189108,45-54,A,50-74K,Homeowner,2 Adults No Kids,None/Unknown,3.0,0.0,4.0,0.0,2.0,3.0,16.68807339449541,2094.32,1,12,Alto,Ascendente,Alto valor / Ascendente
1634,36,701,84,4517.14,1948,4,666,53.7754761904762,False,136,8.415855683710317,44.13535211267606,40.0025,False,-0.09364040196450751,25-34,A,35-49K,Homeowner,2 Adults Kids,3+,1.0,0.0,3.0,0.0,1.0,2.0,23.19047619047619,919.43,1,4,Alto,Descendente,Alto valor / Descendente
1635,93,663,20,128.98,43,42,571,6.449,False,29,4.867380592466203,1.4271830985915492,1.0233333333333332,False,-0.2829698345340308,Sin dato,Sin dato,Sin dato,Sin dato,Sin dato,Sin dato,6.0,2.0,12.0,4.0,3.0,4.0,2.15,24.43,0,0,Bajo,Descendente,Bajo valor / Descendente
1636,70,698,19,1163.91,350,7,629,61.25842105263158,False,100,7.060399109796733,0.09830985915492958,95.63416666666666,True,,Sin dato,Sin dato,Sin dato,Sin dato,Sin dato,Sin dato,6.0,2.0,12.0,4.0,3.0,4.0,18.42105263157895,212.78,0,0,Bajo,Sin tendencia disponible,Sin tendencia disponible
1637,71,705,62,1075.05,177,0,635,17.33951612903226,False,55,6.981052208043594,7.4646478873239435,37.247499999999995,False,3.989853582143059,Sin dato,Sin dato,Sin dato,Sin dato,Sin dato,Sin dato,6.0,2.0,12.0,4.0,3.0,4.0,2.8548387096774195,409.72,0,0,Bajo,Ascendente,Bajo valor / Ascendente
1638,115,696,51,552.18,303,9,582,10.827058823529411,False,82,6.315683445847108,6.51112676056338,5.8425,False,-0.10268986999502472,Sin dato,Sin dato,Sin dato,Sin dato,Sin dato,Sin dato,6.0,2.0,12.0,4.0,3.0,4.0,5.9411764705882355,189.55,0,0,Bajo,Descendente,Bajo valor / Descendente
1639,80,702,105,2477.29,946,3,623,23.593238095238096,False,134,7.81532408520442,26.251830985915493,47.58583333333333,False,0.8126672139121974,Sin dato,Sin dato,Sin dato,Sin dato,Sin dato,Sin dato,6.0,2.0,12.0,4.0,3.0,4.0,9.00952380952381,476.54,1,4,Alto,Ascendente,Alto valor / Ascendente
1640,74,698,150,4353.01,1013,7,625,29.02006666666667,False,140,8.378852538530486,54.22661971830986,16.0,False,-0.7049419623956843,Sin dato,Sin dato,Sin dato,Sin dato,Sin dato,Sin dato,6.0,2.0,12.0,4.0,3.0,4.0,6.753333333333333,717.75,1,5,Alto,Descendente,Alto valor / Descendente
1641,88,670,46,557.63,203,35,583,12.122391304347826,False,71,6.325487357761781,6.271690140845071,6.745833333333334,False,0.07560054496320741,Sin dato,Sin dato,Sin dato,Sin dato,Sin dato,Sin dato,6.0,2.0,12.0,4.0,3.0,4.0,4.413043478260869,112.7,0,0,Bajo,Ascendente,Bajo valor / Ascendente
1642,25,705,125,2096.12,1021,0,681,16.76896,False,98,7.648320253871235,18.219295774647886,24.263333333333335,False,0.33173826438976395,Sin dato,Sin dato,Sin dato,Sin dato,Sin dato,Sin dato,6.0,2.0,12.0,4.0,3.0,4.0,8.168,544.6700000000001,1,7,Bajo,Ascendente,Bajo valor / Ascendente
1643,74,702,46,1461.4,467,3,629,31.769565217391307,False,103,7.287834200699885,15.15718309859155,20.2925,False,0.3388041741005054,Sin dato,Sin dato,Sin dato,Sin dato,Sin dato,Sin dato,6.0,2.0,12.0,4.0,3.0,4.0,10.152173913043478,320.86,0,0,Bajo,Ascendente,Bajo valor / Ascendente
1644,113,702,23,374.24,86,3,590,16.27130434782609,False,55,5.92756582125775,0.35281690140845073,17.925833333333333,True,,Sin dato,Sin dato,Sin dato,Sin dato,Sin dato,Sin dato,6.0,2.0,12.0,4.0,3.0,4.0,3.739130434782609,63.35,0,0,Bajo,Sin tendencia disponible,Sin tendencia disponible
1645,115,666,8,296.52,71,39,552,37.065,False,39,5.695481449616815,3.0601408450704226,4.425833333333333,False,0.44628419324649815,Sin dato,Sin dato,Sin dato,Sin dato,Sin dato,Sin dato,6.0,2.0,12.0,4.0,3.0,4.0,8.875,63.47,0,0,Bajo,Ascendente,Bajo valor / Ascendente
1646,49,699,68,1553.53,253,6,651,22.846029411764704,False,65,7.348928528122496,13.214225352112676,1.2841666666666667,False,-0.90281937590376,Sin dato,Sin dato,Sin dato,Sin dato,Sin dato,Sin dato,6.0,2.0,12.0,4.0,3.0,4.0,3.7205882352941178,148.82,1,1,Bajo,Descendente,Bajo valor / Descendente
1647,51,673,12,50.49,27,32,623,4.2075000000000005,False,17,3.94138761405805,0.377887323943662,1.2416666666666665,True,,Sin dato,Sin dato,Sin dato,Sin dato,Sin dato,Sin dato,6.0,2.0,12.0,4.0,3.0,4.0,2.25,9.120000000000001,0,0,Bajo,Sin tendencia disponible,Sin tendencia disponible
1648,60,684,116,5250.36,1333,21,625,45.26172413793103,False,146,8.566242369657676,66.38112676056339,22.703333333333333,False,-0.6579851165343393,35-44,U,15-24K,Probable Renter,Single Female,None/Unknown,2.0,3.0,1.0,2.0,4.0,3.0,11.491379310344827,1317.14,1,7,Alto,Descendente,Alto valor / Descendente
1649,110,701,47,1129.24,363,4,592,24.026382978723404,False,92,7.030185278535486,11.619154929577466,18.308333333333334,False,0.5757026603310058,35-44,B,150-174K,Homeowner,Single Male,None/Unknown,2.0,1.0,8.0,0.0,5.0,3.0,7.723404255319149,163.36,0,0,Bajo,Ascendente,Bajo valor / Ascendente
1650,117,705,106,2259.16,690,0,589,21.312830188679243,False,117,7.723190886220557,28.091830985915493,21.34583333333333,False,-0.24014090274017483,45-54,A,75-99K,Homeowner,2 Adults Kids,1,3.0,0.0,5.0,0.0,1.0,0.0,6.509433962264151,379.63,0,0,Alto,Descendente,Alto valor / Descendente
1651,33,699,64,2019.32,605,6,667,31.551875,False,133,7.61101119369037,20.356901408450703,29.113333333333333,False,0.43014561740951385,Sin dato,Sin dato,Sin dato,Sin dato,Sin dato,Sin dato,6.0,2.0,12.0,4.0,3.0,4.0,9.453125,342.71000000000004,1,1,Bajo,Ascendente,Bajo valor / Ascendente
1652,6,701,37,856.62,247,4,696,23.151891891891893,False,72,6.7541611109401325,5.5516901408450705,17.69,False,2.186417028185808,Sin dato,Sin dato,Sin dato,Sin dato,Sin dato,Sin dato,6.0,2.0,12.0,4.0,3.0,4.0,6.675675675675675,125.75,0,0,Bajo,Ascendente,Bajo valor / Ascendente
1653,90,705,535,18925.81,5284,0,616,35.37534579439252,False,193,9.848334714419293,214.0730985915493,231.45666666666668,False,0.08120388871599961,35-44,B,Under 15K,Homeowner,Single Female,None/Unknown,2.0,1.0,0.0,0.0,4.0,3.0,9.876635514018691,4235.8,1,10,Alto,Ascendente,Alto valor / Ascendente
1654,50,679,40,786.53,185,26,630,19.663249999999998,False,74,6.6689014652122784,5.330845070422535,11.136666666666665,False,1.0890996679788982,Sin dato,Sin dato,Sin dato,Sin dato,Sin dato,Sin dato,6.0,2.0,12.0,4.0,3.0,4.0,4.625,68.32000000000001,0,0,Bajo,Ascendente,Bajo valor / Ascendente
1655,8,574,40,476.31,187,131,567,11.90775,False,84,6.16816617497612,1.7067605633802818,0.0,False,-1.0,Sin dato,Sin dato,Sin dato,Sin dato,Sin dato,Sin dato,6.0,2.0,12.0,4.0,3.0,4.0,4.675,92.66,0,0,Bajo,Descendente,Bajo valor / Descendente
1656,29,660,10,458.22,97,45,632,45.822,False,40,6.129529398063877,3.790281690140845,12.128333333333332,False,2.19985012324576,Sin dato,Sin dato,Sin dato,Sin dato,Sin dato,Sin dato,6.0,2.0,12.0,4.0,3.0,4.0,9.7,47.68,0,0,Bajo,Ascendente,Bajo valor / Ascendente
1657,107,681,50,647.9,173,24,575,12.958,False,53,6.4752786216271225,3.759718309859155,24.732499999999998,False,5.578285382482954,Sin dato,Sin dato,Sin dato,Sin dato,Sin dato,Sin dato,6.0,2.0,12.0,4.0,3.0,4.0,3.46,46.8,0,0,Bajo,Ascendente,Bajo valor / Ascendente
1658,93,699,68,1772.98,586,6,607,26.073235294117648,False,93,7.480980888848815,18.97830985915493,29.186666666666667,False,0.5378959919651295,Sin dato,Sin dato,Sin dato,Sin dato,Sin dato,Sin dato,6.0,2.0,12.0,4.0,3.0,4.0,8.617647058823529,302.05,0,0,Bajo,Ascendente,Bajo valor / Ascendente
1659,91,705,129,2783.7,1269,0,615,21.579069767441858,False,146,7.931895426630989,32.63718309859155,32.50833333333333,False,-0.003947943818220545,Sin dato,Sin dato,Sin dato,Sin dato,Sin dato,Sin dato,6.0,2.0,12.0,4.0,3.0,4.0,9.837209302325581,593.79,1,6,Alto,Descendente,Alto valor / Descendente
1660,59,704,62,2045.5,619,1,646,32.99193548387097,False,110,7.623886295932458,21.84056338028169,21.8325,False,-0.00036919287022469267,Sin dato,Sin dato,Sin dato,Sin dato,Sin dato,Sin dato,6.0,2.0,12.0,4.0,3.0,4.0,9.983870967741936,552.8100000000001,1,1,Bajo,Descendente,Bajo valor / Descendente
1661,49,660,42,1292.14,331,45,612,30.765238095238097,False,92,7.1648286482392,13.701971830985915,9.496666666666668,False,-0.3069124076586762,Sin dato,Sin dato,Sin dato,Sin dato,Sin dato,Sin dato,6.0,2.0,12.0,4.0,3.0,4.0,7.880952380952381,122.58,0,0,Bajo,Descendente,Bajo valor / Descendente
1662,85,702,83,8617.94,2694,3,618,103.83060240963856,False,176,9.061717386258742,102.15070422535211,76.84583333333333,False,-0.24772096368708668,35-44,U,150-174K,Homeowner,2 Adults No Kids,None/Unknown,2.0,3.0,8.0,0.0,2.0,3.0,32.45783132530121,1538.55,1,11,Alto,Descendente,Alto valor / Descendente
1663,95,704,193,1807.46,358,1,610,9.365077720207253,False,62,7.500230933370387,19.664225352112677,32.4425,False,0.6498234443043778,Sin dato,Sin dato,Sin dato,Sin dato,Sin dato,Sin dato,6.0,2.0,12.0,4.0,3.0,4.0,1.854922279792746,94.8,1,2,Bajo,Ascendente,Bajo valor / Ascendente
1664,81,697,41,2194.31,676,8,617,53.51975609756097,False,115,7.694078545605581,19.115915492957747,56.54916666666667,False,1.958224349103198,Sin dato,Sin dato,Sin dato,Sin dato,Sin dato,Sin dato,6.0,2.0,12.0,4.0,3.0,4.0,16.48780487804878,598.9,0,0,Alto,Ascendente,Alto valor / Ascendente
1665,47,703,107,1546.99,523,2,657,14.45785046728972,False,106,7.3447125941804865,10.524366197183099,36.33083333333334,False,2.4520685286547206,Sin dato,Sin dato,Sin dato,Sin dato,Sin dato,Sin dato,6.0,2.0,12.0,4.0,3.0,4.0,4.88785046728972,509.34,0,0,Bajo,Ascendente,Bajo valor / Ascendente
1666,117,674,82,1078.47,309,31,558,13.152073170731708,False,72,6.984225458924878,14.40338028169014,1.33,False,-0.9076605648126418,Sin dato,Sin dato,Sin dato,Sin dato,Sin dato,Sin dato,6.0,2.0,12.0,4.0,3.0,4.0,3.768292682926829,150.92000000000002,1,1,Bajo,Descendente,Bajo valor / Descendente
1667,47,701,42,891.1,249,4,655,21.21666666666667,False,94,6.793578233919738,5.208028169014084,8.564166666666667,False,0.6444163489015696,Sin dato,Sin dato,Sin dato,Sin dato,Sin dato,Sin dato,6.0,2.0,12.0,4.0,3.0,4.0,5.928571428571429,325.86,1,1,Bajo,Ascendente,Bajo valor / Ascendente
1668,98,696,94,2283.69,588,9,599,24.294574468085106,False,141,7.7339856267285905,26.993661971830985,22.391666666666666,False,-0.17048429034810816,Sin dato,Sin dato,Sin dato,Sin dato,Sin dato,Sin dato,6.0,2.0,12.0,4.0,3.0,4.0,6.25531914893617,199.03,1,2,Alto,Descendente,Alto valor / Descendente
1669,27,703,10,297.97,94,2,677,29.797000000000004,False,43,5.700343233908688,2.361830985915493,10.4,False,3.4033633490369133,Sin dato,Sin dato,Sin dato,Sin dato,Sin dato,Sin dato,6.0,2.0,12.0,4.0,3.0,4.0,9.4,50.04,0,0,Bajo,Ascendente,Bajo valor / Ascendente
1670,22,624,19,96.48,54,81,603,5.077894736842105,False,36,4.579647228757006,1.1325352112676055,0.8333333333333334,False,-0.2641877046801806,Sin dato,Sin dato,Sin dato,Sin dato,Sin dato,Sin dato,6.0,2.0,12.0,4.0,3.0,4.0,2.8421052631578947,11.28,0,0,Bajo,Descendente,Bajo valor / Descendente
1671,70,656,37,1391.21,542,49,587,37.60027027027027,False,106,7.238647691584793,14.058732394366197,7.81,False,-0.4444733862969234,Sin dato,Sin dato,Sin dato,Sin dato,Sin dato,Sin dato,6.0,2.0,12.0,4.0,3.0,4.0,14.64864864864865,211.80999999999997,1,2,Bajo,Descendente,Bajo valor / Descendente
1672,31,701,75,1718.08,624,4,671,22.907733333333333,False,119,7.44954454298524,16.68605633802817,20.295833333333334,False,0.21633493991497216,Sin dato,Sin dato,Sin dato,Sin dato,Sin dato,Sin dato,6.0,2.0,12.0,4.0,3.0,4.0,8.32,308.04,1,2,Bajo,Ascendente,Bajo valor / Ascendente
1673,102,693,110,4773.85,1498,12,592,43.39863636363636,False,168,8.471117838808848,60.840704225352106,29.358333333333334,False,-0.5174557279187472,Sin dato,Sin dato,Sin dato,Sin dato,Sin dato,Sin dato,6.0,2.0,12.0,4.0,3.0,4.0,13.618181818181819,860.32,1,5,Alto,Descendente,Alto valor / Descendente
1674,60,419,8,120.28,80,286,360,15.035,False,25,4.7981019218940615,1.335774647887324,0.0,False,-1.0,Sin dato,Sin dato,Sin dato,Sin dato,Sin dato,Sin dato,6.0,2.0,12.0,4.0,3.0,4.0,10.0,80.45,0,0,Bajo,Descendente,Bajo valor / Descendente
1675,58,633,102,4862.09,1604,72,576,47.66754901960785,False,147,8.489429317326918,59.602112676056336,1.6033333333333335,False,-0.9730993875662157,Sin dato,Sin dato,Sin dato,Sin dato,Sin dato,Sin dato,6.0,2.0,12.0,4.0,3.0,4.0,15.72549019607843,1551.94,1,8,Alto,Descendente,Alto valor / Descendente
1676,115,701,96,5086.05,1808,4,587,52.979687500000004,False,150,8.534453373750281,48.297746478873236,111.0425,False,1.299123832797728,35-44,U,75-99K,Unknown,2 Adults No Kids,None/Unknown,2.0,3.0,5.0,5.0,2.0,3.0,18.833333333333332,767.7,1,6,Alto,Ascendente,Alto valor / Ascendente
1677,15,704,193,12559.61,3813,1,690,65.07569948186529,False,188,9.438321005721837,139.7380281690141,138.10999999999999,False,-0.011650573507771197,45-54,A,75-99K,Homeowner,2 Adults No Kids,None/Unknown,3.0,0.0,5.0,0.0,2.0,3.0,19.756476683937823,1838.03,1,12,Alto,Descendente,Alto valor / Descendente
1678,118,699,79,2613.9900000000002,864,6,582,33.08848101265823,False,133,7.869015552399933,34.24478873239437,14.104999999999999,False,-0.5881125122358497,45-54,U,75-99K,Unknown,Single Female,None/Unknown,3.0,3.0,5.0,5.0,4.0,3.0,10.936708860759493,394.63,1,4,Alto,Descendente,Alto valor / Descendente
1679,30,648,46,271.24,117,57,619,5.896521739130435,False,44,5.606684030192651,1.0659154929577466,2.3175000000000003,False,1.1741873678646937,Sin dato,Sin dato,Sin dato,Sin dato,Sin dato,Sin dato,6.0,2.0,12.0,4.0,3.0,4.0,2.5434782608695654,51.35,0,0,Bajo,Ascendente,Bajo valor / Ascendente
1680,68,688,51,2039.68,786,17,621,39.99372549019608,False,127,7.621038364628382,25.76887323943662,12.299166666666666,False,-0.5227122834441961,25-34,A,15-24K,Homeowner,2 Adults Kids,1,1.0,0.0,1.0,0.0,1.0,0.0,15.411764705882353,608.04,0,0,Bajo,Descendente,Bajo valor / Descendente
1681,61,644,90,2602.28,825,61,584,28.914222222222225,False,113,7.864527467400072,24.66056338028169,5.564166666666666,False,-0.774369847887753,Sin dato,Sin dato,Sin dato,Sin dato,Sin dato,Sin dato,6.0,2.0,12.0,4.0,3.0,4.0,9.166666666666666,421.82,1,2,Alto,Descendente,Alto valor / Descendente
1682,80,703,10,158.93,52,2,624,15.893,False,25,5.074736219502779,0.8061971830985916,5.835,True,,Sin dato,Sin dato,Sin dato,Sin dato,Sin dato,Sin dato,6.0,2.0,12.0,4.0,3.0,4.0,5.2,21.64,0,0,Bajo,Sin tendencia disponible,Sin tendencia disponible
1683,24,703,86,1920.99,522,2,680,22.337093023255814,False,125,7.561116386603071,18.671971830985918,18.514166666666668,False,-0.008451446143324494,Sin dato,Sin dato,Sin dato,Sin dato,Sin dato,Sin dato,6.0,2.0,12.0,4.0,3.0,4.0,6.069767441860465,283.36,1,4,Bajo,Descendente,Bajo valor / Descendente
1684,64,694,49,1438.09,440,11,631,29.34877551020408,False,99,7.271766248364548,17.396478873239438,9.383333333333335,False,-0.46061881822720585,Sin dato,Sin dato,Sin dato,Sin dato,Sin dato,Sin dato,6.0,2.0,12.0,4.0,3.0,4.0,8.979591836734693,193.69,0,0,Bajo,Descendente,Bajo valor / Descendente
1685,44,702,96,1517.48,487,3,659,15.807083333333333,False,112,7.325465113506739,11.868028169014085,52.50666666666667,False,3.4242114965445487,Sin dato,Sin dato,Sin dato,Sin dato,Sin dato,Sin dato,6.0,2.0,12.0,4.0,3.0,4.0,5.072916666666667,219.95,1,2,Bajo,Ascendente,Bajo valor / Ascendente
1686,109,704,94,1307.79,581,1,596,13.912659574468085,False,98,7.176858325232496,14.08507042253521,22.080833333333334,False,0.5676764596082825,45-54,U,15-24K,Homeowner,2 Adults No Kids,None/Unknown,3.0,3.0,1.0,0.0,2.0,3.0,6.180851063829787,328.91,1,1,Bajo,Ascendente,Bajo valor / Ascendente
1687,95,705,106,3766.27,1409,0,611,35.53084905660377,False,137,8.234105880196509,45.67464788732394,20.423333333333336,False,-0.5528518712674868,Sin dato,Sin dato,Sin dato,Sin dato,Sin dato,Sin dato,6.0,2.0,12.0,4.0,3.0,4.0,13.29245283018868,876.58,1,6,Alto,Descendente,Alto valor / Descendente
1688,81,683,36,971.12,321,22,603,26.975555555555555,False,95,6.8794792536304,9.399014084507042,13.0575,False,0.38924145475252114,Sin dato,Sin dato,Sin dato,Sin dato,Sin dato,Sin dato,6.0,2.0,12.0,4.0,3.0,4.0,8.916666666666666,260.07,0,0,Bajo,Ascendente,Bajo valor / Ascendente
1689,9,699,121,2679.81,596,6,691,22.147190082644627,False,109,7.893874266645925,31.7256338028169,27.238333333333333,False,-0.1414408455122855,45-54,U,50-74K,Unknown,Unknown,None/Unknown,3.0,3.0,4.0,5.0,6.0,3.0,4.925619834710743,627.34,1,2,Alto,Descendente,Alto valor / Descendente
1690,93,695,59,1508.04,503,10,603,25.56,False,112,7.319228966037469,13.403943661971832,33.9825,False,1.53526132733692,Sin dato,Sin dato,Sin dato,Sin dato,Sin dato,Sin dato,6.0,2.0,12.0,4.0,3.0,4.0,8.525423728813559,345.87,0,0,Bajo,Ascendente,Bajo valor / Ascendente
1691,94,663,48,2246.72,732,42,570,46.806666666666665,False,121,7.717671648095801,23.257605633802818,22.5975,False,-0.028382355612884515,Sin dato,Sin dato,Sin dato,Sin dato,Sin dato,Sin dato,6.0,2.0,12.0,4.0,3.0,4.0,15.25,441.02,0,0,Alto,Descendente,Alto valor / Descendente
1692,18,703,148,2011.99,957,2,686,13.594527027027027,False,124,7.6073764579175664,22.936338028169015,30.585833333333337,False,0.33350987833235096,35-44,U,50-74K,Unknown,Unknown,None/Unknown,2.0,3.0,4.0,5.0,6.0,3.0,6.466216216216216,684.97,1,3,Bajo,Ascendente,Bajo valor / Ascendente
1693,106,703,162,8207.85,2970,2,598,50.665740740740745,False,192,9.012968119553715,91.3161971830986,117.00583333333333,False,0.28132617150848177,25-34,A,35-49K,Homeowner,2 Adults Kids,1,1.0,0.0,3.0,0.0,1.0,0.0,18.333333333333332,1224.42,1,7,Alto,Ascendente,Alto valor / Ascendente
1694,108,704,245,7940.84,3133,1,597,32.411591836734694,False,146,8.979900265429334,90.34211267605633,117.56666666666666,False,0.30134953881619536,35-44,U,15-24K,Probable Renter,Single Female,None/Unknown,2.0,3.0,1.0,2.0,4.0,3.0,12.787755102040816,1618.03,1,9,Alto,Ascendente,Alto valor / Ascendente
1695,28,705,158,1172.72,438,0,678,7.4222784810126585,False,95,7.067933471090402,12.092535211267606,5.335,False,-0.5588187334754301,35-44,U,25-34K,Homeowner,Single Male,None/Unknown,2.0,3.0,2.0,0.0,5.0,3.0,2.7721518987341773,273.19,1,1,Bajo,Descendente,Bajo valor / Descendente
1696,98,704,62,2640.01,885,1,607,42.58080645161291,False,138,7.878916698734493,34.751971830985916,12.335,False,-0.6450561119239357,45-54,A,50-74K,Homeowner,2 Adults Kids,1,3.0,0.0,4.0,0.0,1.0,0.0,14.274193548387096,269.61,1,5,Alto,Descendente,Alto valor / Descendente
1697,106,698,42,949.01,304,7,593,22.59547619047619,False,84,6.8564725108549744,10.66394366197183,11.652500000000002,False,0.09270082151253427,Sin dato,Sin dato,Sin dato,Sin dato,Sin dato,Sin dato,6.0,2.0,12.0,4.0,3.0,4.0,7.238095238095238,179.57,0,0,Bajo,Ascendente,Bajo valor / Ascendente
1698,74,702,38,1757.51,636,3,629,46.250263157894736,False,119,7.472222138562639,12.86676056338028,57.31166666666667,False,3.4542421058008776,Sin dato,Sin dato,Sin dato,Sin dato,Sin dato,Sin dato,6.0,2.0,12.0,4.0,3.0,4.0,16.736842105263158,242.15,0,0,Bajo,Ascendente,Bajo valor / Ascendente
1699,88,698,29,1064.84,272,7,611,36.71862068965517,False,77,6.971518499651957,9.767746478873239,26.584166666666665,False,1.7216274218588532,Sin dato,Sin dato,Sin dato,Sin dato,Sin dato,Sin dato,6.0,2.0,12.0,4.0,3.0,4.0,9.379310344827585,388.27,0,0,Bajo,Ascendente,Bajo valor / Ascendente
1700,75,677,33,1606.69,605,28,603,48.68757575757576,False,84,7.382553645083637,19.690985915492956,15.041666666666666,False,-0.23611409143145973,Sin dato,Sin dato,Sin dato,Sin dato,Sin dato,Sin dato,6.0,2.0,12.0,4.0,3.0,4.0,18.333333333333332,374.81,0,0,Bajo,Descendente,Bajo valor / Descendente
1701,81,684,31,1390.28,284,21,604,44.84774193548387,False,82,7.2379794656995875,16.31112676056338,10.368333333333334,False,-0.3643398469318734,Sin dato,Sin dato,Sin dato,Sin dato,Sin dato,Sin dato,6.0,2.0,12.0,4.0,3.0,4.0,9.161290322580646,106.82,0,0,Bajo,Descendente,Bajo valor / Descendente
1702,107,656,30,1927.05,548,49,550,64.235,False,88,7.5642644084441795,20.47943661971831,38.30583333333333,False,0.8704534721649105,Sin dato,Sin dato,Sin dato,Sin dato,Sin dato,Sin dato,6.0,2.0,12.0,4.0,3.0,4.0,18.266666666666666,392.27,0,0,Bajo,Ascendente,Bajo valor / Ascendente
1703,111,702,231,4635.84,1612,3,592,20.068571428571428,False,140,8.441788378728216,48.55309859154929,89.24083333333334,False,0.8380049043639366,Sin dato,Sin dato,Sin dato,Sin dato,Sin dato,Sin dato,6.0,2.0,12.0,4.0,3.0,4.0,6.978354978354979,700.18,1,5,Alto,Ascendente,Alto valor / Ascendente
1704,7,704,45,394.68,182,1,698,8.770666666666667,False,47,5.9806058037731065,4.214788732394366,4.8725,False,0.15604845446950705,Sin dato,Sin dato,Sin dato,Sin dato,Sin dato,Sin dato,6.0,2.0,12.0,4.0,3.0,4.0,4.044444444444444,76.64,0,0,Bajo,Ascendente,Bajo valor / Ascendente
1705,37,705,174,1786.8700000000001,956,0,669,10.269367816091954,False,129,7.488780246155059,21.9556338028169,17.486666666666668,False,-0.20354534860099854,Sin dato,Sin dato,Sin dato,Sin dato,Sin dato,Sin dato,6.0,2.0,12.0,4.0,3.0,4.0,5.494252873563219,345.69,1,7,Bajo,Descendente,Bajo valor / Descendente
1706,75,691,18,360.07,167,14,617,20.003888888888888,False,66,5.889071845352753,0.9484507042253522,16.825833333333332,True,,Sin dato,Sin dato,Sin dato,Sin dato,Sin dato,Sin dato,6.0,2.0,12.0,4.0,3.0,4.0,9.277777777777779,89.41,0,0,Bajo,Sin tendencia disponible,Sin tendencia disponible
1707,16,705,740,6554.77,2394,0,690,8.857797297297298,False,180,8.788100856881023,59.820422535211264,78.06083333333333,False,0.3049194576883082,35-44,B,25-34K,Unknown,Single Female,None/Unknown,2.0,1.0,2.0,5.0,4.0,3.0,3.235135135135135,1069.51,1,8,Alto,Ascendente,Alto valor / Ascendente
1708,95,700,58,3571.6,1089,5,606,61.57931034482758,False,119,8.181048901014783,37.44295774647887,46.932500000000005,False,0.2534399744211856,45-54,U,25-34K,Unknown,Single Female,None/Unknown,3.0,3.0,2.0,5.0,4.0,3.0,18.775862068965516,1061.94,1,3,Alto,Ascendente,Alto valor / Ascendente
1709,69,703,86,2119.73,800,2,635,24.648023255813953,False,143,7.659515648017417,23.532112676056336,25.584166666666665,False,0.08720228476120935,25-34,A,35-49K,Unknown,2 Adults Kids,1,1.0,0.0,3.0,5.0,1.0,0.0,9.30232558139535,503.09,1,1,Bajo,Ascendente,Bajo valor / Ascendente
1710,16,705,215,11984.59,3350,0,690,55.74227906976744,False,179,9.391460373858736,131.10323943661973,73.4475,False,-0.4397735684059332,35-44,A,150-174K,Homeowner,Single Male,None/Unknown,2.0,0.0,8.0,0.0,5.0,3.0,15.581395348837209,2075.13,1,10,Alto,Descendente,Alto valor / Descendente
1711,66,645,11,664.98,194,60,580,60.45272727272727,False,82,6.501259640059449,4.83492957746479,10.485833333333334,False,1.1687665074186278,Sin dato,Sin dato,Sin dato,Sin dato,Sin dato,Sin dato,6.0,2.0,12.0,4.0,3.0,4.0,17.636363636363637,163.29000000000002,0,0,Bajo,Ascendente,Bajo valor / Ascendente
1712,117,690,33,728.93,293,15,574,22.088787878787876,False,92,6.592948639133699,5.838028169014085,9.238333333333333,False,0.5824406915963006,Sin dato,Sin dato,Sin dato,Sin dato,Sin dato,Sin dato,6.0,2.0,12.0,4.0,3.0,4.0,8.878787878787879,140.89,0,0,Bajo,Ascendente,Bajo valor / Ascendente
1713,19,704,37,1733.81,421,1,686,46.85972972972973,False,58,7.458653176297837,18.059718309859154,35.13916666666667,False,0.9457206399218038,Sin dato,Sin dato,Sin dato,Sin dato,Sin dato,Sin dato,6.0,2.0,12.0,4.0,3.0,4.0,11.378378378378379,184.35,0,0,Bajo,Ascendente,Bajo valor / Ascendente
1714,36,653,9,264.72,83,52,618,29.413333333333338,False,43,5.582443122797041,1.4026760563380283,8.511666666666667,False,5.0681628008166815,Sin dato,Sin dato,Sin dato,Sin dato,Sin dato,Sin dato,6.0,2.0,12.0,4.0,3.0,4.0,9.222222222222221,49.67,0,0,Bajo,Ascendente,Bajo valor / Ascendente
1715,22,699,52,963.33,359,6,678,18.525576923076922,False,120,6.871433559682625,10.710985915492959,5.424166666666667,False,-0.4935884792061154,Sin dato,Sin dato,Sin dato,Sin dato,Sin dato,Sin dato,6.0,2.0,12.0,4.0,3.0,4.0,6.903846153846154,126.57,0,0,Bajo,Descendente,Bajo valor / Descendente
1716,91,702,180,1950.26,864,3,612,10.834777777777777,False,139,7.5762305967364325,16.628309859154932,19.323333333333334,False,0.162074407862602,Sin dato,Sin dato,Sin dato,Sin dato,Sin dato,Sin dato,6.0,2.0,12.0,4.0,3.0,4.0,4.8,303.63,1,4,Bajo,Ascendente,Bajo valor / Ascendente
1717,59,701,85,1665.04,550,4,643,19.58870588235294,False,68,7.418204832042403,14.768309859154929,27.7625,False,0.8798698202279338,Sin dato,Sin dato,Sin dato,Sin dato,Sin dato,Sin dato,6.0,2.0,12.0,4.0,3.0,4.0,6.470588235294118,655.88,1,1,Bajo,Ascendente,Bajo valor / Ascendente
1718,40,703,32,835.11,269,2,664,26.0971875,False,96,6.72876018337632,6.170704225352113,13.35,False,1.1634483703095042,Sin dato,Sin dato,Sin dato,Sin dato,Sin dato,Sin dato,6.0,2.0,12.0,4.0,3.0,4.0,8.40625,125.37,0,0,Bajo,Ascendente,Bajo valor / Ascendente
1719,71,705,81,3248.03,1171,0,635,40.099135802469135,False,155,8.086111769236812,24.716338028169016,105.08416666666666,False,3.2516074406695306,Sin dato,Sin dato,Sin dato,Sin dato,Sin dato,Sin dato,6.0,2.0,12.0,4.0,3.0,4.0,14.45679012345679,542.61,0,0,Alto,Ascendente,Alto valor / Ascendente
1720,82,704,142,5755.6900000000005,1847,1,623,40.53302816901409,False,153,8.65811793573597,60.69352112676056,92.18583333333333,False,0.5188743645437867,45-54,U,50-74K,Unknown,Unknown,None/Unknown,3.0,3.0,4.0,5.0,6.0,3.0,13.007042253521126,714.43,1,8,Alto,Ascendente,Alto valor / Ascendente
1721,114,697,16,321.17,126,8,584,20.073125,False,51,5.775079356538235,4.090985915492958,2.36,False,-0.4231219445018247,Sin dato,Sin dato,Sin dato,Sin dato,Sin dato,Sin dato,6.0,2.0,12.0,4.0,3.0,4.0,7.875,80.23,0,0,Bajo,Descendente,Bajo valor / Descendente
1722,24,704,255,11140.16,3052,1,681,43.68690196078431,False,182,9.318401637324113,127.34464788732393,71.365,False,-0.43959168144118155,45-54,U,15-24K,Unknown,2 Adults No Kids,None/Unknown,3.0,3.0,1.0,5.0,2.0,3.0,11.968627450980392,3234.65,1,6,Alto,Descendente,Alto valor / Descendente
1723,6,680,86,4469.22,612,25,675,51.96767441860465,False,66,8.405192903398735,56.54676056338028,28.076666666666668,False,-0.5034787777949364,Sin dato,Sin dato,Sin dato,Sin dato,Sin dato,Sin dato,6.0,2.0,12.0,4.0,3.0,4.0,7.116279069767442,257.32,1,3,Alto,Descendente,Alto valor / Descendente
1724,70,690,95,2626.98,897,15,621,27.652421052631578,False,148,7.873970769225466,28.458450704225353,28.906666666666666,False,0.015749837090561117,Sin dato,Sin dato,Sin dato,Sin dato,Sin dato,Sin dato,6.0,2.0,12.0,4.0,3.0,4.0,9.442105263157895,371.01,0,0,Alto,Ascendente,Alto valor / Ascendente
1725,84,694,18,821.55,190,11,611,45.641666666666666,False,82,6.71240927106543,10.159577464788732,3.9724999999999997,False,-0.6089896441295939,Sin dato,Sin dato,Sin dato,Sin dato,Sin dato,Sin dato,6.0,2.0,12.0,4.0,3.0,4.0,10.555555555555555,57.51,0,0,Bajo,Descendente,Bajo valor / Descendente
1726,52,704,181,8117.82,2078,1,653,44.849834254143644,False,178,9.001940102398676,80.79690140845071,140.90833333333333,False,0.743981896298259,55-64,U,75-99K,Homeowner,Single Female,None/Unknown,4.0,3.0,5.0,0.0,4.0,3.0,11.480662983425415,1109.37,1,8,Alto,Ascendente,Alto valor / Ascendente
1727,109,118,2,149.01,18,587,10,74.505,True,16,5.010701958540799,0.0,0.0,True,,Sin dato,Sin dato,Sin dato,Sin dato,Sin dato,Sin dato,6.0,2.0,12.0,4.0,3.0,4.0,9.0,6.39,0,0,Bajo,Sin tendencia disponible,Sin tendencia disponible
1728,106,692,20,1488.01,443,13,587,74.4005,False,97,7.30586674857818,14.093380281690141,39.86666666666667,False,1.8287512200646925,Sin dato,Sin dato,Sin dato,Sin dato,Sin dato,Sin dato,6.0,2.0,12.0,4.0,3.0,4.0,22.15,254.21,0,0,Bajo,Ascendente,Bajo valor / Ascendente
1729,34,672,84,2899.52,1000,33,639,34.518095238095235,False,156,7.972645310245214,24.458028169014085,15.563333333333333,False,-0.36367178802048544,Sin dato,Sin dato,Sin dato,Sin dato,Sin dato,Sin dato,6.0,2.0,12.0,4.0,3.0,4.0,11.904761904761905,524.1,1,6,Alto,Descendente,Alto valor / Descendente
1730,34,692,164,3424.78,195,13,659,20.88280487804878,False,23,8.139084461994418,38.48788732394366,27.310833333333335,False,-0.2904044562523176,Sin dato,Sin dato,Sin dato,Sin dato,Sin dato,Sin dato,6.0,2.0,12.0,4.0,3.0,4.0,1.1890243902439024,41.45,0,0,Alto,Descendente,Alto valor / Descendente
1731,63,703,72,3451.81,1222,2,641,47.941805555555554,False,144,8.146943671259807,27.485633802816903,108.57249999999999,False,2.9501544981245,Sin dato,Sin dato,Sin dato,Sin dato,Sin dato,Sin dato,6.0,2.0,12.0,4.0,3.0,4.0,16.97222222222222,966.56,1,5,Alto,Ascendente,Alto valor / Ascendente
1732,107,703,98,3427.3,1388,2,597,34.97244897959184,False,159,8.139819790474256,40.80028169014085,37.21333333333333,False,-0.08791479392345185,Sin dato,Sin dato,Sin dato,Sin dato,Sin dato,Sin dato,6.0,2.0,12.0,4.0,3.0,4.0,14.16326530612245,631.93,1,5,Alto,Descendente,Alto valor / Descendente
1733,8,702,33,1441.48,425,3,695,43.68121212121212,False,108,7.274119133468113,8.349436619718311,28.61666666666667,False,2.427376956079238,Sin dato,Sin dato,Sin dato,Sin dato,Sin dato,Sin dato,6.0,2.0,12.0,4.0,3.0,4.0,12.878787878787879,158.16,1,2,Bajo,Ascendente,Bajo valor / Ascendente
1734,107,677,19,161.78,64,28,571,8.514736842105263,False,31,5.092399595898895,2.0066197183098593,1.2775,False,-0.3633571980065979,Sin dato,Sin dato,Sin dato,Sin dato,Sin dato,Sin dato,6.0,2.0,12.0,4.0,3.0,4.0,3.3684210526315788,30.89,0,0,Bajo,Descendente,Bajo valor / Descendente
1735,104,701,92,3896.39,1033,4,598,42.352065217391306,False,155,8.268062377313637,37.430845070422535,97.6875,False,1.6098128379471626,Sin dato,Sin dato,Sin dato,Sin dato,Sin dato,Sin dato,6.0,2.0,12.0,4.0,3.0,4.0,11.228260869565217,620.61,1,2,Alto,Ascendente,Alto valor / Ascendente
1736,102,630,22,374.48,147,75,529,17.021818181818183,False,54,5.928205207468791,4.432957746478873,0.93,False,-0.7902077905572854,Sin dato,Sin dato,Sin dato,Sin dato,Sin dato,Sin dato,6.0,2.0,12.0,4.0,3.0,4.0,6.681818181818182,98.35,0,0,Bajo,Descendente,Bajo valor / Descendente
1737,83,684,27,350.94,234,21,602,12.997777777777777,False,59,5.8634607065236155,2.8288732394366196,7.976666666666667,False,1.8197328022570742,Sin dato,Sin dato,Sin dato,Sin dato,Sin dato,Sin dato,6.0,2.0,12.0,4.0,3.0,4.0,8.666666666666666,114.23,0,0,Bajo,Ascendente,Bajo valor / Ascendente
1738,24,680,62,1379.3600000000001,360,25,657,22.247741935483873,False,76,7.230099613695919,15.0943661971831,13.034999999999998,False,-0.13643277036484106,Sin dato,Sin dato,Sin dato,Sin dato,Sin dato,Sin dato,6.0,2.0,12.0,4.0,3.0,4.0,5.806451612903226,638.9,0,0,Bajo,Descendente,Bajo valor / Descendente
1739,90,682,33,771.21,335,23,593,23.37,False,76,6.649256533759235,8.435211267605634,10.305,False,0.2216647186508598,Sin dato,Sin dato,Sin dato,Sin dato,Sin dato,Sin dato,6.0,2.0,12.0,4.0,3.0,4.0,10.151515151515152,188.07,0,0,Bajo,Ascendente,Bajo valor / Ascendente
1740,91,703,385,11809.97,3322,2,613,30.67524675324675,False,172,9.37678403960354,136.8474647887324,160.09916666666666,False,0.16990962831376283,19-24,U,250K+,Unknown,Single Female,None/Unknown,0.0,3.0,11.0,5.0,4.0,3.0,8.628571428571428,1386.8,1,4,Alto,Ascendente,Alto valor / Ascendente
1741,115,695,15,161.99,72,10,581,10.799333333333333,False,44,5.093688849231541,1.7880281690140845,0.7324999999999999,False,-0.5903308389129579,Sin dato,Sin dato,Sin dato,Sin dato,Sin dato,Sin dato,6.0,2.0,12.0,4.0,3.0,4.0,4.8,29.16,0,0,Bajo,Descendente,Bajo valor / Descendente
1742,72,702,282,2140.1,869,3,631,7.589007092198581,False,79,7.669074994645132,25.493239436619717,12.1275,False,-0.5242856432525608,Sin dato,Sin dato,Sin dato,Sin dato,Sin dato,Sin dato,6.0,2.0,12.0,4.0,3.0,4.0,3.0815602836879434,251.62,1,3,Bajo,Descendente,Bajo valor / Descendente
1743,74,702,43,1168.94,360,3,629,27.1846511627907,False,104,7.064707744425551,11.47718309859155,3.0041666666666664,False,-0.7382487810066104,Sin dato,Sin dato,Sin dato,Sin dato,Sin dato,Sin dato,6.0,2.0,12.0,4.0,3.0,4.0,8.372093023255815,234.54,0,0,Bajo,Descendente,Bajo valor / Descendente
1744,73,703,58,1088.62,348,2,631,18.769310344827584,False,77,6.993584290586555,8.194225352112676,14.509166666666667,False,0.7706575110148565,Sin dato,Sin dato,Sin dato,Sin dato,Sin dato,Sin dato,6.0,2.0,12.0,4.0,3.0,4.0,6.0,96.18,1,1,Bajo,Ascendente,Bajo valor / Ascendente
1745,6,705,125,2591.48,956,0,700,20.731840000000002,False,101,7.860370225512691,27.125070422535213,17.35,False,-0.3603703242154236,45-54,A,Under 15K,Unknown,Single Male,None/Unknown,3.0,0.0,0.0,5.0,5.0,3.0,7.648,520.07,1,6,Alto,Descendente,Alto valor / Descendente
1746,23,654,49,2177.16,590,51,632,44.431836734693874,False,119,7.686235762686357,24.026901408450705,11.021666666666667,False,-0.541278066642828,Sin dato,Sin dato,Sin dato,Sin dato,Sin dato,Sin dato,6.0,2.0,12.0,4.0,3.0,4.0,12.040816326530612,416.1,1,2,Alto,Descendente,Alto valor / Descendente
1747,45,702,92,3066.6,860,3,658,33.332608695652176,False,124,8.028650775890704,30.896901408450702,38.285833333333336,False,0.23914799180676627,Sin dato,Sin dato,Sin dato,Sin dato,Sin dato,Sin dato,6.0,2.0,12.0,4.0,3.0,4.0,9.347826086956522,621.65,1,4,Alto,Ascendente,Alto valor / Ascendente
1748,117,704,245,5105.56,1638,1,588,20.839020408163268,False,155,8.538281266679862,56.40788732394366,87.4225,False,0.5498275887899006,45-54,U,35-49K,Unknown,Single Male,None/Unknown,3.0,3.0,3.0,5.0,5.0,3.0,6.685714285714286,1108.1200000000001,0,0,Alto,Ascendente,Alto valor / Ascendente
1749,92,704,122,4209.35,942,1,613,34.50286885245902,False,142,8.345301058612796,45.51450704225353,59.57916666666667,False,0.30901487324373694,55-64,B,35-49K,Homeowner,Single Male,None/Unknown,4.0,1.0,3.0,0.0,5.0,3.0,7.721311475409836,497.48999999999995,1,6,Alto,Ascendente,Alto valor / Ascendente
1750,88,670,20,736.42,216,35,583,36.821,False,76,6.603157607753912,6.428591549295775,6.721666666666667,False,0.04558932001256119,Sin dato,Sin dato,Sin dato,Sin dato,Sin dato,Sin dato,6.0,2.0,12.0,4.0,3.0,4.0,10.8,236.23,0,0,Bajo,Ascendente,Bajo valor / Ascendente
1751,19,696,141,4132.85,1700,9,678,29.31099290780142,False,148,8.326964455113169,48.36901408450704,50.619166666666665,False,0.04652053850484338,25-34,A,15-24K,Renter,2 Adults Kids,2,1.0,0.0,1.0,3.0,1.0,1.0,12.056737588652481,1051.39,1,5,Alto,Ascendente,Alto valor / Ascendente
1752,56,692,195,6567.11,2710,13,637,33.67748717948718,False,149,8.789981398860473,74.24014084507043,72.80583333333333,False,-0.019319838235898786,Sin dato,Sin dato,Sin dato,Sin dato,Sin dato,Sin dato,6.0,2.0,12.0,4.0,3.0,4.0,13.897435897435898,1488.21,1,9,Alto,Descendente,Alto valor / Descendente
1753,95,700,454,2954.19,1271,5,606,6.507026431718062,False,150,7.991318225573522,37.95295774647887,15.335833333333333,False,-0.5959252125809317,45-54,U,35-49K,Homeowner,Unknown,None/Unknown,3.0,3.0,3.0,0.0,6.0,3.0,2.799559471365639,425.23,1,6,Alto,Descendente,Alto valor / Descendente
1754,38,704,209,4120.16,1438,1,667,19.713684210526313,False,138,8.323889956112911,48.03253521126761,43.76,False,-0.08895085783990318,Sin dato,Sin dato,Sin dato,Sin dato,Sin dato,Sin dato,6.0,2.0,12.0,4.0,3.0,4.0,6.880382775119617,1659.08,1,7,Alto,Descendente,Alto valor / Descendente
1755,74,694,31,1202.51,377,11,621,38.79064516129032,False,111,7.092997566287069,7.916197183098591,32.39833333333333,False,3.092663760638141,Sin dato,Sin dato,Sin dato,Sin dato,Sin dato,Sin dato,6.0,2.0,12.0,4.0,3.0,4.0,12.161290322580646,174.84,0,0,Bajo,Ascendente,Bajo valor / Ascendente
1756,59,701,66,3325.0,904,4,643,50.378787878787875,False,159,8.109525659752872,36.55267605633803,12.300833333333332,False,-0.6634765313933716,Sin dato,Sin dato,Sin dato,Sin dato,Sin dato,Sin dato,6.0,2.0,12.0,4.0,3.0,4.0,13.696969696969697,503.71999999999997,1,5,Alto,Descendente,Alto valor / Descendente
1757,34,454,10,253.11,62,251,421,25.311,False,34,5.537767244136556,0.7446478873239437,0.0,True,,Sin dato,Sin dato,Sin dato,Sin dato,Sin dato,Sin dato,6.0,2.0,12.0,4.0,3.0,4.0,6.2,51.04,0,0,Bajo,Sin tendencia disponible,Sin tendencia disponible
1758,20,697,70,2041.93,675,8,678,29.170428571428573,False,130,7.6221403308923925,21.565915492957746,33.714166666666664,False,0.563307928090318,Sin dato,Sin dato,Sin dato,Sin dato,Sin dato,Sin dato,6.0,2.0,12.0,4.0,3.0,4.0,9.642857142857142,425.67,1,2,Bajo,Ascendente,Bajo valor / Ascendente
1759,116,705,218,3995.63,1860,0,590,18.328577981651378,False,159,8.29320678499944,44.164084507042254,59.08166666666667,False,0.33777632495123294,35-44,U,35-49K,Unknown,2 Adults Kids,3+,2.0,3.0,3.0,5.0,1.0,2.0,8.53211009174312,1010.99,1,6,Alto,Ascendente,Alto valor / Ascendente
1760,16,705,53,563.64,184,0,690,10.634716981132076,False,63,6.33618835992696,3.9847887323943665,9.195,False,1.307525095433338,Sin dato,Sin dato,Sin dato,Sin dato,Sin dato,Sin dato,6.0,2.0,12.0,4.0,3.0,4.0,3.4716981132075473,60.59,0,0,Bajo,Ascendente,Bajo valor / Ascendente
1761,102,702,30,1763.1200000000001,588,3,601,58.77066666666667,False,115,7.475407261463875,18.11887323943662,35.165,False,0.9407939740679704,Sin dato,Sin dato,Sin dato,Sin dato,Sin dato,Sin dato,6.0,2.0,12.0,4.0,3.0,4.0,19.6,326.89,1,1,Bajo,Ascendente,Bajo valor / Ascendente
1762,93,705,341,15254.44,4432,0,613,44.73442815249267,False,203,9.632691439737114,168.07718309859155,201.38666666666666,False,0.19817968717702905,45-54,A,125-149K,Homeowner,2 Adults Kids,3+,3.0,0.0,7.0,0.0,1.0,2.0,12.997067448680351,2731.73,1,8,Alto,Ascendente,Alto valor / Ascendente
1763,77,705,149,3919.37,857,0,629,26.304496644295302,False,135,8.273941316085367,43.149014084507044,69.93083333333333,False,0.6206820669499951,Sin dato,Sin dato,Sin dato,Sin dato,Sin dato,Sin dato,6.0,2.0,12.0,4.0,3.0,4.0,5.751677852348993,546.37,1,7,Alto,Ascendente,Alto valor / Ascendente
1764,110,701,133,11280.05,2992,4,592,84.8124060150376,False,203,9.330879605826283,121.52281690140846,215.5091666666667,False,0.7734049634605608,45-54,A,75-99K,Homeowner,2 Adults Kids,2,3.0,0.0,5.0,0.0,1.0,1.0,22.49624060150376,1579.1599999999999,1,13,Alto,Ascendente,Alto valor / Ascendente
1765,81,690,62,2949.01,1128,15,610,47.564677419354844,False,149,7.989563839158628,35.47845070422535,22.08,False,-0.3776503888494107,45-54,U,35-49K,Unknown,Single Male,None/Unknown,3.0,3.0,3.0,5.0,5.0,3.0,18.193548387096776,650.27,1,1,Alto,Descendente,Alto valor / Descendente
1766,86,682,37,453.84,216,23,597,12.265945945945946,False,76,6.119945708756522,3.770281690140845,14.814166666666667,False,2.9291935945807963,Sin dato,Sin dato,Sin dato,Sin dato,Sin dato,Sin dato,6.0,2.0,12.0,4.0,3.0,4.0,5.837837837837838,100.93,0,0,Bajo,Ascendente,Bajo valor / Ascendente
1767,14,700,483,9194.95,3663,5,687,19.037163561076607,False,199,9.126518448721706,106.65845070422536,98.04416666666667,False,-0.080765133758102,Sin dato,Sin dato,Sin dato,Sin dato,Sin dato,Sin dato,6.0,2.0,12.0,4.0,3.0,4.0,7.583850931677019,1823.13,1,11,Alto,Descendente,Alto valor / Descendente
1768,114,699,68,1478.41,514,6,586,21.741323529411765,False,94,7.299398638628015,15.176619718309858,30.873333333333335,False,1.034269416139231,Sin dato,Sin dato,Sin dato,Sin dato,Sin dato,Sin dato,6.0,2.0,12.0,4.0,3.0,4.0,7.5588235294117645,349.01,1,1,Bajo,Ascendente,Bajo valor / Ascendente
1769,17,705,155,7438.31,1670,0,689,47.98909677419355,False,139,8.914533381590855,83.69873239436619,88.07833333333333,False,0.052325773804215193,Sin dato,Sin dato,Sin dato,Sin dato,Sin dato,Sin dato,6.0,2.0,12.0,4.0,3.0,4.0,10.774193548387096,1220.0300000000002,1,6,Alto,Ascendente,Alto valor / Ascendente
1770,49,704,474,8783.82,2651,1,656,18.53126582278481,False,187,9.080780510940597,100.18056338028168,50.10666666666666,False,-0.4998364455541778,Sin dato,Sin dato,Sin dato,Sin dato,Sin dato,Sin dato,6.0,2.0,12.0,4.0,3.0,4.0,5.5928270042194095,1530.55,0,0,Alto,Descendente,Alto valor / Descendente
1771,25,649,11,532.2,161,56,625,48.38181818181818,False,49,6.278896588304554,5.66718309859155,5.088333333333334,False,-0.10214064998218884,Sin dato,Sin dato,Sin dato,Sin dato,Sin dato,Sin dato,6.0,2.0,12.0,4.0,3.0,4.0,14.636363636363637,46.77,0,0,Bajo,Descendente,Bajo valor / Descendente
1772,29,621,97,2452.88,1054,84,593,25.287422680412373,False,105,7.805425724319724,25.460704225352114,0.0,False,-1.0,Sin dato,Sin dato,Sin dato,Sin dato,Sin dato,Sin dato,6.0,2.0,12.0,4.0,3.0,4.0,10.8659793814433,394.73,1,4,Alto,Descendente,Alto valor / Descendente
1773,71,703,91,3356.9,759,2,633,36.88901098901099,False,139,8.119071057563332,35.62619718309859,40.275,False,0.13048832557146586,Sin dato,Sin dato,Sin dato,Sin dato,Sin dato,Sin dato,6.0,2.0,12.0,4.0,3.0,4.0,8.340659340659341,409.65,1,3,Alto,Ascendente,Alto valor / Ascendente
1774,82,703,66,5012.46,1709,2,622,75.94636363636364,False,144,8.519881574473988,46.321549295774645,110.28833333333334,False,1.3809292869095295,Sin dato,Sin dato,Sin dato,Sin dato,Sin dato,Sin dato,6.0,2.0,12.0,4.0,3.0,4.0,25.893939393939394,842.1999999999999,1,4,Alto,Ascendente,Alto valor / Ascendente
1775,113,705,208,9355.62,2544,0,593,44.978942307692314,False,172,9.143839393144209,114.1469014084507,102.00583333333333,False,-0.10636353615656297,45-54,A,75-99K,Homeowner,2 Adults Kids,3+,3.0,0.0,5.0,0.0,1.0,2.0,12.23076923076923,1880.11,0,0,Alto,Descendente,Alto valor / Descendente
1776,115,690,231,3724.26,1626,15,576,16.122337662337664,False,144,8.222891927035565,47.293661971830986,19.981666666666666,False,-0.5774980021938642,Sin dato,Sin dato,Sin dato,Sin dato,Sin dato,Sin dato,6.0,2.0,12.0,4.0,3.0,4.0,7.038961038961039,697.96,1,6,Alto,Descendente,Alto valor / Descendente
1777,99,692,73,1153.5,287,13,594,15.801369863013699,False,94,7.05142262879455,14.150281690140844,3.045833333333333,False,-0.7847510459487527,Sin dato,Sin dato,Sin dato,Sin dato,Sin dato,Sin dato,6.0,2.0,12.0,4.0,3.0,4.0,3.9315068493150687,189.72,1,2,Bajo,Descendente,Bajo valor / Descendente
1778,84,705,258,9144.3,2778,0,622,35.44302325581395,False,168,9.120995365098272,104.33239436619719,79.6075,False,-0.23698195096927485,25-34,A,35-49K,Homeowner,2 Adults No Kids,None/Unknown,1.0,0.0,3.0,0.0,2.0,3.0,10.767441860465116,1141.3700000000001,1,8,Alto,Descendente,Alto valor / Descendente
1779,37,703,109,3508.58,1515,2,667,32.18880733944954,False,143,8.16325165118065,43.78760563380282,11.383333333333333,False,-0.740032980370461,65+,A,75-99K,Homeowner,2 Adults No Kids,None/Unknown,5.0,0.0,5.0,0.0,2.0,3.0,13.899082568807339,1092.39,1,6,Alto,Descendente,Alto valor / Descendente
1780,26,681,43,1413.68,586,24,656,32.87627906976744,False,116,7.254658636092037,15.962957746478875,3.348333333333333,False,-0.79024355094394,Sin dato,Sin dato,Sin dato,Sin dato,Sin dato,Sin dato,6.0,2.0,12.0,4.0,3.0,4.0,13.627906976744185,200.65,0,0,Bajo,Descendente,Bajo valor / Descendente
1781,71,693,93,3228.57,894,12,623,34.715806451612906,False,157,8.08010428041954,35.180281690140845,20.405,False,-0.41998758907838896,Sin dato,Sin dato,Sin dato,Sin dato,Sin dato,Sin dato,6.0,2.0,12.0,4.0,3.0,4.0,9.612903225806452,387.81,1,3,Alto,Descendente,Alto valor / Descendente
1782,67,701,36,1737.06,451,4,635,48.251666666666665,False,115,7.460524827669038,18.502394366197183,10.403333333333334,False,-0.43773042950918667,Sin dato,Sin dato,Sin dato,Sin dato,Sin dato,Sin dato,6.0,2.0,12.0,4.0,3.0,4.0,12.527777777777779,156.74,0,0,Bajo,Descendente,Bajo valor / Descendente
1783,48,702,91,4125.89,1444,3,655,45.339450549450554,False,143,8.325279375653725,40.63647887323944,71.93916666666667,False,0.7703100431282975,Sin dato,Sin dato,Sin dato,Sin dato,Sin dato,Sin dato,6.0,2.0,12.0,4.0,3.0,4.0,15.868131868131869,661.7,1,6,Alto,Ascendente,Alto valor / Ascendente
1784,28,696,40,1980.6200000000001,563,9,669,49.5155,False,119,7.591669970978477,17.42394366197183,25.63,False,0.4709643521138146,Sin dato,Sin dato,Sin dato,Sin dato,Sin dato,Sin dato,6.0,2.0,12.0,4.0,3.0,4.0,14.075,336.0,1,2,Bajo,Ascendente,Bajo valor / Ascendente
1785,69,694,73,1446.06,666,11,626,19.80904109589041,False,139,7.277289190872038,15.642535211267605,22.147499999999997,False,0.41585105616682566,25-34,A,35-49K,Homeowner,2 Adults Kids,3+,1.0,0.0,3.0,0.0,1.0,2.0,9.123287671232877,389.53000000000003,1,1,Bajo,Ascendente,Bajo valor / Ascendente
1786,69,655,44,409.73,108,50,587,9.312045454545455,False,70,6.0179360643137745,4.328732394366198,5.041666666666667,False,0.16469816272965865,Sin dato,Sin dato,Sin dato,Sin dato,Sin dato,Sin dato,6.0,2.0,12.0,4.0,3.0,4.0,2.4545454545454546,29.43,0,0,Bajo,Ascendente,Bajo valor / Ascendente
1787,39,692,61,1097.5,539,13,654,17.991803278688526,False,100,7.001700891824665,13.591408450704225,1.6491666666666667,False,-0.8786610914793591,Sin dato,Sin dato,Sin dato,Sin dato,Sin dato,Sin dato,6.0,2.0,12.0,4.0,3.0,4.0,8.836065573770492,286.13,0,0,Bajo,Descendente,Bajo valor / Descendente
1788,103,705,151,9051.54,2538,0,603,59.943973509933784,False,147,9.11080066029891,104.27154929577465,100.88083333333333,False,-0.0325181316029292,35-44,A,75-99K,Homeowner,2 Adults No Kids,None/Unknown,2.0,0.0,5.0,0.0,2.0,3.0,16.807947019867548,541.39,1,6,Alto,Descendente,Alto valor / Descendente
1789,11,679,23,293.19,104,26,669,12.747391304347826,False,51,5.684225817106983,3.1371830985915494,2.935,False,-0.06444733770315168,Sin dato,Sin dato,Sin dato,Sin dato,Sin dato,Sin dato,6.0,2.0,12.0,4.0,3.0,4.0,4.521739130434782,25.42,0,0,Bajo,Descendente,Bajo valor / Descendente
1790,72,677,46,1953.5,626,28,606,42.46739130434783,False,86,7.57788968523301,23.054507042253523,15.784166666666666,False,-0.31535440607175086,Sin dato,Sin dato,Sin dato,Sin dato,Sin dato,Sin dato,6.0,2.0,12.0,4.0,3.0,4.0,13.608695652173912,271.54,1,3,Bajo,Descendente,Bajo valor / Descendente
1791,102,705,137,2887.2,987,0,604,21.074452554744525,False,143,7.968388749692465,33.67816901408451,39.2275,False,0.16477531731593573,45-54,B,100-124K,Homeowner,2 Adults No Kids,None/Unknown,3.0,1.0,6.0,0.0,2.0,3.0,7.204379562043796,698.92,1,3,Alto,Ascendente,Alto valor / Ascendente
1792,74,701,123,3117.76,1121,4,628,25.347642276422764,False,114,8.045190765907513,32.8156338028169,38.58416666666667,False,0.175786117632584,Sin dato,Sin dato,Sin dato,Sin dato,Sin dato,Sin dato,6.0,2.0,12.0,4.0,3.0,4.0,9.113821138211382,603.01,1,1,Alto,Ascendente,Alto valor / Ascendente
1793,21,691,62,1882.31,842,14,671,30.35983870967742,False,118,7.540786146015097,19.87788732394366,15.8025,False,-0.20502115026251827,Sin dato,Sin dato,Sin dato,Sin dato,Sin dato,Sin dato,6.0,2.0,12.0,4.0,3.0,4.0,13.580645161290322,389.42999999999995,1,2,Bajo,Descendente,Bajo valor / Descendente
1794,12,701,77,3594.48,1277,4,690,46.681558441558444,False,151,8.187432780018387,34.28352112676056,40.8925,False,0.19277421501727518,Sin dato,Sin dato,Sin dato,Sin dato,Sin dato,Sin dato,6.0,2.0,12.0,4.0,3.0,4.0,16.584415584415584,490.5,1,2,Alto,Ascendente,Alto valor / Ascendente
1795,89,705,1129,9719.710000000001,4684,0,617,8.609131975199292,False,181,9.182013940054299,109.5638028169014,118.35583333333334,False,0.08024575900422899,45-54,U,25-34K,Homeowner,2 Adults No Kids,None/Unknown,3.0,3.0,2.0,0.0,2.0,3.0,4.148804251550044,3014.8599999999997,1,8,Alto,Ascendente,Alto valor / Ascendente
1796,71,704,60,2601.06,795,1,634,43.351,False,107,7.864058717991834,29.495492957746478,34.770833333333336,False,0.1788524227462142,19-24,U,35-49K,Unknown,Single Female,None/Unknown,0.0,3.0,3.0,5.0,4.0,3.0,13.25,321.99,1,2,Alto,Ascendente,Alto valor / Ascendente
1797,74,703,113,5453.08,1791,2,630,48.25734513274336,False,171,8.604119231431438,54.41070422535211,91.56166666666667,False,0.682787752340916,65+,U,Under 15K,Homeowner,Single Female,None/Unknown,5.0,3.0,0.0,0.0,4.0,3.0,15.849557522123893,1300.72,1,5,Alto,Ascendente,Alto valor / Ascendente
1798,98,700,42,2457.51,964,5,603,58.51214285714286,False,128,7.8073107543645675,32.223802816901404,9.211666666666668,False,-0.7141347121875031,Sin dato,Sin dato,Sin dato,Sin dato,Sin dato,Sin dato,6.0,2.0,12.0,4.0,3.0,4.0,22.952380952380953,510.57,1,1,Alto,Descendente,Alto valor / Descendente
1799,61,697,52,395.47,173,8,637,7.605192307692308,False,50,5.982600376169511,4.740422535211268,1.8716666666666668,False,-0.6051688108466787,Sin dato,Sin dato,Sin dato,Sin dato,Sin dato,Sin dato,6.0,2.0,12.0,4.0,3.0,4.0,3.326923076923077,22.06,0,0,Bajo,Descendente,Bajo valor / Descendente
1800,54,702,84,3594.5,723,3,649,42.791666666666664,False,149,8.18743834254255,42.111830985915496,33.54,False,-0.2035492351017078,35-44,A,175-199K,Homeowner,2 Adults No Kids,None/Unknown,2.0,0.0,9.0,0.0,2.0,3.0,8.607142857142858,420.19999999999993,1,1,Alto,Descendente,Alto valor / Descendente
1801,100,699,63,756.24,206,6,600,12.003809523809524,False,56,6.629680244141709,7.395492957746479,15.835,False,1.141168964729184,Sin dato,Sin dato,Sin dato,Sin dato,Sin dato,Sin dato,6.0,2.0,12.0,4.0,3.0,4.0,3.2698412698412698,104.31,0,0,Bajo,Ascendente,Bajo valor / Ascendente
1802,108,692,52,4835.4400000000005,1264,13,585,92.98923076923077,False,158,8.483934191880397,56.96633802816901,56.745000000000005,False,-0.0038854178771252496,45-54,U,150-174K,Homeowner,2 Adults No Kids,None/Unknown,3.0,3.0,8.0,0.0,2.0,3.0,24.307692307692307,580.1300000000001,1,3,Alto,Descendente,Alto valor / Descendente
1803,18,705,214,14329.53,3054,0,688,66.96042056074766,False,180,9.570147505483705,137.32830985915493,107.5,False,-0.21720437606599174,19-24,A,50-74K,Homeowner,2 Adults Kids,1,0.0,0.0,4.0,0.0,1.0,0.0,14.271028037383177,1258.73,1,13,Alto,Descendente,Alto valor / Descendente
1804,100,704,307,10030.69,2667,1,605,32.67325732899023,False,194,9.213504361278826,111.16267605633803,111.68,False,0.004653755757011415,65+,A,35-49K,Homeowner,2 Adults No Kids,None/Unknown,5.0,0.0,3.0,0.0,2.0,3.0,8.68729641693811,1663.18,1,8,Alto,Ascendente,Alto valor / Ascendente
1805,69,701,76,770.04,158,4,633,10.132105263157895,False,40,6.647740252892023,7.898169014084507,11.4675,False,0.45191879023485554,Sin dato,Sin dato,Sin dato,Sin dato,Sin dato,Sin dato,6.0,2.0,12.0,4.0,3.0,4.0,2.0789473684210527,33.19,0,0,Bajo,Ascendente,Bajo valor / Ascendente
1806,47,702,137,3930.3,1397,3,656,28.688321167883213,False,151,8.276725438968825,47.38549295774648,28.214166666666667,False,-0.4045821852729238,Sin dato,Sin dato,Sin dato,Sin dato,Sin dato,Sin dato,6.0,2.0,12.0,4.0,3.0,4.0,10.197080291970803,730.13,1,5,Alto,Descendente,Alto valor / Descendente
1807,118,705,212,7773.21,2468,0,588,36.66608490566038,False,180,8.95856712416798,96.94478873239437,43.5825,False,-0.5504399919803343,Sin dato,Sin dato,Sin dato,Sin dato,Sin dato,Sin dato,6.0,2.0,12.0,4.0,3.0,4.0,11.641509433962264,1392.99,1,9,Alto,Descendente,Alto valor / Descendente
1808,27,702,96,1824.33,536,3,676,19.0034375,False,121,7.509516071588088,18.454225352112676,20.740833333333335,False,0.12390701520066152,Sin dato,Sin dato,Sin dato,Sin dato,Sin dato,Sin dato,6.0,2.0,12.0,4.0,3.0,4.0,5.583333333333333,246.1,1,3,Bajo,Ascendente,Bajo valor / Ascendente
1809,19,702,61,1509.41,722,3,684,24.7444262295082,False,124,7.320136416132031,15.748873239436621,18.246666666666666,False,0.1586014052723049,Sin dato,Sin dato,Sin dato,Sin dato,Sin dato,Sin dato,6.0,2.0,12.0,4.0,3.0,4.0,11.836065573770492,346.21,1,1,Bajo,Ascendente,Bajo valor / Ascendente
1810,96,704,266,4025.59,1026,1,609,15.133796992481203,False,123,8.300675142904339,44.94619718309859,53.11166666666667,False,0.1816720878588277,Sin dato,Sin dato,Sin dato,Sin dato,Sin dato,Sin dato,6.0,2.0,12.0,4.0,3.0,4.0,3.857142857142857,314.89,1,3,Alto,Ascendente,Alto valor / Ascendente
1811,96,680,16,852.5600000000001,190,25,585,53.285000000000004,False,64,6.749415838533424,8.499859154929577,9.779166666666667,False,0.150509260026402,Sin dato,Sin dato,Sin dato,Sin dato,Sin dato,Sin dato,6.0,2.0,12.0,4.0,3.0,4.0,11.875,211.76,0,0,Bajo,Ascendente,Bajo valor / Ascendente
1812,115,705,103,1937.52,692,0,591,18.810873786407768,False,138,7.569680074313371,23.575633802816903,21.264166666666668,False,-0.09804475058795883,45-54,U,50-74K,Unknown,Single Female,None/Unknown,3.0,3.0,4.0,5.0,4.0,3.0,6.718446601941747,362.4,1,2,Bajo,Descendente,Bajo valor / Descendente
1813,115,692,4,233.45,83,13,578,58.3625,False,49,5.457242345535596,2.82056338028169,2.47,False,-0.12428842504743824,Sin dato,Sin dato,Sin dato,Sin dato,Sin dato,Sin dato,6.0,2.0,12.0,4.0,3.0,4.0,20.75,32.61,0,0,Bajo,Descendente,Bajo valor / Descendente
1814,101,705,52,4107.85,1062,0,605,78.9971153846154,False,173,8.320898462984662,43.86887323943662,63.055,False,0.4373517107641532,65+,U,150-174K,Homeowner,2 Adults No Kids,None/Unknown,5.0,3.0,8.0,0.0,2.0,3.0,20.423076923076923,526.0400000000001,1,3,Alto,Ascendente,Alto valor / Ascendente
1815,118,701,87,4315.56,1217,4,584,49.60413793103449,False,170,8.370214067729556,46.90887323943662,80.73333333333333,False,0.7210674176982842,45-54,U,25-34K,Unknown,2 Adults No Kids,None/Unknown,3.0,3.0,2.0,5.0,2.0,3.0,13.988505747126437,741.7,1,1,Alto,Ascendente,Alto valor / Ascendente
1816,65,702,159,3859.28,1296,3,638,24.272201257861635,False,166,8.258494998688164,41.551126760563385,44.949999999999996,False,0.08179978509421597,19-24,B,Under 15K,Renter,2 Adults Kids,3+,0.0,1.0,0.0,3.0,1.0,2.0,8.150943396226415,661.19,1,5,Alto,Ascendente,Alto valor / Ascendente
1817,104,696,46,965.11,348,9,593,20.980652173913043,False,81,6.8732776993652465,7.970140845070422,29.421666666666667,False,2.6914864164369363,Sin dato,Sin dato,Sin dato,Sin dato,Sin dato,Sin dato,6.0,2.0,12.0,4.0,3.0,4.0,7.565217391304348,139.48,0,0,Bajo,Ascendente,Bajo valor / Ascendente
1818,15,703,68,1234.55,435,2,689,18.15514705882353,False,115,7.119271494055368,2.097464788732394,19.145833333333332,False,8.12808331094995,Sin dato,Sin dato,Sin dato,Sin dato,Sin dato,Sin dato,6.0,2.0,12.0,4.0,3.0,4.0,6.397058823529412,217.73,1,1,Bajo,Ascendente,Bajo valor / Ascendente
1819,117,703,67,1438.71,528,2,587,21.473283582089554,False,108,7.2721969833996924,17.871267605633804,11.015833333333333,False,-0.3836008963426488,Sin dato,Sin dato,Sin dato,Sin dato,Sin dato,Sin dato,6.0,2.0,12.0,4.0,3.0,4.0,7.880597014925373,260.62,0,0,Bajo,Descendente,Bajo valor / Descendente
1820,115,661,77,4208.08,1353,44,547,54.65038961038961,False,141,8.34499937547994,56.39267605633803,2.254166666666667,False,-0.9600273151709507,45-54,A,150-174K,Homeowner,2 Adults No Kids,None/Unknown,3.0,0.0,8.0,0.0,2.0,3.0,17.571428571428573,442.47999999999996,1,6,Alto,Descendente,Alto valor / Descendente
1821,30,703,128,4937.27,1621,2,674,38.572421875,False,171,8.504770346417628,53.2812676056338,94.08999999999999,False,0.765911439953264,Sin dato,Sin dato,Sin dato,Sin dato,Sin dato,Sin dato,6.0,2.0,12.0,4.0,3.0,4.0,12.6640625,736.52,1,8,Alto,Ascendente,Alto valor / Ascendente
1822,71,682,216,3450.62,1429,23,612,15.975092592592592,False,175,8.146598965031549,40.972394366197186,8.77,False,-0.7859534416852294,55-64,U,35-49K,Unknown,2 Adults No Kids,None/Unknown,4.0,3.0,3.0,5.0,2.0,3.0,6.6157407407407405,622.33,1,3,Alto,Descendente,Alto valor / Descendente
1823,116,704,372,12146.3,3758,1,589,32.6513440860215,False,181,9.404862201851456,139.44760563380282,161.1575,False,0.15568495613476913,45-54,A,75-99K,Homeowner,2 Adults No Kids,None/Unknown,3.0,0.0,5.0,0.0,2.0,3.0,10.102150537634408,2256.78,1,8,Alto,Ascendente,Alto valor / Ascendente
1824,66,705,162,3041.52,1021,0,640,18.774814814814814,False,145,8.020441398381571,33.3843661971831,34.17333333333333,False,0.023632832550728643,Sin dato,Sin dato,Sin dato,Sin dato,Sin dato,Sin dato,6.0,2.0,12.0,4.0,3.0,4.0,6.302469135802469,833.77,1,4,Alto,Ascendente,Alto valor / Ascendente
1825,62,593,43,1831.84,437,112,532,42.600930232558134,False,91,7.513621955431907,23.678591549295774,0.0,False,-1.0,Sin dato,Sin dato,Sin dato,Sin dato,Sin dato,Sin dato,6.0,2.0,12.0,4.0,3.0,4.0,10.162790697674419,360.08,1,1,Bajo,Descendente,Bajo valor / Descendente
1826,81,700,109,1952.2,983,5,620,17.910091743119267,False,120,7.577224332187505,18.436478873239437,31.5325,False,0.7103320117036798,Sin dato,Sin dato,Sin dato,Sin dato,Sin dato,Sin dato,6.0,2.0,12.0,4.0,3.0,4.0,9.01834862385321,519.42,1,1,Bajo,Ascendente,Bajo valor / Ascendente
1827,14,704,40,642.71,246,1,691,16.06775,False,78,6.4672483141251,6.917042253521127,10.670833333333334,False,0.5426873137722031,Sin dato,Sin dato,Sin dato,Sin dato,Sin dato,Sin dato,6.0,2.0,12.0,4.0,3.0,4.0,6.15,113.75,0,0,Bajo,Ascendente,Bajo valor / Ascendente
1828,3,570,86,5813.77,1662,135,568,67.60197674418605,False,156,8.668156511290048,44.78084507042254,0.0,False,-1.0,Sin dato,Sin dato,Sin dato,Sin dato,Sin dato,Sin dato,6.0,2.0,12.0,4.0,3.0,4.0,19.325581395348838,635.49,1,6,Alto,Descendente,Alto valor / Descendente
1829,87,701,317,6562.25,1718,4,615,20.701104100946374,False,148,8.78924118608405,81.71197183098592,44.498333333333335,False,-0.45542455608127713,65+,A,75-99K,Homeowner,Single Female,None/Unknown,5.0,0.0,5.0,0.0,4.0,3.0,5.419558359621451,923.94,1,3,Alto,Descendente,Alto valor / Descendente
1830,69,69,1,39.440000000000005,7,636,1,39.440000000000005,True,7,3.6998193941522706,0.0,0.0,True,,Sin dato,Sin dato,Sin dato,Sin dato,Sin dato,Sin dato,6.0,2.0,12.0,4.0,3.0,4.0,7.0,10.19,0,0,Bajo,Sin tendencia disponible,Sin tendencia disponible
1831,104,701,166,5562.06,1643,4,598,33.50638554216868,False,164,8.623903595564496,63.42647887323943,72.82583333333334,False,0.14819290976058944,55-64,U,75-99K,Homeowner,Single Male,None/Unknown,4.0,3.0,5.0,0.0,5.0,3.0,9.897590361445783,1122.04,1,7,Alto,Ascendente,Alto valor / Ascendente
1832,91,703,55,1357.55,637,2,613,24.682727272727274,False,108,7.214173233489067,14.18492957746479,19.719166666666666,False,0.3901490704609467,Sin dato,Sin dato,Sin dato,Sin dato,Sin dato,Sin dato,6.0,2.0,12.0,4.0,3.0,4.0,11.581818181818182,281.48,1,1,Bajo,Ascendente,Bajo valor / Ascendente
1833,16,692,82,2961.95,1001,13,677,36.12134146341463,False,131,7.993940672642119,29.731971830985913,31.127499999999998,False,0.046936953154237175,25-34,U,25-34K,Homeowner,1 Adult Kids,3+,1.0,3.0,2.0,0.0,0.0,2.0,12.207317073170731,850.7199999999999,1,7,Alto,Ascendente,Alto valor / Ascendente
1834,84,659,135,3769.5,1251,46,576,27.92222222222222,False,147,8.234962897642701,51.50338028169014,4.055833333333333,False,-0.921251123496156,45-54,U,125-149K,Homeowner,Unknown,3+,3.0,3.0,7.0,0.0,6.0,2.0,9.266666666666667,770.22,1,5,Alto,Descendente,Alto valor / Descendente
1835,12,702,309,10954.84,3292,3,691,35.45255663430421,False,201,9.301627926406306,109.46971830985916,128.605,False,0.17479977098303587,Sin dato,Sin dato,Sin dato,Sin dato,Sin dato,Sin dato,6.0,2.0,12.0,4.0,3.0,4.0,10.653721682847896,1465.1899999999998,1,11,Alto,Ascendente,Alto valor / Ascendente
1836,62,701,93,2991.96,829,4,640,32.17161290322581,False,133,8.004018143246187,32.026338028169015,27.084999999999997,False,-0.15428982307695702,Sin dato,Sin dato,Sin dato,Sin dato,Sin dato,Sin dato,6.0,2.0,12.0,4.0,3.0,4.0,8.913978494623656,285.68,1,6,Alto,Descendente,Alto valor / Descendente
1837,75,699,159,7491.23,1287,6,625,47.11465408805031,False,134,8.921621762505469,76.28492957746478,147.21666666666667,False,0.9298263429236452,Sin dato,Sin dato,Sin dato,Sin dato,Sin dato,Sin dato,6.0,2.0,12.0,4.0,3.0,4.0,8.09433962264151,1000.34,1,5,Alto,Ascendente,Alto valor / Ascendente
1838,106,684,34,1179.61,360,21,579,34.694411764705876,False,88,7.073786533040071,15.321408450704224,6.0225,False,-0.6069225607177658,Sin dato,Sin dato,Sin dato,Sin dato,Sin dato,Sin dato,6.0,2.0,12.0,4.0,3.0,4.0,10.588235294117647,418.83,0,0,Bajo,Descendente,Bajo valor / Descendente
1839,117,704,98,1754.99,916,1,588,17.908061224489796,False,57,7.470788079418027,20.16352112676056,25.50916666666667,False,0.26511468439961566,Sin dato,Sin dato,Sin dato,Sin dato,Sin dato,Sin dato,6.0,2.0,12.0,4.0,3.0,4.0,9.346938775510203,229.2,1,1,Bajo,Ascendente,Bajo valor / Ascendente
1840,91,556,37,337.21,107,149,466,9.113783783783783,False,50,5.823667004330126,4.679154929577465,0.0,False,-1.0,Sin dato,Sin dato,Sin dato,Sin dato,Sin dato,Sin dato,6.0,2.0,12.0,4.0,3.0,4.0,2.891891891891892,25.97,1,1,Bajo,Descendente,Bajo valor / Descendente
1841,97,701,32,2401.78,763,4,605,75.055625,False,104,7.784381679318924,27.15605633802817,28.235833333333332,False,0.039761922050260676,45-54,B,35-49K,Homeowner,2 Adults No Kids,None/Unknown,3.0,1.0,3.0,0.0,2.0,3.0,23.84375,309.42,1,1,Alto,Ascendente,Alto valor / Ascendente
1842,114,705,19,906.65,281,0,592,47.71842105263158,False,77,6.81085884173644,8.982394366197184,4.961666666666667,False,-0.4476231543185679,Sin dato,Sin dato,Sin dato,Sin dato,Sin dato,Sin dato,6.0,2.0,12.0,4.0,3.0,4.0,14.789473684210526,87.67999999999999,0,0,Bajo,Descendente,Bajo valor / Descendente
1843,2,682,42,770.15,198,23,681,18.336904761904762,False,66,6.647882907169623,7.369295774647887,14.055,False,0.9072378731699858,Sin dato,Sin dato,Sin dato,Sin dato,Sin dato,Sin dato,6.0,2.0,12.0,4.0,3.0,4.0,4.714285714285714,101.24,0,0,Bajo,Ascendente,Bajo valor / Ascendente
1844,96,702,81,1484.84,460,3,607,18.331358024691358,False,114,7.303735547879087,16.214647887323945,15.094166666666666,False,-0.06910302514390292,45-54,A,250K+,Homeowner,2 Adults No Kids,None/Unknown,3.0,0.0,11.0,0.0,2.0,3.0,5.679012345679013,113.94,0,0,Bajo,Descendente,Bajo valor / Descendente
1845,50,704,149,12494.78,4322,1,655,83.85758389261746,False,196,9.433146266290683,135.8091549295775,102.86,False,-0.24261365109489821,45-54,U,175-199K,Unknown,2 Adults Kids,1,3.0,3.0,9.0,5.0,1.0,0.0,29.006711409395972,1500.21,1,10,Alto,Descendente,Alto valor / Descendente
1846,100,675,22,628.71,205,30,576,28.577727272727273,False,64,6.445259395946655,5.809577464788733,16.903333333333332,False,1.9095632919575896,Sin dato,Sin dato,Sin dato,Sin dato,Sin dato,Sin dato,6.0,2.0,12.0,4.0,3.0,4.0,9.318181818181818,285.34,0,0,Bajo,Ascendente,Bajo valor / Ascendente
1847,101,700,102,2587.43,825,5,600,25.366960784313722,False,124,7.85880679328748,29.069577464788733,36.45166666666667,False,0.2539455281322778,45-54,U,175-199K,Unknown,Single Female,None/Unknown,3.0,3.0,9.0,5.0,4.0,3.0,8.088235294117647,578.55,1,2,Alto,Ascendente,Alto valor / Ascendente
1848,105,701,109,10763.33,2820,4,597,98.74614678899083,False,173,9.283993169124907,121.05295774647888,113.5425,False,-0.06204274464906528,45-54,A,75-99K,Homeowner,Unknown,1,3.0,0.0,5.0,0.0,6.0,0.0,25.871559633027523,757.58,1,4,Alto,Descendente,Alto valor / Descendente
1849,45,697,159,2628.64,997,8,653,16.532327044025156,False,138,7.874602233673319,29.139859154929574,20.69666666666667,False,-0.2897471962157571,Sin dato,Sin dato,Sin dato,Sin dato,Sin dato,Sin dato,6.0,2.0,12.0,4.0,3.0,4.0,6.270440251572327,788.7,1,3,Alto,Descendente,Alto valor / Descendente
1850,117,703,221,6856.11,1980,2,587,31.0231221719457,False,190,8.833041349156568,82.67887323943661,71.82916666666667,False,-0.13122707346711632,65+,A,75-99K,Homeowner,Single Female,None/Unknown,5.0,0.0,5.0,0.0,4.0,3.0,8.959276018099548,652.0200000000001,1,3,Alto,Descendente,Alto valor / Descendente
1851,20,696,41,1255.55,450,9,677,30.623170731707315,False,115,7.1361251492679285,15.841830985915493,7.3125,False,-0.538405629595384,Sin dato,Sin dato,Sin dato,Sin dato,Sin dato,Sin dato,6.0,2.0,12.0,4.0,3.0,4.0,10.975609756097562,263.69,0,0,Bajo,Descendente,Bajo valor / Descendente
1852,11,694,317,9800.02,2637,11,684,30.914889589905364,False,214,9.1902417408752,102.50507042253521,37.998333333333335,False,-0.6293028903184911,Sin dato,Sin dato,Sin dato,Sin dato,Sin dato,Sin dato,6.0,2.0,12.0,4.0,3.0,4.0,8.318611987381704,1283.6599999999999,1,8,Alto,Descendente,Alto valor / Descendente
1853,43,702,36,274.39,88,3,660,7.621944444444444,False,38,5.618188274814676,2.795492957746479,3.3275,False,0.19030884723901656,Sin dato,Sin dato,Sin dato,Sin dato,Sin dato,Sin dato,6.0,2.0,12.0,4.0,3.0,4.0,2.4444444444444446,23.990000000000002,0,0,Bajo,Ascendente,Bajo valor / Ascendente
1854,44,701,271,7536.1,2118,4,658,27.80848708487085,False,189,8.927592771633918,73.38380281690141,71.72833333333334,False,-0.022559058266557828,Sin dato,Sin dato,Sin dato,Sin dato,Sin dato,Sin dato,6.0,2.0,12.0,4.0,3.0,4.0,7.81549815498155,803.3100000000001,1,5,Alto,Descendente,Alto valor / Descendente
1855,58,686,11,251.95,36,19,629,22.904545454545453,False,23,5.5331918407379455,2.5178873239436617,2.5533333333333332,False,0.014077678954336197,Sin dato,Sin dato,Sin dato,Sin dato,Sin dato,Sin dato,6.0,2.0,12.0,4.0,3.0,4.0,3.272727272727273,20.87,0,0,Bajo,Ascendente,Bajo valor / Ascendente
1856,17,702,456,4652.14,2064,3,686,10.202061403508772,False,193,8.445297539507205,46.940563380281695,44.9775,False,-0.041820192151897334,Sin dato,Sin dato,Sin dato,Sin dato,Sin dato,Sin dato,6.0,2.0,12.0,4.0,3.0,4.0,4.526315789473684,920.25,1,8,Alto,Descendente,Alto valor / Descendente
1857,28,675,80,1753.5,571,30,648,21.91875,False,105,7.46993919502327,22.316901408450704,1.7241666666666668,False,-0.9227416640370254,Sin dato,Sin dato,Sin dato,Sin dato,Sin dato,Sin dato,6.0,2.0,12.0,4.0,3.0,4.0,7.1375,257.6,1,1,Bajo,Descendente,Bajo valor / Descendente
1858,95,703,67,2860.07,937,2,609,42.68761194029851,False,99,7.95895095972039,32.79746478873239,32.295,False,-0.015320232584105458,25-34,B,150-174K,Homeowner,Single Female,None/Unknown,1.0,1.0,8.0,0.0,4.0,3.0,13.985074626865671,464.03000000000003,1,2,Alto,Descendente,Alto valor / Descendente
1859,105,692,33,1618.7,389,13,588,49.051515151515154,False,98,7.389996225892351,18.881830985915496,8.65,False,-0.541887648160166,Sin dato,Sin dato,Sin dato,Sin dato,Sin dato,Sin dato,6.0,2.0,12.0,4.0,3.0,4.0,11.787878787878787,176.79,1,1,Bajo,Descendente,Bajo valor / Descendente
1860,96,629,58,753.42,280,76,534,12.989999999999998,False,87,6.62594924210251,10.014225352112677,2.2758333333333334,False,-0.7727399520869375,Sin dato,Sin dato,Sin dato,Sin dato,Sin dato,Sin dato,6.0,2.0,12.0,4.0,3.0,4.0,4.827586206896552,178.19,1,1,Bajo,Descendente,Bajo valor / Descendente
1861,7,704,121,1851.89,780,1,698,15.304876033057852,False,117,7.524501861328477,19.222112676056337,18.243333333333332,False,-0.0509194467443843,25-34,U,15-24K,Homeowner,2 Adults Kids,2,1.0,3.0,1.0,0.0,1.0,1.0,6.446280991735537,438.84,1,5,Bajo,Descendente,Bajo valor / Descendente
1862,73,684,142,2210.04,688,21,612,15.563661971830985,False,126,7.701218272055175,25.472535211267605,6.670000000000001,False,-0.7381493461612894,Sin dato,Sin dato,Sin dato,Sin dato,Sin dato,Sin dato,6.0,2.0,12.0,4.0,3.0,4.0,4.845070422535211,423.51,1,5,Alto,Descendente,Alto valor / Descendente
1863,12,469,14,411.45,118,236,458,29.389285714285712,False,38,6.0221149863067405,4.12718309859155,0.0,False,-1.0,Sin dato,Sin dato,Sin dato,Sin dato,Sin dato,Sin dato,6.0,2.0,12.0,4.0,3.0,4.0,8.428571428571429,111.51,0,0,Bajo,Descendente,Bajo valor / Descendente
1864,103,705,163,16856.920000000002,4130,0,603,103.41668711656443,False,173,9.732575855024754,199.8407042253521,186.135,False,-0.06858314615373234,45-54,U,125-149K,Homeowner,1 Adult Kids,3+,3.0,3.0,7.0,0.0,0.0,2.0,25.337423312883434,1513.06,1,5,Alto,Descendente,Alto valor / Descendente
1865,21,692,160,6581.4400000000005,2292,13,672,41.134,False,172,8.792160776251064,66.8481690140845,50.5975,False,-0.24309819182423067,45-54,U,50-74K,Homeowner,Unknown,None/Unknown,3.0,3.0,4.0,0.0,6.0,3.0,14.325,535.29,1,8,Alto,Descendente,Alto valor / Descendente
1866,104,650,15,159.05,47,55,547,10.603333333333333,False,25,5.075486266415872,1.8792957746478873,1.3375000000000001,False,-0.2882972345049838,Sin dato,Sin dato,Sin dato,Sin dato,Sin dato,Sin dato,6.0,2.0,12.0,4.0,3.0,4.0,3.1333333333333333,42.05,0,0,Bajo,Descendente,Bajo valor / Descendente
1867,75,700,75,1093.51,244,5,626,14.580133333333333,False,73,6.99806205351323,8.430985915492958,13.005833333333333,False,0.5426230649292795,Sin dato,Sin dato,Sin dato,Sin dato,Sin dato,Sin dato,6.0,2.0,12.0,4.0,3.0,4.0,3.2533333333333334,431.45,0,0,Bajo,Ascendente,Bajo valor / Ascendente
1868,32,701,38,689.44,318,4,670,18.143157894736845,False,71,6.537329075518489,5.812394366197183,14.434166666666668,False,1.4833426222092987,Sin dato,Sin dato,Sin dato,Sin dato,Sin dato,Sin dato,6.0,2.0,12.0,4.0,3.0,4.0,8.368421052631579,241.95999999999998,0,0,Bajo,Ascendente,Bajo valor / Ascendente
1869,74,701,117,3597.13,1463,4,628,30.744700854700856,False,160,8.188169545041754,39.73507042253521,41.46583333333333,False,0.04355756495190559,19-24,A,35-49K,Renter,2 Adults No Kids,None/Unknown,0.0,0.0,3.0,3.0,2.0,3.0,12.504273504273504,1045.1499999999999,1,7,Alto,Ascendente,Alto valor / Ascendente
1870,53,688,37,303.6,86,17,636,8.205405405405406,False,31,5.718999440461062,3.1473239436619718,4.2675,False,0.3559138100778663,Sin dato,Sin dato,Sin dato,Sin dato,Sin dato,Sin dato,6.0,2.0,12.0,4.0,3.0,4.0,2.324324324324324,97.76,0,0,Bajo,Ascendente,Bajo valor / Ascendente
1871,83,701,20,547.41,204,4,619,27.3705,False,53,6.307023182386968,3.4408450704225353,16.440833333333334,False,3.7781382180379315,Sin dato,Sin dato,Sin dato,Sin dato,Sin dato,Sin dato,6.0,2.0,12.0,4.0,3.0,4.0,10.2,44.65,0,0,Bajo,Ascendente,Bajo valor / Ascendente
1872,49,704,161,3706.45,964,1,656,23.02142857142857,False,155,8.21809958774448,39.30070422535211,32.13916666666667,False,-0.1822241534813434,Sin dato,Sin dato,Sin dato,Sin dato,Sin dato,Sin dato,6.0,2.0,12.0,4.0,3.0,4.0,5.987577639751553,506.21999999999997,1,8,Alto,Descendente,Alto valor / Descendente
1873,25,698,265,5634.78,1979,7,674,21.26332075471698,False,150,8.636890837480257,57.91718309859155,37.97833333333333,False,-0.34426483987172884,35-44,U,15-24K,Unknown,Single Male,None/Unknown,2.0,3.0,1.0,5.0,5.0,3.0,7.467924528301887,914.88,1,9,Alto,Descendente,Alto valor / Descendente
1874,111,692,33,834.29,245,13,582,25.28151515151515,False,94,6.727778969943521,9.420140845070422,8.690833333333334,False,-0.0774200220285174,Sin dato,Sin dato,Sin dato,Sin dato,Sin dato,Sin dato,6.0,2.0,12.0,4.0,3.0,4.0,7.424242424242424,165.88,0,0,Bajo,Descendente,Bajo valor / Descendente
1875,72,693,44,909.05,222,12,622,20.660227272727273,False,73,6.813499543056417,7.014788732394367,30.4375,False,3.3390472844091956,Sin dato,Sin dato,Sin dato,Sin dato,Sin dato,Sin dato,6.0,2.0,12.0,4.0,3.0,4.0,5.045454545454546,131.42000000000002,0,0,Bajo,Ascendente,Bajo valor / Ascendente
1876,75,703,5,86.19,14,2,629,17.238,False,10,4.468089645439724,0.0,4.230833333333333,True,,Sin dato,Sin dato,Sin dato,Sin dato,Sin dato,Sin dato,6.0,2.0,12.0,4.0,3.0,4.0,2.8,6.359999999999999,0,0,Bajo,Sin tendencia disponible,Sin tendencia disponible
1877,33,702,63,1935.16,543,3,670,30.7168253968254,False,99,7.568461909049742,23.535915492957745,4.504166666666666,False,-0.8086258141088936,Sin dato,Sin dato,Sin dato,Sin dato,Sin dato,Sin dato,6.0,2.0,12.0,4.0,3.0,4.0,8.619047619047619,411.77,1,1,Bajo,Descendente,Bajo valor / Descendente
1878,8,702,35,625.64,214,3,695,17.87542857142857,False,79,6.440372213058983,3.435492957746479,18.7275,False,4.451182764840931,Sin dato,Sin dato,Sin dato,Sin dato,Sin dato,Sin dato,6.0,2.0,12.0,4.0,3.0,4.0,6.114285714285714,112.36,0,0,Bajo,Ascendente,Bajo valor / Ascendente
1879,97,680,273,4816.22,2153,25,584,17.641831501831504,False,101,8.479952277167127,57.997323943661975,38.5775,False,-0.334839999902861,65+,A,35-49K,Unknown,Single Male,None/Unknown,5.0,0.0,3.0,5.0,5.0,3.0,7.886446886446887,810.47,1,3,Alto,Descendente,Alto valor / Descendente
1880,66,691,36,773.39,352,14,626,21.483055555555556,False,78,6.65207562265585,6.004788732394367,22.405,False,2.7311887226157525,Sin dato,Sin dato,Sin dato,Sin dato,Sin dato,Sin dato,6.0,2.0,12.0,4.0,3.0,4.0,9.777777777777779,179.58,0,0,Bajo,Ascendente,Bajo valor / Ascendente
1881,105,701,119,2913.96,839,4,597,24.487058823529413,False,104,7.977611376563514,31.067887323943665,37.52833333333333,False,0.20794610016531995,Sin dato,Sin dato,Sin dato,Sin dato,Sin dato,Sin dato,6.0,2.0,12.0,4.0,3.0,4.0,7.050420168067227,302.38,1,2,Alto,Ascendente,Alto valor / Ascendente
1882,65,679,26,405.54,147,26,615,15.59769230769231,False,52,6.007682325130816,2.4874647887323946,5.0525,False,1.0311845308872656,Sin dato,Sin dato,Sin dato,Sin dato,Sin dato,Sin dato,6.0,2.0,12.0,4.0,3.0,4.0,5.653846153846154,67.65,0,0,Bajo,Ascendente,Bajo valor / Ascendente
1883,41,705,126,2460.98,978,0,665,19.5315873015873,False,141,7.808721183234555,28.669718309859153,13.865833333333335,False,-0.5163596243439529,Sin dato,Sin dato,Sin dato,Sin dato,Sin dato,Sin dato,6.0,2.0,12.0,4.0,3.0,4.0,7.761904761904762,501.92999999999995,1,6,Alto,Descendente,Alto valor / Descendente
1884,77,696,29,574.8,146,9,620,19.820689655172412,False,68,6.355760378178076,6.656760563380281,8.430833333333334,False,0.26650692225772116,Sin dato,Sin dato,Sin dato,Sin dato,Sin dato,Sin dato,6.0,2.0,12.0,4.0,3.0,4.0,5.0344827586206895,60.55,0,0,Bajo,Ascendente,Bajo valor / Ascendente
1885,116,672,12,240.69,36,33,557,20.0575,False,22,5.487655913249886,2.0266197183098593,6.5249999999999995,False,2.219646952533185,Sin dato,Sin dato,Sin dato,Sin dato,Sin dato,Sin dato,6.0,2.0,12.0,4.0,3.0,4.0,3.0,6.04,0,0,Bajo,Ascendente,Bajo valor / Ascendente
1886,14,678,31,406.25,143,27,665,13.10483870967742,False,69,6.009427247482154,2.807887323943662,1.1375,False,-0.5948911516853933,Sin dato,Sin dato,Sin dato,Sin dato,Sin dato,Sin dato,6.0,2.0,12.0,4.0,3.0,4.0,4.612903225806452,57.3,0,0,Bajo,Descendente,Bajo valor / Descendente
1887,33,699,88,876.88,333,6,667,9.964545454545455,False,60,6.777509910034658,9.972957746478874,7.535833333333334,False,-0.24437328173841003,Sin dato,Sin dato,Sin dato,Sin dato,Sin dato,Sin dato,6.0,2.0,12.0,4.0,3.0,4.0,3.784090909090909,212.67,1,1,Bajo,Descendente,Bajo valor / Descendente
1888,69,523,11,135.61,63,182,455,12.32818181818182,False,39,4.917130150899396,1.090281690140845,0.0,False,-1.0,Sin dato,Sin dato,Sin dato,Sin dato,Sin dato,Sin dato,6.0,2.0,12.0,4.0,3.0,4.0,5.7272727272727275,16.33,0,0,Bajo,Descendente,Bajo valor / Descendente
1889,97,694,46,1803.8,534,11,598,39.21304347826087,False,129,7.498205061303739,21.741690140845073,16.960833333333333,False,-0.2198935214576613,Sin dato,Sin dato,Sin dato,Sin dato,Sin dato,Sin dato,6.0,2.0,12.0,4.0,3.0,4.0,11.608695652173912,282.29999999999995,1,2,Bajo,Descendente,Bajo valor / Descendente
1890,82,702,50,1908.84,643,3,621,38.1768,False,113,7.554774747898296,15.814929577464786,29.170833333333334,False,0.8445123761347515,Sin dato,Sin dato,Sin dato,Sin dato,Sin dato,Sin dato,6.0,2.0,12.0,4.0,3.0,4.0,12.86,215.95,1,1,Bajo,Ascendente,Bajo valor / Ascendente
1891,95,697,36,1316.77,364,8,603,36.57694444444444,False,84,7.1836961930058365,12.09887323943662,12.704166666666666,False,0.050028908911705555,Sin dato,Sin dato,Sin dato,Sin dato,Sin dato,Sin dato,6.0,2.0,12.0,4.0,3.0,4.0,10.11111111111111,246.94,0,0,Bajo,Ascendente,Bajo valor / Ascendente
1892,107,701,304,5479.84,1923,4,595,18.02578947368421,False,162,8.609013652866699,72.51422535211267,27.444166666666664,False,-0.6215340295865536,35-44,A,35-49K,Homeowner,2 Adults Kids,1,2.0,0.0,3.0,0.0,1.0,0.0,6.3256578947368425,1271.75,1,7,Alto,Descendente,Alto valor / Descendente
1893,90,703,18,373.71,64,2,614,20.761666666666667,False,33,5.926152393460603,3.249718309859155,10.831666666666665,False,2.3331094063768614,Sin dato,Sin dato,Sin dato,Sin dato,Sin dato,Sin dato,6.0,2.0,12.0,4.0,3.0,4.0,3.5555555555555554,23.83,0,0,Bajo,Ascendente,Bajo valor / Ascendente
1894,101,658,42,2335.47,743,47,558,55.606428571428566,False,117,7.756396522340525,28.604647887323946,13.614166666666668,False,-0.5240575335765717,35-44,A,100-124K,Homeowner,2 Adults No Kids,None/Unknown,2.0,0.0,6.0,0.0,2.0,3.0,17.69047619047619,382.07,1,2,Alto,Descendente,Alto valor / Descendente
1895,44,674,49,927.5600000000001,178,31,631,18.929795918367347,False,72,6.833634999060367,4.542253521126761,11.419166666666667,False,1.513987080103359,Sin dato,Sin dato,Sin dato,Sin dato,Sin dato,Sin dato,6.0,2.0,12.0,4.0,3.0,4.0,3.63265306122449,176.23000000000002,1,2,Bajo,Ascendente,Bajo valor / Ascendente
1896,74,705,126,3318.36,1294,0,632,26.336190476190477,False,176,8.107527272243463,33.52,61.541666666666664,False,0.8359685759745423,45-54,A,50-74K,Homeowner,2 Adults No Kids,None/Unknown,3.0,0.0,4.0,0.0,2.0,3.0,10.26984126984127,612.24,1,1,Alto,Ascendente,Alto valor / Ascendente
1897,69,69,1,19.58,5,636,1,19.58,True,5,3.0243197304059035,0.0,0.0,True,,Sin dato,Sin dato,Sin dato,Sin dato,Sin dato,Sin dato,6.0,2.0,12.0,4.0,3.0,4.0,5.0,0.98,0,0,Bajo,Sin tendencia disponible,Sin tendencia disponible
1898,96,704,47,711.14,270,1,609,15.13063829787234,False,67,6.568274521296469,6.017042253521127,17.254166666666666,False,1.8675495267744981,Sin dato,Sin dato,Sin dato,Sin dato,Sin dato,Sin dato,6.0,2.0,12.0,4.0,3.0,4.0,5.74468085106383,250.4,0,0,Bajo,Ascendente,Bajo valor / Ascendente
1899,20,705,69,11276.8,3238,0,686,163.431884057971,False,152,9.330591470569168,113.41014084507042,102.62833333333333,False,-0.09506916604985186,25-34,A,25-34K,Homeowner,2 Adults Kids,1,1.0,0.0,2.0,0.0,1.0,0.0,46.927536231884055,1961.94,1,12,Alto,Descendente,Alto valor / Descendente
1900,111,700,55,8478.35,2143,5,590,154.1518181818182,False,176,9.045389074904719,94.6461971830986,135.60166666666666,False,0.43272176487278535,Sin dato,Sin dato,Sin dato,Sin dato,Sin dato,Sin dato,6.0,2.0,12.0,4.0,3.0,4.0,38.96363636363636,877.61,1,2,Alto,Ascendente,Alto valor / Ascendente
1901,61,705,847,11396.67,4046,0,645,13.455336481700119,False,237,9.341164227528017,124.03915492957748,92.81666666666666,False,-0.25171477732686265,45-54,U,35-49K,Homeowner,2 Adults Kids,1,3.0,3.0,3.0,0.0,1.0,0.0,4.776859504132231,1843.4,1,10,Alto,Descendente,Alto valor / Descendente
1902,61,691,21,1646.0,584,14,631,78.38095238095238,False,118,7.4067107301776405,13.84661971830986,36.93333333333333,False,1.6673176619774657,Sin dato,Sin dato,Sin dato,Sin dato,Sin dato,Sin dato,6.0,2.0,12.0,4.0,3.0,4.0,27.80952380952381,400.98,0,0,Bajo,Ascendente,Bajo valor / Ascendente
1903,71,678,40,1152.32,513,27,608,28.808,False,90,7.050400018623193,11.713521126760563,0.8133333333333334,False,-0.9305645736639172,Sin dato,Sin dato,Sin dato,Sin dato,Sin dato,Sin dato,6.0,2.0,12.0,4.0,3.0,4.0,12.825,288.40999999999997,0,0,Bajo,Descendente,Bajo valor / Descendente
1904,58,670,28,304.26,132,35,613,10.866428571428571,False,55,5.721163872486976,3.3128169014084508,0.8300000000000001,False,-0.7494579312104077,Sin dato,Sin dato,Sin dato,Sin dato,Sin dato,Sin dato,6.0,2.0,12.0,4.0,3.0,4.0,4.714285714285714,52.76,0,0,Bajo,Descendente,Bajo valor / Descendente
1905,11,698,81,1772.91,505,7,688,21.887777777777778,False,128,7.480941428775357,12.381549295774649,13.096666666666666,False,0.0577566953705914,Sin dato,Sin dato,Sin dato,Sin dato,Sin dato,Sin dato,6.0,2.0,12.0,4.0,3.0,4.0,6.234567901234568,252.69,1,3,Bajo,Ascendente,Bajo valor / Ascendente
1906,104,705,162,8613.97,2354,0,602,53.17265432098765,False,181,9.06125666665765,91.23098591549295,140.67583333333334,False,0.5419742746575275,Sin dato,Sin dato,Sin dato,Sin dato,Sin dato,Sin dato,6.0,2.0,12.0,4.0,3.0,4.0,14.530864197530864,1336.87,1,7,Alto,Ascendente,Alto valor / Ascendente
1907,108,704,379,8749.48,3402,1,597,23.08569920844327,False,189,9.076863834989918,88.28802816901408,195.50250000000003,False,1.2143715751102748,25-34,B,50-74K,Unknown,Single Male,None/Unknown,1.0,1.0,4.0,5.0,5.0,3.0,8.976253298153035,1727.85,1,9,Alto,Ascendente,Alto valor / Ascendente
1908,65,588,38,714.3100000000001,273,117,524,18.79763157894737,False,64,6.572716015164806,9.03661971830986,0.0,False,-1.0,Sin dato,Sin dato,Sin dato,Sin dato,Sin dato,Sin dato,6.0,2.0,12.0,4.0,3.0,4.0,7.184210526315789,114.69,0,0,Bajo,Descendente,Bajo valor / Descendente
1909,73,673,22,546.99,227,32,601,24.86318181818182,False,53,6.306257038606333,6.027183098591549,2.7116666666666664,False,-0.5500938627034017,Sin dato,Sin dato,Sin dato,Sin dato,Sin dato,Sin dato,6.0,2.0,12.0,4.0,3.0,4.0,10.318181818181818,89.93,0,0,Bajo,Descendente,Bajo valor / Descendente
1910,22,614,26,741.83,190,91,593,28.53192307692308,False,61,6.610467216385121,5.737605633802817,0.0,False,-1.0,Sin dato,Sin dato,Sin dato,Sin dato,Sin dato,Sin dato,6.0,2.0,12.0,4.0,3.0,4.0,7.3076923076923075,85.7,0,0,Bajo,Descendente,Bajo valor / Descendente
1911,110,704,124,1601.27,501,1,595,12.913467741935484,False,93,7.3791766527529905,19.72112676056338,12.418333333333335,False,-0.37030305194496016,35-44,A,50-74K,Unknown,Single Male,None/Unknown,2.0,0.0,4.0,5.0,5.0,3.0,4.040322580645161,219.32,1,3,Bajo,Descendente,Bajo valor / Descendente
1912,78,693,96,2256.45,854,12,616,23.5046875,False,104,7.72199113665162,25.415352112676057,15.375,False,-0.39505067913925823,Sin dato,Sin dato,Sin dato,Sin dato,Sin dato,Sin dato,6.0,2.0,12.0,4.0,3.0,4.0,8.895833333333334,382.67,1,2,Alto,Descendente,Alto valor / Descendente
1913,3,705,48,835.52,239,0,703,17.406666666666666,False,69,6.729250429286307,10.34943661971831,2.5741666666666667,False,-0.751274705933053,Sin dato,Sin dato,Sin dato,Sin dato,Sin dato,Sin dato,6.0,2.0,12.0,4.0,3.0,4.0,4.979166666666667,201.23,0,0,Bajo,Descendente,Bajo valor / Descendente
1914,35,704,156,4059.37,1160,1,670,26.02160256410256,False,103,8.309029381448344,37.170422535211266,36.48666666666667,False,-0.018395159966149894,55-64,B,75-99K,Homeowner,Single Female,None/Unknown,4.0,1.0,5.0,0.0,4.0,3.0,7.435897435897436,286.92,1,7,Alto,Descendente,Alto valor / Descendente
1915,89,522,27,471.12,139,183,434,17.448888888888888,False,66,6.157233190560868,4.915774647887324,0.0,False,-1.0,Sin dato,Sin dato,Sin dato,Sin dato,Sin dato,Sin dato,6.0,2.0,12.0,4.0,3.0,4.0,5.148148148148148,38.51,0,0,Bajo,Descendente,Bajo valor / Descendente
1916,1,692,150,2885.7,1133,13,692,19.238,False,150,7.967869260165812,31.31394366197183,23.4325,False,-0.2516911873844617,Sin dato,Sin dato,Sin dato,Sin dato,Sin dato,Sin dato,6.0,2.0,12.0,4.0,3.0,4.0,7.553333333333334,537.59,1,7,Alto,Descendente,Alto valor / Descendente
1917,8,703,288,6754.59,2613,2,696,23.4534375,False,173,8.81812558928925,63.406619718309855,70.02166666666666,False,0.10432738691551138,65+,U,15-24K,Unknown,Single Female,None/Unknown,5.0,3.0,1.0,5.0,4.0,3.0,9.072916666666666,1197.5800000000002,1,14,Alto,Ascendente,Alto valor / Ascendente
1918,87,704,69,3012.4900000000002,870,1,618,43.659275362318844,False,135,8.010854154517062,34.06760563380282,19.438333333333333,False,-0.42941885783584155,Sin dato,Sin dato,Sin dato,Sin dato,Sin dato,Sin dato,6.0,2.0,12.0,4.0,3.0,4.0,12.608695652173912,607.18,1,2,Alto,Descendente,Alto valor / Descendente
1919,49,701,99,4049.39,1479,4,653,40.902929292929294,False,142,8.30656845176069,46.2312676056338,41.32416666666666,False,-0.10614247008812612,35-44,A,35-49K,Homeowner,1 Adult Kids,3+,2.0,0.0,3.0,0.0,0.0,2.0,14.93939393939394,918.33,1,7,Alto,Descendente,Alto valor / Descendente
1920,104,702,90,1898.29,586,3,599,21.092111111111112,False,126,7.549235411106662,21.747464788732394,24.455833333333334,False,0.12453720794178164,55-64,A,50-74K,Homeowner,2 Adults No Kids,None/Unknown,4.0,0.0,4.0,0.0,2.0,3.0,6.511111111111111,185.66000000000003,1,4,Bajo,Ascendente,Bajo valor / Ascendente
1921,105,647,104,1460.12,502,58,543,14.039615384615384,False,94,7.286958543901376,18.17676056338028,12.4275,False,-0.3162973150982139,35-44,A,35-49K,Homeowner,2 Adults No Kids,None/Unknown,2.0,0.0,3.0,0.0,2.0,3.0,4.826923076923077,608.44,1,2,Bajo,Descendente,Bajo valor / Descendente
1922,59,698,112,3048.73,1098,7,640,27.220803571428572,False,146,8.02280834109276,31.361690140845067,37.01166666666666,False,0.18015535835114763,Sin dato,Sin dato,Sin dato,Sin dato,Sin dato,Sin dato,6.0,2.0,12.0,4.0,3.0,4.0,9.803571428571429,307.78,1,4,Alto,Ascendente,Alto valor / Ascendente
1923,51,702,166,4851.76,1196,3,652,29.227469879518072,False,160,8.487302894236317,49.182535211267606,65.1475,False,0.32460638151639754,19-24,B,35-49K,Renter,Single Female,None/Unknown,0.0,1.0,3.0,3.0,4.0,3.0,7.204819277108434,456.80999999999995,1,6,Alto,Ascendente,Alto valor / Ascendente
1924,110,702,219,6123.04,2142,3,593,27.959086757990868,False,174,8.719977288434885,71.53943661971832,69.98166666666667,False,-0.021774982116958424,Sin dato,Sin dato,Sin dato,Sin dato,Sin dato,Sin dato,6.0,2.0,12.0,4.0,3.0,4.0,9.780821917808218,1181.82,1,8,Alto,Descendente,Alto valor / Descendente
1925,64,668,118,3019.2,964,37,605,25.5864406779661,False,147,8.013078333341689,32.76211267605634,5.4941666666666675,False,-0.8323012096017242,Sin dato,Sin dato,Sin dato,Sin dato,Sin dato,Sin dato,6.0,2.0,12.0,4.0,3.0,4.0,8.169491525423728,260.95,1,2,Alto,Descendente,Alto valor / Descendente
1926,103,701,73,2145.71,533,4,599,29.393287671232876,False,83,7.671691716561952,24.09112676056338,32.82,False,0.3623273135453998,25-34,U,35-49K,Homeowner,2 Adults No Kids,None/Unknown,1.0,3.0,3.0,0.0,2.0,3.0,7.301369863013699,870.31,0,0,Alto,Ascendente,Alto valor / Ascendente
1927,83,691,98,5097.28,1608,14,609,52.013061224489796,False,151,8.536658506927232,57.73845070422536,64.54083333333334,False,0.1178137367064852,19-24,U,Under 15K,Unknown,Unknown,None/Unknown,0.0,3.0,0.0,5.0,6.0,3.0,16.408163265306122,896.76,1,4,Alto,Ascendente,Alto valor / Ascendente
1928,32,703,112,2299.79,850,2,672,20.533839285714286,False,121,7.741007821202957,22.731830985915494,15.9325,False,-0.29911057275273245,35-44,B,75-99K,Homeowner,2 Adults Kids,1,2.0,1.0,5.0,0.0,1.0,0.0,7.589285714285714,611.91,1,5,Alto,Descendente,Alto valor / Descendente
1929,4,705,62,4395.83,1809,0,702,70.90048387096775,False,139,8.388639105708803,43.81718309859155,55.5625,False,0.2680527608308529,35-44,B,25-34K,Homeowner,Single Male,None/Unknown,2.0,1.0,2.0,0.0,5.0,3.0,29.177419354838708,774.66,1,5,Alto,Ascendente,Alto valor / Ascendente
1930,94,691,182,2674.9,905,14,598,14.697252747252747,False,133,7.8920410513421,29.724084507042253,29.825833333333335,False,0.0034231105172297565,Sin dato,Sin dato,Sin dato,Sin dato,Sin dato,Sin dato,6.0,2.0,12.0,4.0,3.0,4.0,4.972527472527473,409.6,1,5,Alto,Ascendente,Alto valor / Ascendente
1931,60,683,101,2211.08,782,22,624,21.891881188118813,False,99,7.701688528353518,26.3956338028169,14.0525,False,-0.46762028504500847,45-54,U,50-74K,Homeowner,Unknown,None/Unknown,3.0,3.0,4.0,0.0,6.0,3.0,7.742574257425742,641.7199999999999,1,3,Alto,Descendente,Alto valor / Descendente
1932,32,665,72,2666.51,465,40,634,37.03486111111111,False,110,7.8889007319973725,31.912676056338032,3.903333333333333,False,-0.8776870568158414,Sin dato,Sin dato,Sin dato,Sin dato,Sin dato,Sin dato,6.0,2.0,12.0,4.0,3.0,4.0,6.458333333333333,348.3,1,1,Alto,Descendente,Alto valor / Descendente
1933,36,699,84,2168.16,713,6,664,25.81142857142857,False,130,7.682095274819015,24.945774647887326,8.640833333333333,False,-0.6536153534897289,Sin dato,Sin dato,Sin dato,Sin dato,Sin dato,Sin dato,6.0,2.0,12.0,4.0,3.0,4.0,8.488095238095237,379.71000000000004,1,2,Alto,Descendente,Alto valor / Descendente
1934,27,549,15,542.87,226,156,523,36.19133333333333,False,77,6.298710247709686,4.894366197183099,0.0,False,-1.0,Sin dato,Sin dato,Sin dato,Sin dato,Sin dato,Sin dato,6.0,2.0,12.0,4.0,3.0,4.0,15.066666666666666,136.16,0,0,Bajo,Descendente,Bajo valor / Descendente
1935,114,704,174,12224.13,2470,1,591,70.25362068965516,False,155,9.411248948233363,144.19464788732395,148.45333333333335,False,0.02953428236349799,55-64,A,150-174K,Homeowner,2 Adults No Kids,None/Unknown,4.0,0.0,8.0,0.0,2.0,3.0,14.195402298850574,1230.67,1,6,Alto,Ascendente,Alto valor / Ascendente
1936,32,672,462,4995.12,1728,33,641,10.811948051948052,False,157,8.516416890172383,49.343943661971835,41.439166666666665,False,-0.1601975117646948,Sin dato,Sin dato,Sin dato,Sin dato,Sin dato,Sin dato,6.0,2.0,12.0,4.0,3.0,4.0,3.74025974025974,783.26,1,7,Alto,Descendente,Alto valor / Descendente
1937,39,704,158,6742.4400000000005,3017,1,666,42.67367088607595,False,180,8.81632545946052,65.36830985915492,76.17833333333333,False,0.16537101077678315,45-54,A,50-74K,Homeowner,2 Adults No Kids,None/Unknown,3.0,0.0,4.0,0.0,2.0,3.0,19.09493670886076,1119.17,1,6,Alto,Ascendente,Alto valor / Ascendente
1938,65,705,28,1032.95,250,0,641,36.89107142857143,False,84,6.941141697999771,7.983098591549295,17.348333333333333,False,1.1731327922841686,Sin dato,Sin dato,Sin dato,Sin dato,Sin dato,Sin dato,6.0,2.0,12.0,4.0,3.0,4.0,8.928571428571429,120.21,0,0,Bajo,Ascendente,Bajo valor / Ascendente
1939,19,695,74,3635.04,1085,10,677,49.12216216216216,False,147,8.198650456336967,34.48521126760563,52.17583333333334,False,0.5129915524787795,35-44,A,50-74K,Homeowner,2 Adults No Kids,None/Unknown,2.0,0.0,4.0,0.0,2.0,3.0,14.662162162162161,657.85,1,4,Alto,Ascendente,Alto valor / Ascendente
1940,42,704,75,2392.72,1322,1,663,31.90293333333333,False,134,7.780603920213347,23.41056338028169,23.679166666666664,False,0.011473593438217428,Sin dato,Sin dato,Sin dato,Sin dato,Sin dato,Sin dato,6.0,2.0,12.0,4.0,3.0,4.0,17.626666666666665,357.3,1,2,Alto,Ascendente,Alto valor / Ascendente
1941,90,705,132,728.95,410,0,616,5.522348484848485,False,66,6.592976038645989,8.16380281690141,8.305833333333334,False,0.01739759271719315,Sin dato,Sin dato,Sin dato,Sin dato,Sin dato,Sin dato,6.0,2.0,12.0,4.0,3.0,4.0,3.106060606060606,186.29,1,2,Bajo,Ascendente,Bajo valor / Ascendente
1942,102,701,150,3127.19,747,4,600,20.847933333333334,False,163,8.048209841508479,32.35521126760564,42.16833333333333,False,0.30329340100933555,Sin dato,Sin dato,Sin dato,Sin dato,Sin dato,Sin dato,6.0,2.0,12.0,4.0,3.0,4.0,4.98,323.37,1,2,Alto,Ascendente,Alto valor / Ascendente
1943,11,705,212,5116.58,1818,0,695,24.134811320754718,False,143,8.540436950046377,49.460281690140846,45.76083333333333,False,-0.07479634628819641,Sin dato,Sin dato,Sin dato,Sin dato,Sin dato,Sin dato,6.0,2.0,12.0,4.0,3.0,4.0,8.575471698113208,865.4399999999999,1,11,Alto,Descendente,Alto valor / Descendente
1944,89,705,180,10942.880000000001,2941,0,617,60.793777777777784,False,177,9.300535674889936,113.75929577464788,188.39583333333334,False,0.6560917685930223,25-34,U,125-149K,Homeowner,2 Adults Kids,2,1.0,3.0,7.0,0.0,1.0,1.0,16.33888888888889,1372.38,1,12,Alto,Ascendente,Alto valor / Ascendente
1945,50,688,19,1020.57,332,17,639,53.71421052631579,False,77,6.929095938586287,9.349295774647889,22.810833333333335,False,1.4398450838606005,Sin dato,Sin dato,Sin dato,Sin dato,Sin dato,Sin dato,6.0,2.0,12.0,4.0,3.0,4.0,17.473684210526315,138.26,0,0,Bajo,Ascendente,Bajo valor / Ascendente
1946,24,699,49,3312.46,1085,6,676,67.60122448979592,False,113,8.105748239628044,35.257746478873244,33.108333333333334,False,-0.0609628623550248,25-34,U,75-99K,Unknown,Single Male,None/Unknown,1.0,3.0,5.0,5.0,5.0,3.0,22.142857142857142,597.59,1,2,Alto,Descendente,Alto valor / Descendente
1947,114,703,89,7117.72,1965,2,590,79.97438202247191,False,153,8.87048321296361,84.7681690140845,88.76916666666666,False,0.04719929307329239,Sin dato,Sin dato,Sin dato,Sin dato,Sin dato,Sin dato,6.0,2.0,12.0,4.0,3.0,4.0,22.078651685393258,958.0,1,8,Alto,Ascendente,Alto valor / Ascendente
1948,88,703,82,1551.3700000000001,863,2,616,18.919146341463417,False,124,7.347538074391764,16.47225352112676,29.069166666666664,False,0.7647352640234395,35-44,U,50-74K,Homeowner,Single Female,None/Unknown,2.0,3.0,4.0,0.0,4.0,3.0,10.524390243902438,291.91,1,1,Bajo,Ascendente,Bajo valor / Ascendente
1949,81,705,53,1658.3600000000001,549,0,625,31.28981132075472,False,118,7.414187264841424,17.546760563380282,25.885833333333334,False,0.47524856453313213,45-54,U,Under 15K,Unknown,Single Female,None/Unknown,3.0,3.0,0.0,5.0,4.0,3.0,10.358490566037736,350.64,1,1,Bajo,Ascendente,Bajo valor / Ascendente
1950,55,676,31,746.74,285,29,622,24.088387096774195,False,92,6.617055323966937,8.711971830985917,3.748333333333333,False,-0.5697491445046211,Sin dato,Sin dato,Sin dato,Sin dato,Sin dato,Sin dato,6.0,2.0,12.0,4.0,3.0,4.0,9.193548387096774,188.0,1,1,Bajo,Descendente,Bajo valor / Descendente
1951,27,677,18,561.48,140,28,651,31.193333333333335,False,70,6.3323555778909055,4.522535211267606,17.468333333333334,False,2.862509083359286,Sin dato,Sin dato,Sin dato,Sin dato,Sin dato,Sin dato,6.0,2.0,12.0,4.0,3.0,4.0,7.777777777777778,90.45,0,0,Bajo,Ascendente,Bajo valor / Ascendente
1952,81,705,36,1003.87,255,0,625,27.885277777777777,False,78,6.912613458892494,2.4774647887323944,61.81,False,23.948891415577034,Sin dato,Sin dato,Sin dato,Sin dato,Sin dato,Sin dato,6.0,2.0,12.0,4.0,3.0,4.0,7.083333333333333,209.17000000000002,0,0,Bajo,Ascendente,Bajo valor / Ascendente
1953,73,700,112,2693.93,838,5,628,24.052946428571428,False,114,7.8991275089797925,33.80957746478873,15.472499999999998,False,-0.5423634023195362,45-54,U,50-74K,Homeowner,Unknown,None/Unknown,3.0,3.0,4.0,0.0,6.0,3.0,7.482142857142857,421.49999999999994,1,2,Alto,Descendente,Alto valor / Descendente
1954,27,683,143,1965.65,615,22,657,13.745804195804196,False,108,7.584086866613521,23.164225352112677,16.198333333333334,False,-0.30071767619649853,Sin dato,Sin dato,Sin dato,Sin dato,Sin dato,Sin dato,6.0,2.0,12.0,4.0,3.0,4.0,4.300699300699301,266.69,1,7,Bajo,Descendente,Bajo valor / Descendente
1955,15,704,156,7634.5,2354,1,690,48.93910256410256,False,151,8.940563703393236,82.3438028169014,68.9575,False,-0.16256600204227892,25-34,U,35-49K,Unknown,Single Male,None/Unknown,1.0,3.0,3.0,5.0,5.0,3.0,15.08974358974359,1240.63,1,11,Alto,Descendente,Alto valor / Descendente
1956,42,705,60,2174.55,566,0,664,36.2425,False,118,7.685036785118872,13.50394366197183,73.7425,False,4.4608121779761785,Sin dato,Sin dato,Sin dato,Sin dato,Sin dato,Sin dato,6.0,2.0,12.0,4.0,3.0,4.0,9.433333333333334,352.37,0,0,Alto,Ascendente,Alto valor / Ascendente
1957,33,684,44,1994.23,665,21,652,45.32340909090909,False,113,7.598514610899339,20.722957746478873,23.901666666666667,False,0.15339069639940286,Sin dato,Sin dato,Sin dato,Sin dato,Sin dato,Sin dato,6.0,2.0,12.0,4.0,3.0,4.0,15.113636363636363,321.68,1,2,Bajo,Ascendente,Bajo valor / Ascendente
1958,60,704,34,912.57,441,1,645,26.840294117647062,False,111,6.81736000123475,8.644647887323943,18.2725,False,1.1137356012838688,Sin dato,Sin dato,Sin dato,Sin dato,Sin dato,Sin dato,6.0,2.0,12.0,4.0,3.0,4.0,12.970588235294118,170.41000000000003,0,0,Bajo,Ascendente,Bajo valor / Ascendente
1959,69,671,104,5592.54,1591,34,603,53.77442307692308,False,142,8.629367639419009,61.540140845070425,22.176666666666666,False,-0.6396390004615485,Sin dato,Sin dato,Sin dato,Sin dato,Sin dato,Sin dato,6.0,2.0,12.0,4.0,3.0,4.0,15.298076923076923,1136.81,1,3,Alto,Descendente,Alto valor / Descendente
1960,79,695,91,2612.73,570,10,617,28.71131868131868,False,90,7.868533598872344,27.543661971830986,34.66416666666667,False,0.2585169939319561,Sin dato,Sin dato,Sin dato,Sin dato,Sin dato,Sin dato,6.0,2.0,12.0,4.0,3.0,4.0,6.263736263736264,665.86,0,0,Alto,Ascendente,Alto valor / Ascendente
1961,33,693,92,1634.22,608,12,661,17.76326086956522,False,114,7.399532630854353,10.784366197183099,37.825833333333335,False,2.507469297844646,Sin dato,Sin dato,Sin dato,Sin dato,Sin dato,Sin dato,6.0,2.0,12.0,4.0,3.0,4.0,6.608695652173913,292.81,1,3,Bajo,Ascendente,Bajo valor / Ascendente
1962,75,705,131,3489.41,1120,0,631,26.636717557251906,False,147,8.157774486806442,40.40760563380282,45.89833333333333,False,0.13588352027810505,65+,U,25-34K,Unknown,2 Adults No Kids,None/Unknown,5.0,3.0,2.0,5.0,2.0,3.0,8.549618320610687,361.15,1,2,Alto,Ascendente,Alto valor / Ascendente
1963,71,704,50,2542.45,992,1,634,50.849,False,128,7.8412767061179585,26.113521126760563,39.03416666666667,False,0.494787565307128,Sin dato,Sin dato,Sin dato,Sin dato,Sin dato,Sin dato,6.0,2.0,12.0,4.0,3.0,4.0,19.84,441.0,1,2,Alto,Ascendente,Alto valor / Ascendente
1964,115,703,67,1976.1100000000001,967,2,589,29.494179104477613,False,130,7.589391461481148,23.191549295774646,23.066666666666666,False,-0.00538483339406446,65+,U,Under 15K,Renter,Single Male,None/Unknown,5.0,3.0,0.0,3.0,5.0,3.0,14.432835820895523,443.7,1,1,Bajo,Descendente,Bajo valor / Descendente
1965,109,700,162,4118.99,1035,5,592,25.425864197530863,False,129,8.32360601515616,52.01422535211268,31.308333333333334,False,-0.398081330224758,25-34,A,50-74K,Homeowner,2 Adults Kids,1,1.0,0.0,4.0,0.0,1.0,0.0,6.388888888888889,691.59,1,7,Alto,Descendente,Alto valor / Descendente
1966,117,705,127,5117.68,2284,0,589,40.296692913385826,False,178,8.540651872294198,60.6430985915493,45.24916666666667,False,-0.2538447454435944,Sin dato,Sin dato,Sin dato,Sin dato,Sin dato,Sin dato,6.0,2.0,12.0,4.0,3.0,4.0,17.984251968503937,990.5699999999999,1,8,Alto,Descendente,Alto valor / Descendente
1967,17,705,73,1802.93,793,0,689,24.697671232876715,False,128,7.4977228972089724,19.143943661971832,28.035,False,0.4644318064772442,Sin dato,Sin dato,Sin dato,Sin dato,Sin dato,Sin dato,6.0,2.0,12.0,4.0,3.0,4.0,10.863013698630137,271.23,0,0,Bajo,Ascendente,Bajo valor / Ascendente
1968,66,704,88,2449.32,946,1,639,27.83318181818182,False,129,7.803973907254634,23.43605633802817,51.11416666666667,False,1.1810054528554372,Sin dato,Sin dato,Sin dato,Sin dato,Sin dato,Sin dato,6.0,2.0,12.0,4.0,3.0,4.0,10.75,457.08,1,3,Alto,Ascendente,Alto valor / Ascendente
1969,78,702,227,2217.49,1120,3,625,9.768678414096915,False,111,7.704582063258658,26.4187323943662,15.829166666666666,False,-0.4008354969354154,Sin dato,Sin dato,Sin dato,Sin dato,Sin dato,Sin dato,6.0,2.0,12.0,4.0,3.0,4.0,4.933920704845815,664.84,1,3,Alto,Descendente,Alto valor / Descendente
1970,67,705,68,1085.1200000000001,416,0,639,15.95764705882353,False,81,6.99036699162708,12.214788732394366,4.3475,False,-0.6440789852983568,Sin dato,Sin dato,Sin dato,Sin dato,Sin dato,Sin dato,6.0,2.0,12.0,4.0,3.0,4.0,6.117647058823529,224.79,1,1,Bajo,Descendente,Bajo valor / Descendente
1971,25,696,155,5297.13,1489,9,672,34.17503225806452,False,150,8.575109207092318,54.919295774647885,8.428333333333333,False,-0.8465323851216595,Sin dato,Sin dato,Sin dato,Sin dato,Sin dato,Sin dato,6.0,2.0,12.0,4.0,3.0,4.0,9.606451612903227,743.62,1,5,Alto,Descendente,Alto valor / Descendente
1972,117,705,120,2435.73,1077,0,589,20.29775,False,147,7.79841225553,27.63,38.66416666666667,False,0.39935456629267707,Sin dato,Sin dato,Sin dato,Sin dato,Sin dato,Sin dato,6.0,2.0,12.0,4.0,3.0,4.0,8.975,400.88,1,3,Alto,Ascendente,Alto valor / Ascendente
1973,56,586,130,1683.55,383,119,531,12.950384615384616,False,74,7.429253744804432,17.396338028169016,0.0,False,-1.0,Sin dato,Sin dato,Sin dato,Sin dato,Sin dato,Sin dato,6.0,2.0,12.0,4.0,3.0,4.0,2.9461538461538463,157.82999999999998,0,0,Bajo,Descendente,Bajo valor / Descendente
1974,25,510,198,5266.0,1533,195,486,26.595959595959595,False,147,8.569216219483389,59.408309859154926,0.0,False,-1.0,Sin dato,Sin dato,Sin dato,Sin dato,Sin dato,Sin dato,6.0,2.0,12.0,4.0,3.0,4.0,7.742424242424242,828.8,1,5,Alto,Descendente,Alto valor / Descendente
1975,46,704,360,17402.54,4021,1,659,48.34038888888889,False,215,9.76442891278569,191.74845070422535,179.89,False,-0.06184378888420427,35-44,B,75-99K,Renter,Single Male,None/Unknown,2.0,1.0,5.0,3.0,5.0,3.0,11.169444444444444,1879.7,1,14,Alto,Descendente,Alto valor / Descendente
1976,73,693,164,3522.84,1378,12,621,21.480731707317073,False,162,8.167306583074133,38.45549295774648,43.3525,False,0.1273421991400338,25-34,A,50-74K,Homeowner,2 Adults Kids,3+,1.0,0.0,4.0,0.0,1.0,2.0,8.402439024390244,535.66,1,7,Alto,Ascendente,Alto valor / Ascendente
1977,111,640,30,357.99,83,65,530,11.933,False,41,5.883294532947113,4.2792957746478875,4.233333333333333,False,-0.010740655410372047,Sin dato,Sin dato,Sin dato,Sin dato,Sin dato,Sin dato,6.0,2.0,12.0,4.0,3.0,4.0,2.7666666666666666,104.4,0,0,Bajo,Descendente,Bajo valor / Descendente
1978,31,684,88,1458.43,525,21,654,16.573068181818183,False,111,7.285801227513279,16.474366197183098,9.049999999999999,False,-0.45066171944463446,Sin dato,Sin dato,Sin dato,Sin dato,Sin dato,Sin dato,6.0,2.0,12.0,4.0,3.0,4.0,5.965909090909091,188.19,1,6,Bajo,Descendente,Bajo valor / Descendente
1979,41,689,100,1141.79,375,16,649,11.4179,False,78,7.041227919880811,11.973098591549297,11.891666666666666,False,-0.006801240652950644,45-54,U,150-174K,Unknown,2 Adults Kids,1,3.0,3.0,8.0,5.0,1.0,0.0,3.75,284.02000000000004,1,3,Bajo,Descendente,Bajo valor / Descendente
1980,46,662,54,4443.15,1317,43,617,82.28055555555555,False,155,8.399343903565226,49.02295774647887,31.162499999999998,False,-0.3643284405409366,55-64,A,50-74K,Homeowner,Single Female,None/Unknown,4.0,0.0,4.0,0.0,4.0,3.0,24.38888888888889,858.5500000000001,1,1,Alto,Descendente,Alto valor / Descendente
1981,79,688,98,1406.42,559,17,610,14.35122448979592,False,100,7.249513520032587,14.17,18.00583333333333,False,0.2707010115266995,Sin dato,Sin dato,Sin dato,Sin dato,Sin dato,Sin dato,6.0,2.0,12.0,4.0,3.0,4.0,5.704081632653061,486.01000000000005,1,1,Bajo,Ascendente,Bajo valor / Ascendente
1982,107,705,159,4146.27,1611,0,599,26.077169811320758,False,113,8.330205565433479,47.21521126760564,39.10666666666666,False,-0.17173585340922218,25-34,U,100-124K,Unknown,Single Male,None/Unknown,1.0,3.0,6.0,5.0,5.0,3.0,10.132075471698114,508.18,1,2,Alto,Descendente,Alto valor / Descendente
1983,80,704,38,2497.9,636,1,625,65.73421052631579,False,139,7.823605914027888,18.255774647887325,42.54416666666667,False,1.330449815866354,Sin dato,Sin dato,Sin dato,Sin dato,Sin dato,Sin dato,6.0,2.0,12.0,4.0,3.0,4.0,16.736842105263158,328.59000000000003,0,0,Alto,Ascendente,Alto valor / Ascendente
1984,613,645,3,38.94,15,60,33,12.979999999999999,True,9,3.6873783279876693,0.08450704225352113,2.7449999999999997,True,,Sin dato,Sin dato,Sin dato,Sin dato,Sin dato,Sin dato,6.0,2.0,12.0,4.0,3.0,4.0,5.0,12.26,0,0,Bajo,Sin tendencia disponible,Sin tendencia disponible
1985,41,705,153,8521.63,2563,0,665,55.69692810457516,False,169,9.05048025763582,94.34,115.86500000000001,False,0.22816408734365068,25-34,U,50-74K,Unknown,Unknown,3+,1.0,3.0,4.0,5.0,6.0,2.0,16.751633986928105,1212.0099999999998,1,12,Alto,Ascendente,Alto valor / Ascendente
1986,71,637,12,230.06,97,68,567,19.171666666666667,False,58,5.442677417054872,1.7449295774647888,0.635,False,-0.6360884655742998,Sin dato,Sin dato,Sin dato,Sin dato,Sin dato,Sin dato,6.0,2.0,12.0,4.0,3.0,4.0,8.083333333333334,54.86,0,0,Bajo,Descendente,Bajo valor / Descendente
1987,106,702,75,1962.57,919,3,597,26.1676,False,149,7.582519524006482,22.762816901408453,28.534166666666668,False,0.2535428629178628,Sin dato,Sin dato,Sin dato,Sin dato,Sin dato,Sin dato,6.0,2.0,12.0,4.0,3.0,4.0,12.253333333333334,663.33,1,1,Bajo,Ascendente,Bajo valor / Ascendente
1988,73,704,184,7907.93,1707,1,632,42.97788043478261,False,158,8.975747779803806,77.90140845070422,131.705,False,0.6906626288193819,Sin dato,Sin dato,Sin dato,Sin dato,Sin dato,Sin dato,6.0,2.0,12.0,4.0,3.0,4.0,9.277173913043478,1401.38,1,1,Alto,Ascendente,Alto valor / Ascendente
1989,76,703,152,3034.95,1362,2,628,19.966776315789474,False,112,8.018279669341696,34.17718309859155,37.01,False,0.082886201979741,65+,U,15-24K,Homeowner,Single Female,None/Unknown,5.0,3.0,1.0,0.0,4.0,3.0,8.960526315789474,698.87,1,3,Alto,Ascendente,Alto valor / Ascendente
1990,84,702,131,4593.26,1343,3,619,35.063053435114504,False,128,8.432562977207,52.19042253521127,56.95166666666666,False,0.09122831163597359,35-44,A,125-149K,Homeowner,2 Adults Kids,3+,2.0,0.0,7.0,0.0,1.0,2.0,10.251908396946565,861.6899999999999,1,3,Alto,Ascendente,Alto valor / Ascendente
1991,81,702,44,304.68,121,3,622,6.924545454545455,False,38,5.722538803138645,3.384929577464789,2.4841666666666664,False,-0.26610979347841174,Sin dato,Sin dato,Sin dato,Sin dato,Sin dato,Sin dato,6.0,2.0,12.0,4.0,3.0,4.0,2.75,36.44,0,0,Bajo,Descendente,Bajo valor / Descendente
1992,99,684,30,528.65,148,21,586,17.621666666666666,False,57,6.272216411042505,6.76887323943662,2.8558333333333334,False,-0.5780932464956269,Sin dato,Sin dato,Sin dato,Sin dato,Sin dato,Sin dato,6.0,2.0,12.0,4.0,3.0,4.0,4.933333333333334,105.7,0,0,Bajo,Descendente,Bajo valor / Descendente
1993,95,692,82,1359.33,580,13,598,16.57719512195122,False,113,7.215482596354885,13.074647887323943,16.4925,False,0.26141064311106327,Sin dato,Sin dato,Sin dato,Sin dato,Sin dato,Sin dato,6.0,2.0,12.0,4.0,3.0,4.0,7.073170731707317,336.08,1,1,Bajo,Ascendente,Bajo valor / Ascendente
1994,47,671,40,988.07,364,34,625,24.70175,False,93,6.896765107682234,8.926901408450705,11.041666666666666,False,0.23689801885948975,Sin dato,Sin dato,Sin dato,Sin dato,Sin dato,Sin dato,6.0,2.0,12.0,4.0,3.0,4.0,9.1,203.88,0,0,Bajo,Ascendente,Bajo valor / Ascendente
1995,118,705,150,15060.52,4374,0,588,100.40346666666667,False,222,9.619898425875707,163.82957746478874,249.40416666666667,False,0.5223390704298809,25-34,B,25-34K,Unknown,1 Adult Kids,2,1.0,1.0,2.0,5.0,0.0,1.0,29.16,2456.66,1,11,Alto,Ascendente,Alto valor / Ascendente
1996,41,687,118,2647.9700000000003,695,18,647,22.44042372881356,False,117,7.881926164179629,29.667464788732392,24.64,False,-0.16946054624262355,Sin dato,Sin dato,Sin dato,Sin dato,Sin dato,Sin dato,6.0,2.0,12.0,4.0,3.0,4.0,5.889830508474576,334.55000000000007,1,2,Alto,Descendente,Alto valor / Descendente
1997,71,705,66,4276.88,1249,0,635,64.80121212121212,False,149,8.361212838758044,46.76112676056338,70.5675,False,0.5091060649871688,25-34,U,50-74K,Unknown,Single Male,None/Unknown,1.0,3.0,4.0,5.0,5.0,3.0,18.924242424242426,486.77,1,4,Alto,Ascendente,Alto valor / Ascendente
1998,66,698,330,2379.6,1690,7,633,7.210909090909091,False,88,7.775107835733779,27.64281690140845,15.840000000000002,False,-0.4269759099987771,Sin dato,Sin dato,Sin dato,Sin dato,Sin dato,Sin dato,6.0,2.0,12.0,4.0,3.0,4.0,5.121212121212121,594.07,1,5,Alto,Descendente,Alto valor / Descendente
1999,115,696,51,780.33,315,9,582,15.300588235294118,False,81,6.660997595808089,6.309295774647887,23.374166666666667,False,2.7047187992975568,Sin dato,Sin dato,Sin dato,Sin dato,Sin dato,Sin dato,6.0,2.0,12.0,4.0,3.0,4.0,6.176470588235294,156.94,0,0,Bajo,Ascendente,Bajo valor / Ascendente
2000,50,680,60,543.85,208,25,631,9.064166666666667,False,65,6.300510527422895,6.467887323943662,1.1441666666666668,False,-0.8231004021311499,Sin dato,Sin dato,Sin dato,Sin dato,Sin dato,Sin dato,6.0,2.0,12.0,4.0,3.0,4.0,3.466666666666667,158.29999999999998,0,0,Bajo,Descendente,Bajo valor / Descendente
2001,32,691,35,1214.28,377,14,660,34.693714285714286,False,114,7.1027297818994075,6.554929577464788,39.01833333333334,False,4.95251754762928,Sin dato,Sin dato,Sin dato,Sin dato,Sin dato,Sin dato,6.0,2.0,12.0,4.0,3.0,4.0,10.771428571428572,220.3,0,0,Bajo,Ascendente,Bajo valor / Ascendente
2002,17,687,63,2465.12,948,18,671,39.12888888888889,False,137,7.810401344340829,25.094225352112677,25.3025,False,0.00829970421341527,35-44,U,35-49K,Homeowner,Single Female,None/Unknown,2.0,3.0,3.0,0.0,4.0,3.0,15.047619047619047,672.14,1,1,Alto,Ascendente,Alto valor / Ascendente
2003,35,701,40,1905.02,755,4,667,47.6255,False,137,7.552772577338528,17.620845070422533,39.18833333333333,False,1.223975818226386,Sin dato,Sin dato,Sin dato,Sin dato,Sin dato,Sin dato,6.0,2.0,12.0,4.0,3.0,4.0,18.875,250.42000000000002,0,0,Bajo,Ascendente,Bajo valor / Ascendente
2004,69,701,244,9846.32,3527,4,633,40.353770491803274,False,166,9.19495461592705,104.60859154929578,139.91083333333333,False,0.33746981257654834,45-54,U,50-74K,Unknown,Unknown,None/Unknown,3.0,3.0,4.0,5.0,6.0,3.0,14.454918032786885,1606.64,1,10,Alto,Ascendente,Alto valor / Ascendente
2005,64,705,52,1439.19,600,0,642,27.67673076923077,False,109,7.272530328310588,17.55394366197183,15.344166666666666,False,-0.12588493149219432,Sin dato,Sin dato,Sin dato,Sin dato,Sin dato,Sin dato,6.0,2.0,12.0,4.0,3.0,4.0,11.538461538461538,346.67,0,0,Bajo,Descendente,Bajo valor / Descendente
2006,21,701,106,4670.19,1634,4,681,44.05839622641509,False,147,8.449169136189505,37.44507042253521,105.15249999999999,False,1.808180057172948,45-54,U,Under 15K,Unknown,Single Male,None/Unknown,3.0,3.0,0.0,5.0,5.0,3.0,15.415094339622641,1226.87,1,5,Alto,Ascendente,Alto valor / Ascendente
2007,62,701,188,8712.8,2343,4,640,46.34468085106383,False,170,9.072663254841814,90.17338028169014,136.27583333333334,False,0.5112645539917103,45-54,A,50-74K,Homeowner,2 Adults Kids,1,3.0,0.0,4.0,0.0,1.0,0.0,12.462765957446809,1290.23,1,10,Alto,Ascendente,Alto valor / Ascendente
2008,8,700,68,2332.45,787,5,693,34.30073529411764,False,136,7.755103138119383,27.368450704225353,26.723333333333333,False,-0.023571570706135074,Sin dato,Sin dato,Sin dato,Sin dato,Sin dato,Sin dato,6.0,2.0,12.0,4.0,3.0,4.0,11.573529411764707,318.44,1,3,Alto,Descendente,Alto valor / Descendente
2009,3,316,33,1506.88,403,389,314,45.663030303030304,True,111,7.3184599698047785,0.895774647887324,0.0,True,,Sin dato,Sin dato,Sin dato,Sin dato,Sin dato,Sin dato,6.0,2.0,12.0,4.0,3.0,4.0,12.212121212121213,300.48,1,1,Bajo,Sin tendencia disponible,Sin tendencia disponible
2010,105,694,55,1505.96,497,11,590,27.38109090909091,False,92,7.317849655473964,8.053098591549295,61.57416666666666,False,6.646021710361393,Sin dato,Sin dato,Sin dato,Sin dato,Sin dato,Sin dato,6.0,2.0,12.0,4.0,3.0,4.0,9.036363636363637,247.7,0,0,Bajo,Ascendente,Bajo valor / Ascendente
2011,57,697,103,1349.58,464,8,641,13.10271844660194,False,61,7.208289408797721,15.991830985915493,13.096666666666666,False,-0.18104020245078187,45-54,U,75-99K,Homeowner,Single Male,None/Unknown,3.0,3.0,5.0,0.0,5.0,3.0,4.504854368932039,326.13,1,3,Bajo,Descendente,Bajo valor / Descendente
2012,69,705,303,8535.06,2960,0,637,28.168514851485146,False,157,9.052054822010307,88.43887323943662,119.57666666666667,False,0.352082656491208,45-54,A,25-34K,Renter,Single Male,None/Unknown,3.0,0.0,2.0,3.0,5.0,3.0,9.768976897689768,1974.6399999999999,1,6,Alto,Ascendente,Alto valor / Ascendente
2013,51,616,94,1182.47,521,89,566,12.579468085106383,False,127,7.0762060800903,15.157605633802818,0.0,False,-1.0,19-24,U,25-34K,Unknown,Single Female,None/Unknown,0.0,3.0,2.0,5.0,4.0,3.0,5.542553191489362,216.5,1,2,Bajo,Descendente,Bajo valor / Descendente
2014,110,704,44,1489.89,674,1,595,33.86113636363637,False,106,7.307128536053887,15.917887323943663,26.853333333333335,False,0.6869910426455017,Sin dato,Sin dato,Sin dato,Sin dato,Sin dato,Sin dato,6.0,2.0,12.0,4.0,3.0,4.0,15.318181818181818,268.78,1,1,Bajo,Ascendente,Bajo valor / Ascendente
2015,72,705,122,6628.7,2009,0,634,54.333606557377045,False,161,8.799314833287369,67.98577464788733,89.415,False,0.31520160596976593,Sin dato,Sin dato,Sin dato,Sin dato,Sin dato,Sin dato,6.0,2.0,12.0,4.0,3.0,4.0,16.4672131147541,1024.5900000000001,1,6,Alto,Ascendente,Alto valor / Ascendente
2016,42,700,126,1728.53,866,5,659,13.718492063492063,False,116,7.455604974280555,18.36,11.880833333333333,False,-0.3528957879448075,Sin dato,Sin dato,Sin dato,Sin dato,Sin dato,Sin dato,6.0,2.0,12.0,4.0,3.0,4.0,6.873015873015873,457.86,1,2,Bajo,Descendente,Bajo valor / Descendente
2017,70,705,168,6963.38,2598,0,636,41.44869047619048,False,172,8.848563865740575,76.96352112676057,115.71916666666668,False,0.5035586336554786,45-54,A,75-99K,Homeowner,2 Adults No Kids,None/Unknown,3.0,0.0,5.0,0.0,2.0,3.0,15.464285714285714,1240.51,1,7,Alto,Ascendente,Alto valor / Ascendente
2018,4,705,146,3969.26,1345,0,702,27.186712328767126,False,157,8.286586862720661,32.61464788732394,100.00083333333333,False,2.066132545070334,45-54,U,50-74K,Unknown,Unknown,None/Unknown,3.0,3.0,4.0,5.0,6.0,3.0,9.212328767123287,563.25,1,3,Alto,Ascendente,Alto valor / Ascendente
2019,103,705,331,12941.41,3740,0,603,39.097915407854984,False,186,9.468264794917612,139.01084507042253,255.6875,False,0.8393349085135723,Sin dato,Sin dato,Sin dato,Sin dato,Sin dato,Sin dato,6.0,2.0,12.0,4.0,3.0,4.0,11.299093655589123,2460.95,1,10,Alto,Ascendente,Alto valor / Ascendente
2020,61,705,252,8458.210000000001,2768,0,645,33.5643253968254,False,184,9.04301106762537,102.5049295774648,68.37916666666668,False,-0.33291826111649264,35-44,A,100-124K,Unknown,2 Adults Kids,3+,2.0,0.0,6.0,5.0,1.0,2.0,10.984126984126984,1262.62,1,6,Alto,Descendente,Alto valor / Descendente
2021,46,703,77,1393.24,469,2,658,18.094025974025975,False,86,7.240104742929077,13.270281690140846,14.868333333333332,False,0.12042333994912542,Sin dato,Sin dato,Sin dato,Sin dato,Sin dato,Sin dato,6.0,2.0,12.0,4.0,3.0,4.0,6.090909090909091,302.35,1,1,Bajo,Ascendente,Bajo valor / Ascendente
2022,94,702,86,7875.78,1993,3,609,91.57883720930232,False,208,8.97167446989854,91.4338028169014,82.91916666666667,False,-0.09312350452365542,Sin dato,Sin dato,Sin dato,Sin dato,Sin dato,Sin dato,6.0,2.0,12.0,4.0,3.0,4.0,23.174418604651162,1073.77,0,0,Alto,Descendente,Alto valor / Descendente
2023,93,703,107,1787.15,441,2,611,16.702336448598132,False,75,7.4889368448321205,17.995492957746478,35.81333333333333,False,0.9901279402249912,45-54,U,35-49K,Homeowner,2 Adults Kids,1,3.0,3.0,3.0,0.0,1.0,0.0,4.121495327102804,491.12,0,0,Bajo,Ascendente,Bajo valor / Ascendente
2024,56,705,98,4886.69,1219,0,650,49.864183673469384,False,166,8.494475078218327,50.61295774647887,81.33666666666666,False,0.6070324732666948,25-34,B,125-149K,Homeowner,2 Adults No Kids,None/Unknown,1.0,1.0,7.0,0.0,2.0,3.0,12.438775510204081,636.7900000000001,1,5,Alto,Ascendente,Alto valor / Ascendente
2025,60,685,33,1119.54,245,20,626,33.92545454545454,False,85,7.021565990952762,10.292112676056338,17.769166666666667,False,0.7264838839167603,Sin dato,Sin dato,Sin dato,Sin dato,Sin dato,Sin dato,6.0,2.0,12.0,4.0,3.0,4.0,7.424242424242424,117.41000000000001,0,0,Bajo,Ascendente,Bajo valor / Ascendente
2026,104,675,18,1181.63,401,30,572,65.64611111111111,False,86,7.0754960508985585,14.017323943661973,13.87,False,-0.010510133336012903,Sin dato,Sin dato,Sin dato,Sin dato,Sin dato,Sin dato,6.0,2.0,12.0,4.0,3.0,4.0,22.27777777777778,660.13,0,0,Bajo,Descendente,Bajo valor / Descendente
2027,25,690,133,1915.28,706,15,666,14.400601503759399,False,123,7.558141085640776,24.00323943661972,8.245,False,-0.65650469713595,Sin dato,Sin dato,Sin dato,Sin dato,Sin dato,Sin dato,6.0,2.0,12.0,4.0,3.0,4.0,5.30827067669173,506.75,1,4,Bajo,Descendente,Bajo valor / Descendente
2028,16,693,91,1984.73,661,12,678,21.810219780219782,False,98,7.593741883701222,19.9412676056338,19.365,False,-0.028898243433180513,Sin dato,Sin dato,Sin dato,Sin dato,Sin dato,Sin dato,6.0,2.0,12.0,4.0,3.0,4.0,7.263736263736264,322.83,0,0,Bajo,Descendente,Bajo valor / Descendente
2029,106,671,46,1688.9,460,34,566,36.71521739130435,False,90,7.432424634568778,19.669436619718308,14.4125,False,-0.2672642191718044,Sin dato,Sin dato,Sin dato,Sin dato,Sin dato,Sin dato,6.0,2.0,12.0,4.0,3.0,4.0,10.0,367.3,1,2,Bajo,Descendente,Bajo valor / Descendente
2030,110,696,86,2568.81,982,9,587,29.869883720930233,False,148,7.851587245195222,31.69816901408451,21.5575,False,-0.3199133997165163,35-44,B,75-99K,Homeowner,Single Female,None/Unknown,2.0,1.0,5.0,0.0,4.0,3.0,11.418604651162791,475.9,1,5,Alto,Descendente,Alto valor / Descendente
2031,112,683,15,306.37,144,22,572,20.424666666666667,False,51,5.728052233628939,0.9094366197183098,18.07166666666667,True,,Sin dato,Sin dato,Sin dato,Sin dato,Sin dato,Sin dato,6.0,2.0,12.0,4.0,3.0,4.0,9.6,54.23,0,0,Bajo,Sin tendencia disponible,Sin tendencia disponible
2032,68,704,66,1274.78,241,1,637,19.314848484848483,False,78,7.151313035246665,14.738309859154931,12.071666666666667,False,-0.18093276759491095,Sin dato,Sin dato,Sin dato,Sin dato,Sin dato,Sin dato,6.0,2.0,12.0,4.0,3.0,4.0,3.6515151515151514,141.17,1,1,Bajo,Descendente,Bajo valor / Descendente
2033,72,697,105,2426.42,570,8,626,23.108761904761906,False,131,7.794584243906671,29.081408450704227,15.495833333333332,False,-0.46715671080373383,Sin dato,Sin dato,Sin dato,Sin dato,Sin dato,Sin dato,6.0,2.0,12.0,4.0,3.0,4.0,5.428571428571429,231.04,1,1,Alto,Descendente,Alto valor / Descendente
2034,70,704,138,3066.12,1203,1,635,22.218260869565217,False,116,8.02849428953078,35.613239436619715,43.54833333333334,False,0.2228130330810141,Sin dato,Sin dato,Sin dato,Sin dato,Sin dato,Sin dato,6.0,2.0,12.0,4.0,3.0,4.0,8.717391304347826,651.5600000000001,1,2,Alto,Ascendente,Alto valor / Ascendente
2035,44,642,68,1083.6200000000001,483,63,599,15.93558823529412,False,107,6.9889849742148185,13.091549295774648,2.7866666666666666,False,-0.7871400394477317,Sin dato,Sin dato,Sin dato,Sin dato,Sin dato,Sin dato,6.0,2.0,12.0,4.0,3.0,4.0,7.102941176470588,296.4200000000001,1,1,Bajo,Descendente,Bajo valor / Descendente
2036,116,704,47,3883.18,1132,1,589,82.62085106382979,False,150,8.26466717231265,40.63422535211268,80.96416666666667,False,0.9925116318836661,Sin dato,Sin dato,Sin dato,Sin dato,Sin dato,Sin dato,6.0,2.0,12.0,4.0,3.0,4.0,24.085106382978722,391.97999999999996,1,2,Alto,Ascendente,Alto valor / Ascendente
2037,97,698,97,1743.97,711,7,602,17.979072164948455,False,115,7.464492642511667,17.95985915492958,24.504166666666666,False,0.3643852357239017,Sin dato,Sin dato,Sin dato,Sin dato,Sin dato,Sin dato,6.0,2.0,12.0,4.0,3.0,4.0,7.329896907216495,320.27,1,4,Bajo,Ascendente,Bajo valor / Ascendente
2038,27,703,59,1489.8,387,2,677,25.250847457627117,False,89,7.307068167605103,14.878169014084506,28.949166666666667,False,0.9457479370789355,Sin dato,Sin dato,Sin dato,Sin dato,Sin dato,Sin dato,6.0,2.0,12.0,4.0,3.0,4.0,6.559322033898305,289.22,0,0,Bajo,Ascendente,Bajo valor / Ascendente
2039,11,701,71,2199.66,721,4,691,30.981126760563377,False,111,7.696512594355405,0.0,92.795,True,,Sin dato,Sin dato,Sin dato,Sin dato,Sin dato,Sin dato,6.0,2.0,12.0,4.0,3.0,4.0,10.154929577464788,499.61,1,1,Alto,Sin tendencia disponible,Sin tendencia disponible
2040,66,699,422,2968.51,1451,6,634,7.034383886255925,False,123,7.996152235020543,40.16366197183098,4.338333333333334,False,-0.8919836210060714,25-34,U,25-34K,Homeowner,Single Male,None/Unknown,1.0,3.0,2.0,0.0,5.0,3.0,3.438388625592417,678.4300000000001,0,0,Alto,Descendente,Alto valor / Descendente
2041,115,704,149,6338.91,1558,1,590,42.543020134228186,False,141,8.754619851746916,73.18323943661971,86.3575,False,0.18001745570158648,35-44,B,35-49K,Renter,2 Adults No Kids,None/Unknown,2.0,1.0,3.0,3.0,2.0,3.0,10.456375838926174,1063.69,1,3,Alto,Ascendente,Alto valor / Ascendente
2042,52,683,29,4809.05,1097,22,632,165.8293103448276,False,128,8.478462758056175,53.677323943661975,38.90416666666667,False,-0.27522156828273975,Sin dato,Sin dato,Sin dato,Sin dato,Sin dato,Sin dato,6.0,2.0,12.0,4.0,3.0,4.0,37.827586206896555,897.0999999999999,1,4,Alto,Descendente,Alto valor / Descendente
2043,96,704,65,1640.79,735,1,609,25.242923076923077,False,118,7.403542389019749,17.47338028169014,26.398333333333337,False,0.5107742696469213,Sin dato,Sin dato,Sin dato,Sin dato,Sin dato,Sin dato,6.0,2.0,12.0,4.0,3.0,4.0,11.307692307692308,334.75,1,1,Bajo,Ascendente,Bajo valor / Ascendente
2044,3,649,49,1000.84,344,56,647,20.42530612244898,False,92,6.909593588255777,8.555352112676056,1.2825,False,-0.8500938379730998,Sin dato,Sin dato,Sin dato,Sin dato,Sin dato,Sin dato,6.0,2.0,12.0,4.0,3.0,4.0,7.020408163265306,115.26,1,2,Bajo,Descendente,Bajo valor / Descendente
2045,114,597,19,310.64,89,108,484,16.349473684210526,False,44,5.741848675462657,4.011549295774648,0.0,False,-1.0,Sin dato,Sin dato,Sin dato,Sin dato,Sin dato,Sin dato,6.0,2.0,12.0,4.0,3.0,4.0,4.684210526315789,34.8,0,0,Bajo,Descendente,Bajo valor / Descendente
2046,60,690,48,638.8,176,15,631,13.308333333333332,False,78,6.461155627515417,7.494507042253521,2.2658333333333336,False,-0.6976674622415164,Sin dato,Sin dato,Sin dato,Sin dato,Sin dato,Sin dato,6.0,2.0,12.0,4.0,3.0,4.0,3.6666666666666665,83.79,1,1,Bajo,Descendente,Bajo valor / Descendente
2047,106,697,119,4816.35,1342,8,592,40.47352941176471,False,169,8.479979263322194,52.97549295774648,72.0125,False,0.3593549767896928,Sin dato,Sin dato,Sin dato,Sin dato,Sin dato,Sin dato,6.0,2.0,12.0,4.0,3.0,4.0,11.277310924369749,829.23,1,5,Alto,Ascendente,Alto valor / Ascendente
2048,16,685,47,1538.46,319,20,670,32.7331914893617,False,99,7.339186984565167,14.756197183098593,36.75416666666667,False,1.4907614211582942,Sin dato,Sin dato,Sin dato,Sin dato,Sin dato,Sin dato,6.0,2.0,12.0,4.0,3.0,4.0,6.787234042553192,187.82,0,0,Bajo,Ascendente,Bajo valor / Ascendente
2049,46,691,35,989.38,283,14,646,28.268,False,90,6.898088707865367,5.226901408450704,22.146666666666665,False,3.2370546019598856,Sin dato,Sin dato,Sin dato,Sin dato,Sin dato,Sin dato,6.0,2.0,12.0,4.0,3.0,4.0,8.085714285714285,202.52,0,0,Bajo,Ascendente,Bajo valor / Ascendente
2050,17,702,158,5140.15,1276,3,686,32.53259493670886,False,161,8.545032068832738,56.45042253521127,42.91583333333333,False,-0.2397606358647831,35-44,A,25-34K,Homeowner,2 Adults Kids,3+,2.0,0.0,2.0,0.0,1.0,2.0,8.075949367088608,989.95,1,5,Alto,Descendente,Alto valor / Descendente
2051,15,462,288,4923.16,1335,243,448,17.094305555555554,False,137,8.50190898068382,42.61676056338028,0.0,False,-1.0,Sin dato,Sin dato,Sin dato,Sin dato,Sin dato,Sin dato,6.0,2.0,12.0,4.0,3.0,4.0,4.635416666666667,592.59,1,6,Alto,Descendente,Alto valor / Descendente
2052,1,591,6,131.83,52,114,591,21.971666666666668,False,30,4.8890701151444125,1.1683098591549297,0.0,False,-1.0,Sin dato,Sin dato,Sin dato,Sin dato,Sin dato,Sin dato,6.0,2.0,12.0,4.0,3.0,4.0,8.666666666666666,40.38,0,0,Bajo,Descendente,Bajo valor / Descendente
2053,103,700,165,3351.34,1285,5,598,20.311151515151515,False,132,8.117413888439005,40.7425352112676,22.400833333333335,False,-0.4501855808143661,45-54,A,15-24K,Homeowner,2 Adults No Kids,None/Unknown,3.0,0.0,1.0,0.0,2.0,3.0,7.787878787878788,628.57,1,5,Alto,Descendente,Alto valor / Descendente
2054,41,691,25,194.51,77,14,651,7.780399999999999,False,31,5.275611529012399,2.217887323943662,0.8458333333333333,False,-0.6186310620012277,Sin dato,Sin dato,Sin dato,Sin dato,Sin dato,Sin dato,6.0,2.0,12.0,4.0,3.0,4.0,3.08,142.64000000000001,0,0,Bajo,Descendente,Bajo valor / Descendente
2055,110,703,129,2350.11,767,2,594,18.21790697674419,False,126,7.762642836046113,22.38943661971831,59.15166666666667,False,1.6419452919405741,Sin dato,Sin dato,Sin dato,Sin dato,Sin dato,Sin dato,6.0,2.0,12.0,4.0,3.0,4.0,5.945736434108527,299.72,1,3,Alto,Ascendente,Alto valor / Ascendente
2056,92,700,107,2442.79,786,5,609,22.82981308411215,False,139,7.801305391886162,26.883802816901408,18.916666666666668,False,-0.29635450774939964,Sin dato,Sin dato,Sin dato,Sin dato,Sin dato,Sin dato,6.0,2.0,12.0,4.0,3.0,4.0,7.345794392523365,423.25,1,3,Alto,Descendente,Alto valor / Descendente
2057,102,700,123,3107.01,963,5,599,25.260243902439026,False,137,8.04173792898558,36.89732394366197,37.20916666666667,False,0.008451635231889531,35-44,A,35-49K,Homeowner,2 Adults No Kids,None/Unknown,2.0,0.0,3.0,0.0,2.0,3.0,7.829268292682927,720.5,1,2,Alto,Ascendente,Alto valor / Ascendente
2058,8,697,165,5883.88,1661,8,690,35.65987878787879,False,174,8.680141628662353,56.04619718309859,56.25666666666667,False,0.003755285713328391,25-34,B,125-149K,Homeowner,2 Adults No Kids,None/Unknown,1.0,1.0,7.0,0.0,2.0,3.0,10.066666666666666,530.3499999999999,1,7,Alto,Ascendente,Alto valor / Ascendente
2059,92,705,51,2323.19,716,0,614,45.55274509803922,False,149,7.751126870223799,19.72676056338028,40.3375,False,1.0448111523632728,Sin dato,Sin dato,Sin dato,Sin dato,Sin dato,Sin dato,6.0,2.0,12.0,4.0,3.0,4.0,14.03921568627451,478.17,1,1,Alto,Ascendente,Alto valor / Ascendente
2060,103,696,32,629.9,138,9,594,19.684375,False,48,6.447147371376764,6.791267605633803,9.673333333333334,False,0.42437817136062606,Sin dato,Sin dato,Sin dato,Sin dato,Sin dato,Sin dato,6.0,2.0,12.0,4.0,3.0,4.0,4.3125,61.19,0,0,Bajo,Ascendente,Bajo valor / Ascendente
2061,94,645,18,226.71,76,60,552,12.595,False,45,5.428072889540573,2.8409859154929578,0.7666666666666666,False,-0.7301406309388065,Sin dato,Sin dato,Sin dato,Sin dato,Sin dato,Sin dato,6.0,2.0,12.0,4.0,3.0,4.0,4.222222222222222,55.92,0,0,Bajo,Descendente,Bajo valor / Descendente
2062,39,691,219,5323.61,2045,14,653,24.308721461187215,False,174,8.580094748458867,56.27478873239437,11.600000000000001,False,-0.7938686175231697,25-34,U,25-34K,Unknown,2 Adults No Kids,None/Unknown,1.0,3.0,2.0,5.0,2.0,3.0,9.337899543378995,1662.2200000000003,1,6,Alto,Descendente,Alto valor / Descendente
2063,46,701,80,2584.97,969,4,656,32.312124999999995,False,103,7.857855958336438,26.50718309859155,16.0125,False,-0.39591845951934374,55-64,A,75-99K,Homeowner,2 Adults No Kids,None/Unknown,4.0,0.0,5.0,0.0,2.0,3.0,12.1125,531.3100000000001,1,2,Alto,Descendente,Alto valor / Descendente
2064,13,704,267,5339.2300000000005,1689,1,692,19.997116104868915,False,180,8.583024002187754,56.97211267605634,85.82083333333333,False,0.5063656463173645,19-24,U,50-74K,Unknown,Single Female,None/Unknown,0.0,3.0,4.0,5.0,4.0,3.0,6.325842696629214,586.39,1,3,Alto,Ascendente,Alto valor / Ascendente
2065,63,705,87,3238.98,1214,0,643,37.22965517241379,False,125,8.083322435927817,32.470140845070425,62.3125,False,0.9190708256339517,Sin dato,Sin dato,Sin dato,Sin dato,Sin dato,Sin dato,6.0,2.0,12.0,4.0,3.0,4.0,13.954022988505747,662.5699999999999,1,3,Alto,Ascendente,Alto valor / Ascendente
2066,65,576,111,2137.65,546,129,512,19.258108108108107,False,111,7.667930067830419,27.37070422535211,0.0,False,-1.0,Sin dato,Sin dato,Sin dato,Sin dato,Sin dato,Sin dato,6.0,2.0,12.0,4.0,3.0,4.0,4.918918918918919,578.0900000000001,1,5,Bajo,Descendente,Bajo valor / Descendente
2067,97,702,6,120.01,59,3,606,20.00166666666667,False,35,4.7958731868099616,1.0330985915492956,0.9466666666666667,False,-0.08366280390820255,Sin dato,Sin dato,Sin dato,Sin dato,Sin dato,Sin dato,6.0,2.0,12.0,4.0,3.0,4.0,9.833333333333334,16.04,0,0,Bajo,Descendente,Bajo valor / Descendente
2068,79,696,108,2561.4,1328,9,618,23.71666666666667,False,147,7.848699598294949,28.722957746478873,30.605833333333333,False,0.06555298390484458,55-64,A,50-74K,Homeowner,Single Female,None/Unknown,4.0,0.0,4.0,0.0,4.0,3.0,12.296296296296296,753.57,1,4,Alto,Ascendente,Alto valor / Ascendente
2069,39,694,89,2068.17,695,11,656,23.237865168539326,False,137,7.634902839667405,19.19788732394366,29.198333333333334,False,0.520913881858088,35-44,U,15-24K,Unknown,Single Female,None/Unknown,2.0,3.0,1.0,5.0,4.0,3.0,7.808988764044944,304.24,1,3,Bajo,Ascendente,Bajo valor / Ascendente
2070,92,705,623,8922.9,3128,0,614,14.322471910112359,False,196,9.0964883497523,75.5494366197183,282.7808333333333,False,2.7429906295228133,45-54,U,50-74K,Unknown,Unknown,None/Unknown,3.0,3.0,4.0,5.0,6.0,3.0,5.020866773675762,2245.27,1,7,Alto,Ascendente,Alto valor / Ascendente
2071,115,703,212,1692.64,635,2,589,7.9841509433962266,False,101,7.43463533786957,22.186478873239437,9.17,False,-0.5866852035245423,Sin dato,Sin dato,Sin dato,Sin dato,Sin dato,Sin dato,6.0,2.0,12.0,4.0,3.0,4.0,2.9952830188679247,359.2,1,2,Bajo,Descendente,Bajo valor / Descendente
2072,92,676,12,278.28,139,29,585,23.189999999999998,False,52,5.63221486279678,0.5143661971830985,3.11,True,,Sin dato,Sin dato,Sin dato,Sin dato,Sin dato,Sin dato,6.0,2.0,12.0,4.0,3.0,4.0,11.583333333333334,72.99,0,0,Bajo,Sin tendencia disponible,Sin tendencia disponible
2073,66,583,72,1697.23,638,122,518,23.57263888888889,False,83,7.437341811172975,14.541690140845072,0.0,False,-1.0,Sin dato,Sin dato,Sin dato,Sin dato,Sin dato,Sin dato,6.0,2.0,12.0,4.0,3.0,4.0,8.86111111111111,500.33,0,0,Bajo,Descendente,Bajo valor / Descendente
2074,104,645,29,678.72,289,60,542,23.404137931034484,False,87,6.521680948665905,9.305915492957746,0.75,False,-0.9194061024337087,Sin dato,Sin dato,Sin dato,Sin dato,Sin dato,Sin dato,6.0,2.0,12.0,4.0,3.0,4.0,9.96551724137931,151.48999999999998,1,1,Bajo,Descendente,Bajo valor / Descendente
2075,29,703,153,4548.88,1546,2,675,29.73124183006536,False,153,8.422856137970832,47.88774647887324,57.905,False,0.2091819778060782,Sin dato,Sin dato,Sin dato,Sin dato,Sin dato,Sin dato,6.0,2.0,12.0,4.0,3.0,4.0,10.104575163398692,949.6700000000001,1,4,Alto,Ascendente,Alto valor / Ascendente
2076,47,705,252,8297.94,2706,0,659,32.928333333333335,False,168,9.023883074785592,81.92028169014085,115.7975,False,0.4135388405767199,25-34,A,100-124K,Homeowner,2 Adults Kids,1,1.0,0.0,6.0,0.0,1.0,0.0,10.738095238095237,1111.5400000000002,1,10,Alto,Ascendente,Alto valor / Ascendente
2077,85,698,109,1835.18,664,7,614,16.83651376146789,False,116,7.515442605590592,16.765211267605633,32.9275,False,0.9640372837784482,Sin dato,Sin dato,Sin dato,Sin dato,Sin dato,Sin dato,6.0,2.0,12.0,4.0,3.0,4.0,6.091743119266055,203.9,0,0,Bajo,Ascendente,Bajo valor / Ascendente
2078,32,701,91,2252.88,435,4,670,24.756923076923076,False,91,7.720408454495713,19.952394366197183,12.396666666666667,False,-0.37868776853825775,Sin dato,Sin dato,Sin dato,Sin dato,Sin dato,Sin dato,6.0,2.0,12.0,4.0,3.0,4.0,4.78021978021978,374.06,1,5,Alto,Descendente,Alto valor / Descendente
2079,67,698,120,4802.87,1354,7,632,40.023916666666665,False,140,8.477177122051044,54.46774647887324,30.15833333333333,False,-0.44630840666354643,Sin dato,Sin dato,Sin dato,Sin dato,Sin dato,Sin dato,6.0,2.0,12.0,4.0,3.0,4.0,11.283333333333333,717.45,1,7,Alto,Descendente,Alto valor / Descendente
2080,68,687,129,5674.95,2284,18,620,43.991860465116275,False,125,8.643993229220696,65.13253521126761,34.00833333333333,False,-0.47785951793490056,Sin dato,Sin dato,Sin dato,Sin dato,Sin dato,Sin dato,6.0,2.0,12.0,4.0,3.0,4.0,17.705426356589147,872.84,1,8,Alto,Descendente,Alto valor / Descendente
2081,93,679,35,921.84,268,26,587,26.338285714285714,False,79,6.827455871697408,10.365352112676057,2.1241666666666665,False,-0.7950704767598807,Sin dato,Sin dato,Sin dato,Sin dato,Sin dato,Sin dato,6.0,2.0,12.0,4.0,3.0,4.0,7.6571428571428575,191.22,1,1,Bajo,Descendente,Bajo valor / Descendente
2082,97,703,188,5007.03,1443,2,607,26.63313829787234,False,150,8.518797903177328,53.96760563380281,85.1825,False,0.5784005793773002,45-54,A,Under 15K,Homeowner,2 Adults Kids,1,3.0,0.0,0.0,0.0,1.0,0.0,7.675531914893617,992.15,1,5,Alto,Ascendente,Alto valor / Ascendente
2083,77,704,379,8199.41,2370,1,628,21.634327176781003,False,176,9.011939432002386,85.78478873239438,109.2975,False,0.2740895165103632,Sin dato,Sin dato,Sin dato,Sin dato,Sin dato,Sin dato,6.0,2.0,12.0,4.0,3.0,4.0,6.253298153034301,1286.01,1,6,Alto,Ascendente,Alto valor / Ascendente
2084,100,705,132,2937.95,962,0,606,22.257196969696967,False,138,7.985807653684885,33.95084507042254,41.954166666666666,False,0.23573261813198576,55-64,A,125-149K,Homeowner,2 Adults No Kids,None/Unknown,4.0,0.0,7.0,0.0,2.0,3.0,7.287878787878788,826.94,1,3,Alto,Ascendente,Alto valor / Ascendente
2085,54,703,354,12786.27,3884,2,650,36.11940677966102,False,207,9.456205423783366,144.02563380281688,151.68916666666667,False,0.05320950626290454,35-44,A,35-49K,Homeowner,2 Adults No Kids,None/Unknown,2.0,0.0,3.0,0.0,2.0,3.0,10.971751412429379,2933.1,1,8,Alto,Ascendente,Alto valor / Ascendente
2086,77,705,571,6222.94,1826,0,629,10.89831873905429,False,175,8.736158425708934,65.20887323943661,118.0225,False,0.8099147268906203,45-54,A,25-34K,Homeowner,2 Adults No Kids,None/Unknown,3.0,0.0,2.0,0.0,2.0,3.0,3.1978984238178634,1015.88,1,6,Alto,Ascendente,Alto valor / Ascendente
2087,27,704,227,7832.74,2592,1,678,34.50546255506608,False,165,8.966195325010226,85.52028169014085,80.62916666666666,False,-0.05719245688637686,45-54,B,100-124K,Homeowner,Unknown,None/Unknown,3.0,1.0,6.0,0.0,6.0,3.0,11.418502202643172,1834.86,1,7,Alto,Descendente,Alto valor / Descendente
2088,21,701,107,4765.43,2083,4,681,44.53672897196262,False,166,8.46935287599762,48.78802816901408,59.365,False,0.21679441100477786,25-34,U,35-49K,Unknown,Single Female,None/Unknown,1.0,3.0,3.0,5.0,4.0,3.0,19.46728971962617,960.35,1,10,Alto,Ascendente,Alto valor / Ascendente
2089,5,694,34,159.96,66,11,690,4.7047058823529415,False,15,5.081155886911374,1.7211267605633804,2.0500000000000003,False,0.1910801963993454,Sin dato,Sin dato,Sin dato,Sin dato,Sin dato,Sin dato,6.0,2.0,12.0,4.0,3.0,4.0,1.9411764705882353,24.36,0,0,Bajo,Ascendente,Bajo valor / Ascendente
2090,40,697,56,1201.03,464,8,658,21.446964285714284,False,98,7.091767073186359,10.691971830985915,18.12333333333333,False,0.695041253364597,Sin dato,Sin dato,Sin dato,Sin dato,Sin dato,Sin dato,6.0,2.0,12.0,4.0,3.0,4.0,8.285714285714286,306.83,0,0,Bajo,Ascendente,Bajo valor / Ascendente
2091,85,692,15,834.5600000000001,278,13,608,55.63733333333334,False,86,6.728102158742455,8.738591549295775,9.814166666666667,False,0.12308334945092733,Sin dato,Sin dato,Sin dato,Sin dato,Sin dato,Sin dato,6.0,2.0,12.0,4.0,3.0,4.0,18.533333333333335,153.51,0,0,Bajo,Ascendente,Bajo valor / Ascendente
2092,103,559,122,2290.54,713,146,457,18.774918032786886,False,110,7.736979359611796,31.457464788732395,0.0,False,-1.0,35-44,A,Under 15K,Homeowner,1 Adult Kids,1,2.0,0.0,0.0,0.0,0.0,0.0,5.844262295081967,435.11,1,3,Alto,Descendente,Alto valor / Descendente
2093,101,661,19,490.98,114,44,561,25.841052631578947,False,57,6.198438065259554,6.5491549295774645,1.1241666666666668,False,-0.8283493551832656,Sin dato,Sin dato,Sin dato,Sin dato,Sin dato,Sin dato,6.0,2.0,12.0,4.0,3.0,4.0,6.0,94.57,0,0,Bajo,Descendente,Bajo valor / Descendente
2094,57,680,74,2986.54,1048,25,624,40.358648648648646,False,149,8.002205585271472,29.019859154929577,46.656666666666666,False,0.6077495902918999,45-54,A,50-74K,Homeowner,2 Adults No Kids,None/Unknown,3.0,0.0,4.0,0.0,2.0,3.0,14.162162162162161,684.97,1,2,Alto,Ascendente,Alto valor / Ascendente
2095,3,701,162,3736.97,1758,4,699,23.067716049382714,False,161,8.22629796230112,37.50239436619719,50.47666666666667,False,0.34595850530983296,Sin dato,Sin dato,Sin dato,Sin dato,Sin dato,Sin dato,6.0,2.0,12.0,4.0,3.0,4.0,10.851851851851851,508.33,1,9,Alto,Ascendente,Alto valor / Ascendente
2096,95,591,26,1301.65,394,114,497,50.06346153846154,False,90,7.172155930144548,17.741971830985918,0.0,False,-1.0,Sin dato,Sin dato,Sin dato,Sin dato,Sin dato,Sin dato,6.0,2.0,12.0,4.0,3.0,4.0,15.153846153846153,343.75,0,0,Bajo,Descendente,Bajo valor / Descendente
2097,26,645,202,8823.83,1419,60,620,43.68232673267327,False,151,9.085324618159865,101.13380281690141,11.705833333333333,False,-0.8842539980966971,35-44,A,15-24K,Homeowner,2 Adults Kids,3+,2.0,0.0,1.0,0.0,1.0,2.0,7.024752475247524,1882.4499999999998,1,6,Alto,Descendente,Alto valor / Descendente
2098,34,632,13,682.46,224,73,599,52.49692307692308,False,77,6.527168132139876,9.089014084507044,1.585,False,-0.8256136490423356,Sin dato,Sin dato,Sin dato,Sin dato,Sin dato,Sin dato,6.0,2.0,12.0,4.0,3.0,4.0,17.23076923076923,105.0,1,1,Bajo,Descendente,Bajo valor / Descendente
2099,25,696,53,691.3,179,9,672,13.043396226415094,False,64,6.54001938768398,8.423098591549294,5.379166666666666,False,-0.3613791162241098,Sin dato,Sin dato,Sin dato,Sin dato,Sin dato,Sin dato,6.0,2.0,12.0,4.0,3.0,4.0,3.3773584905660377,81.17,1,1,Bajo,Descendente,Bajo valor / Descendente
2100,110,688,70,3132.46,1371,17,579,44.749428571428574,False,116,8.049893104304811,35.762535211267604,37.560833333333335,False,0.050284413882915824,65+,A,35-49K,Homeowner,2 Adults No Kids,None/Unknown,5.0,0.0,3.0,0.0,2.0,3.0,19.585714285714285,1279.96,1,4,Alto,Ascendente,Alto valor / Ascendente
2101,73,703,10,420.02,129,2,631,42.001999999999995,False,31,6.042680338492253,2.674929577464789,15.700833333333334,False,4.869624929795001,Sin dato,Sin dato,Sin dato,Sin dato,Sin dato,Sin dato,6.0,2.0,12.0,4.0,3.0,4.0,12.9,59.92,0,0,Bajo,Ascendente,Bajo valor / Ascendente
2102,9,704,105,3547.79,1004,1,696,33.78847619047619,False,135,8.174361979298155,36.300563380281694,72.1225,False,0.986814894426036,55-64,A,175-199K,Homeowner,2 Adults No Kids,None/Unknown,4.0,0.0,9.0,0.0,2.0,3.0,9.561904761904762,639.28,1,3,Alto,Ascendente,Alto valor / Ascendente
2103,59,705,30,361.01,141,0,647,12.033666666666667,False,58,5.891671835753619,3.4414084507042255,3.279166666666667,False,-0.04714400698480261,Sin dato,Sin dato,Sin dato,Sin dato,Sin dato,Sin dato,6.0,2.0,12.0,4.0,3.0,4.0,4.7,53.69,0,0,Bajo,Descendente,Bajo valor / Descendente
2104,10,629,29,494.57,172,76,620,17.054137931034482,False,71,6.205708615235159,5.118732394366197,3.598333333333333,False,-0.2970264791936091,Sin dato,Sin dato,Sin dato,Sin dato,Sin dato,Sin dato,6.0,2.0,12.0,4.0,3.0,4.0,5.931034482758621,123.37,0,0,Bajo,Descendente,Bajo valor / Descendente
2105,2,701,35,899.92,424,4,700,25.712,False,104,6.8034164634331775,5.1938028169014085,2.936666666666667,False,-0.43458256499258774,Sin dato,Sin dato,Sin dato,Sin dato,Sin dato,Sin dato,6.0,2.0,12.0,4.0,3.0,4.0,12.114285714285714,180.47,0,0,Bajo,Descendente,Bajo valor / Descendente
2106,40,492,52,2807.03,636,213,453,53.98134615384616,False,140,7.940238448849315,19.803380281690142,0.0,False,-1.0,Sin dato,Sin dato,Sin dato,Sin dato,Sin dato,Sin dato,6.0,2.0,12.0,4.0,3.0,4.0,12.23076923076923,239.1,0,0,Alto,Descendente,Alto valor / Descendente
2107,72,697,87,3409.06,1139,8,626,39.18459770114942,False,126,8.134485165430684,40.161126760563384,22.912499999999998,False,-0.4294856283141151,35-44,A,75-99K,Homeowner,2 Adults Kids,3+,2.0,0.0,5.0,0.0,1.0,2.0,13.091954022988507,813.14,1,4,Alto,Descendente,Alto valor / Descendente
2108,102,703,130,1821.3,680,2,602,14.01,False,118,7.507854718492009,23.099859154929575,12.819166666666668,False,-0.44505433644901593,Sin dato,Sin dato,Sin dato,Sin dato,Sin dato,Sin dato,6.0,2.0,12.0,4.0,3.0,4.0,5.230769230769231,509.24,1,2,Bajo,Descendente,Bajo valor / Descendente
2109,74,697,118,2444.58,906,8,624,20.716779661016947,False,90,7.802037592590945,27.491408450704228,37.343333333333334,False,0.3583637739148551,Sin dato,Sin dato,Sin dato,Sin dato,Sin dato,Sin dato,6.0,2.0,12.0,4.0,3.0,4.0,7.677966101694915,483.8,1,4,Alto,Ascendente,Alto valor / Ascendente
2110,3,704,222,12470.03,3265,1,702,56.171306306306306,False,211,9.431163633498802,108.60169014084508,147.595,False,0.3590488307187914,35-44,A,125-149K,Homeowner,2 Adults No Kids,None/Unknown,2.0,0.0,7.0,0.0,2.0,3.0,14.707207207207206,997.07,1,11,Alto,Ascendente,Alto valor / Ascendente
2111,19,687,123,2590.37,655,18,669,21.05991869918699,False,111,7.859941972373821,28.020422535211267,10.7975,False,-0.6146560607202995,45-54,U,75-99K,Homeowner,2 Adults No Kids,None/Unknown,3.0,3.0,5.0,0.0,2.0,3.0,5.32520325203252,1966.07,1,5,Alto,Descendente,Alto valor / Descendente
2112,23,705,131,5009.7,1711,0,683,38.24198473282443,False,159,8.519330904877785,57.42112676056338,43.310833333333335,False,-0.24573348213920707,45-54,A,35-49K,Homeowner,2 Adults Kids,3+,3.0,0.0,3.0,0.0,1.0,2.0,13.061068702290076,1738.1799999999998,1,7,Alto,Descendente,Alto valor / Descendente
2113,61,690,60,1599.08,703,15,630,26.651333333333334,False,128,7.377808906977914,19.580281690140847,13.544166666666667,False,-0.30827518822231814,Sin dato,Sin dato,Sin dato,Sin dato,Sin dato,Sin dato,6.0,2.0,12.0,4.0,3.0,4.0,11.716666666666667,283.89,0,0,Bajo,Descendente,Bajo valor / Descendente
2114,28,688,156,3170.28,1328,17,661,20.322307692307692,False,120,8.061890570860863,35.51943661971831,15.964166666666666,False,-0.5505512421949763,Sin dato,Sin dato,Sin dato,Sin dato,Sin dato,Sin dato,6.0,2.0,12.0,4.0,3.0,4.0,8.512820512820513,497.42,1,5,Alto,Descendente,Alto valor / Descendente
2115,75,705,318,14683.54,3787,0,631,46.17465408805032,False,189,9.594550518661336,161.69521126760563,172.06333333333336,False,0.06412139224437814,35-44,A,150-174K,Homeowner,2 Adults Kids,3+,2.0,0.0,8.0,0.0,1.0,2.0,11.90880503144654,1719.01,1,9,Alto,Ascendente,Alto valor / Ascendente
2116,6,705,223,12173.460000000001,4194,0,700,54.5895067264574,False,205,9.407095593784408,121.26042253521126,101.41166666666668,False,-0.16368700894787794,35-44,A,75-99K,Homeowner,2 Adults Kids,3+,2.0,0.0,5.0,0.0,1.0,2.0,18.807174887892376,1989.1999999999998,1,7,Alto,Descendente,Alto valor / Descendente
2117,111,655,62,1011.51,626,50,545,16.31467741935484,False,105,6.920187675475131,13.061549295774649,6.138333333333333,False,-0.5300455409742966,Sin dato,Sin dato,Sin dato,Sin dato,Sin dato,Sin dato,6.0,2.0,12.0,4.0,3.0,4.0,10.096774193548388,299.05,1,4,Bajo,Descendente,Bajo valor / Descendente
2118,115,592,26,1099.4,356,113,478,42.284615384615385,False,89,7.0034290290504195,15.246901408450704,0.0,False,-1.0,Sin dato,Sin dato,Sin dato,Sin dato,Sin dato,Sin dato,6.0,2.0,12.0,4.0,3.0,4.0,13.692307692307692,258.34000000000003,0,0,Bajo,Descendente,Bajo valor / Descendente
2119,107,704,44,2295.16,995,1,598,52.16272727272727,False,109,7.738993441422622,22.46704225352113,56.44,False,1.5121241756312842,25-34,U,50-74K,Homeowner,Single Male,None/Unknown,1.0,3.0,4.0,0.0,5.0,3.0,22.613636363636363,1093.77,0,0,Alto,Ascendente,Alto valor / Ascendente
2120,58,697,72,1643.2,457,8,640,22.822222222222223,False,96,7.405009222718033,17.93380281690141,25.88,False,0.443084897510406,Sin dato,Sin dato,Sin dato,Sin dato,Sin dato,Sin dato,6.0,2.0,12.0,4.0,3.0,4.0,6.347222222222222,224.81,0,0,Bajo,Ascendente,Bajo valor / Ascendente
2121,112,705,141,5529.29,1509,0,594,39.21482269503546,False,188,8.617995534371044,60.85056338028169,71.07916666666667,False,0.16809381406153914,55-64,B,35-49K,Homeowner,2 Adults No Kids,None/Unknown,4.0,1.0,3.0,0.0,2.0,3.0,10.702127659574469,830.5699999999999,1,4,Alto,Ascendente,Alto valor / Ascendente
2122,57,684,11,428.65000000000003,151,21,628,38.96818181818182,False,55,6.062970923759232,0.805774647887324,26.278333333333336,True,,Sin dato,Sin dato,Sin dato,Sin dato,Sin dato,Sin dato,6.0,2.0,12.0,4.0,3.0,4.0,13.727272727272727,66.1,0,0,Bajo,Sin tendencia disponible,Sin tendencia disponible
2123,118,696,58,4286.86,1455,9,579,73.91137931034483,False,132,8.363543052963909,47.67830985915493,74.61166666666666,False,0.5648974740731112,45-54,U,75-99K,Homeowner,2 Adults No Kids,None/Unknown,3.0,3.0,5.0,0.0,2.0,3.0,25.086206896551722,897.77,1,3,Alto,Ascendente,Alto valor / Ascendente
2124,14,704,237,7774.08,2587,1,691,32.8020253164557,False,168,8.958679026383567,88.84,73.97500000000001,False,-0.16732327780279146,25-34,A,50-74K,Homeowner,2 Adults Kids,2,1.0,0.0,4.0,0.0,1.0,1.0,10.915611814345992,1154.83,1,8,Alto,Descendente,Alto valor / Descendente
2125,52,700,110,4637.39,1027,5,649,42.15809090909091,False,126,8.442122602249235,49.38647887323944,86.76416666666667,False,0.7568405087020833,Sin dato,Sin dato,Sin dato,Sin dato,Sin dato,Sin dato,6.0,2.0,12.0,4.0,3.0,4.0,9.336363636363636,890.46,0,0,Alto,Ascendente,Alto valor / Ascendente
2126,94,699,127,4713.85,1471,6,606,37.11692913385827,False,173,8.45847238119989,56.67943661971832,34.18,False,-0.39695942587917227,Sin dato,Sin dato,Sin dato,Sin dato,Sin dato,Sin dato,6.0,2.0,12.0,4.0,3.0,4.0,11.582677165354331,642.82,0,0,Alto,Descendente,Alto valor / Descendente
2127,62,692,25,1401.43,376,13,631,56.0572,False,80,7.245961725277822,17.39845070422535,5.848333333333334,False,-0.6638589588949424,Sin dato,Sin dato,Sin dato,Sin dato,Sin dato,Sin dato,6.0,2.0,12.0,4.0,3.0,4.0,15.04,404.57,0,0,Bajo,Descendente,Bajo valor / Descendente
2128,85,696,82,1877.71,416,9,612,22.89890243902439,False,98,7.538340650088704,17.943802816901407,3.939166666666667,False,-0.7804720266455261,Sin dato,Sin dato,Sin dato,Sin dato,Sin dato,Sin dato,6.0,2.0,12.0,4.0,3.0,4.0,5.073170731707317,171.95,1,2,Bajo,Descendente,Bajo valor / Descendente
2129,108,688,162,7055.64,2350,17,581,43.553333333333335,False,180,8.86172429652121,86.96295774647888,68.07916666666667,False,-0.21714752544254184,25-34,U,35-49K,Unknown,1 Adult Kids,1,1.0,3.0,3.0,5.0,0.0,0.0,14.506172839506172,1187.83,1,8,Alto,Descendente,Alto valor / Descendente
2130,104,705,97,6060.39,1470,0,602,62.47824742268042,False,182,8.709694425698704,66.86422535211267,86.30666666666667,False,0.2907749429858562,25-34,B,50-74K,Homeowner,Single Female,None/Unknown,1.0,1.0,4.0,0.0,4.0,3.0,15.154639175257731,1231.26,1,3,Alto,Ascendente,Alto valor / Ascendente
2131,115,682,140,3982.87,1339,23,568,28.44907142857143,False,143,8.290008987650014,51.839999999999996,24.770833333333332,False,-0.5221675668724279,Sin dato,Sin dato,Sin dato,Sin dato,Sin dato,Sin dato,6.0,2.0,12.0,4.0,3.0,4.0,9.564285714285715,678.99,1,6,Alto,Descendente,Alto valor / Descendente
2132,59,699,42,575.87,216,6,641,13.711190476190476,False,66,6.357616937830605,5.765915492957746,10.3575,False,0.7963322585373004,Sin dato,Sin dato,Sin dato,Sin dato,Sin dato,Sin dato,6.0,2.0,12.0,4.0,3.0,4.0,5.142857142857143,92.92,0,0,Bajo,Ascendente,Bajo valor / Ascendente
2133,80,705,140,6744.9,1819,0,626,48.17785714285714,False,168,8.816690191912555,76.87605633802816,76.41416666666667,False,-0.006008238369181379,55-64,A,100-124K,Unknown,2 Adults No Kids,None/Unknown,4.0,0.0,6.0,5.0,2.0,3.0,12.992857142857142,748.84,1,7,Alto,Descendente,Alto valor / Descendente
2134,30,697,87,9056.460000000001,2643,8,668,104.09724137931036,False,199,9.111344006529837,98.18338028169015,91.13166666666666,False,-0.07182186633615563,35-44,U,35-49K,Unknown,Single Female,None/Unknown,2.0,3.0,3.0,5.0,4.0,3.0,30.379310344827587,1619.96,1,9,Alto,Descendente,Alto valor / Descendente
2135,91,677,45,779.29,299,28,587,17.317555555555554,False,80,6.659665645456846,8.275070422535212,4.97,False,-0.3994008816571069,Sin dato,Sin dato,Sin dato,Sin dato,Sin dato,Sin dato,6.0,2.0,12.0,4.0,3.0,4.0,6.644444444444445,90.31,0,0,Bajo,Descendente,Bajo valor / Descendente
2136,36,704,18,1552.43,485,1,669,86.24611111111112,False,127,7.348220668274923,7.34338028169014,85.17333333333333,False,10.59865485186748,Sin dato,Sin dato,Sin dato,Sin dato,Sin dato,Sin dato,6.0,2.0,12.0,4.0,3.0,4.0,26.944444444444443,172.81,0,0,Bajo,Ascendente,Bajo valor / Ascendente
2137,71,685,186,2970.14,1017,20,615,15.968494623655912,False,142,7.996700996533476,34.97549295774648,26.260833333333334,False,-0.24916474043528808,Sin dato,Sin dato,Sin dato,Sin dato,Sin dato,Sin dato,6.0,2.0,12.0,4.0,3.0,4.0,5.467741935483871,594.98,1,3,Alto,Descendente,Alto valor / Descendente
2138,108,689,66,1878.48,664,16,582,28.46181818181818,False,127,7.538750421819656,23.31943661971831,14.610833333333334,False,-0.37344827100244815,Sin dato,Sin dato,Sin dato,Sin dato,Sin dato,Sin dato,6.0,2.0,12.0,4.0,3.0,4.0,10.06060606060606,461.39,1,3,Bajo,Descendente,Bajo valor / Descendente
2139,61,703,371,4685.59,1546,2,643,12.629622641509433,False,156,8.452460518099018,61.32633802816901,21.798333333333332,False,-0.6445518510607838,Sin dato,Sin dato,Sin dato,Sin dato,Sin dato,Sin dato,6.0,2.0,12.0,4.0,3.0,4.0,4.16711590296496,623.1700000000001,1,9,Alto,Descendente,Alto valor / Descendente
2140,76,652,51,1567.89,514,53,577,30.74294117647059,False,113,7.358123641926061,20.004507042253522,11.708333333333334,False,-0.41471522849310954,65+,A,15-24K,Homeowner,2 Adults No Kids,None/Unknown,5.0,0.0,1.0,0.0,2.0,3.0,10.07843137254902,236.95000000000002,0,0,Bajo,Descendente,Bajo valor / Descendente
2141,4,701,89,5195.45,1159,4,698,58.37584269662921,False,137,8.555730979121318,51.28492957746479,89.92583333333333,False,0.7534553342322969,Sin dato,Sin dato,Sin dato,Sin dato,Sin dato,Sin dato,6.0,2.0,12.0,4.0,3.0,4.0,13.02247191011236,722.15,1,8,Alto,Ascendente,Alto valor / Ascendente
2142,66,698,103,7426.27,2428,7,633,72.09970873786408,False,137,8.912913640852594,79.79084507042253,106.84750000000001,False,0.33909472829492615,Sin dato,Sin dato,Sin dato,Sin dato,Sin dato,Sin dato,6.0,2.0,12.0,4.0,3.0,4.0,23.57281553398058,944.04,1,5,Alto,Ascendente,Alto valor / Ascendente
2143,14,610,9,298.65,112,95,597,33.18333333333333,False,48,5.7026151269041945,2.7932394366197184,0.0,False,-1.0,Sin dato,Sin dato,Sin dato,Sin dato,Sin dato,Sin dato,6.0,2.0,12.0,4.0,3.0,4.0,12.444444444444445,84.75,0,0,Bajo,Descendente,Bajo valor / Descendente
2144,75,642,49,2265.9,529,63,568,46.24285714285715,False,119,7.72616853837448,27.749577464788732,16.214166666666667,False,-0.4156968088166127,Sin dato,Sin dato,Sin dato,Sin dato,Sin dato,Sin dato,6.0,2.0,12.0,4.0,3.0,4.0,10.795918367346939,360.72999999999996,1,1,Alto,Descendente,Alto valor / Descendente
2145,93,684,38,1090.6200000000001,260,21,592,28.700526315789478,False,95,6.995418110395914,12.104084507042254,4.09,False,-0.6620975342975832,Sin dato,Sin dato,Sin dato,Sin dato,Sin dato,Sin dato,6.0,2.0,12.0,4.0,3.0,4.0,6.842105263157895,111.32,1,1,Bajo,Descendente,Bajo valor / Descendente
2146,12,694,58,1692.54,543,11,683,29.181724137931035,False,96,7.434576291701354,17.632535211267605,7.98,False,-0.5474275307330398,Sin dato,Sin dato,Sin dato,Sin dato,Sin dato,Sin dato,6.0,2.0,12.0,4.0,3.0,4.0,9.362068965517242,222.84,1,2,Bajo,Descendente,Bajo valor / Descendente
2147,118,700,94,5663.66,2469,5,583,60.25170212765957,False,154,8.642002154008726,65.96098591549296,76.07166666666667,False,0.15328274146974075,25-34,A,75-99K,Homeowner,2 Adults Kids,1,1.0,0.0,5.0,0.0,1.0,0.0,26.26595744680851,1153.2,1,4,Alto,Ascendente,Alto valor / Ascendente
2148,54,703,123,3249.94,1511,2,650,26.422276422764227,False,114,8.086699464273858,32.0987323943662,30.730833333333333,False,-0.04261536076337255,55-64,A,35-49K,Homeowner,2 Adults Kids,2,4.0,0.0,3.0,0.0,1.0,1.0,12.284552845528456,927.97,1,5,Alto,Descendente,Alto valor / Descendente
2149,116,702,112,3703.42,530,3,587,33.066250000000004,False,78,8.217281980266531,45.199436619718306,41.18833333333333,False,-0.08874232924919079,Sin dato,Sin dato,Sin dato,Sin dato,Sin dato,Sin dato,6.0,2.0,12.0,4.0,3.0,4.0,4.732142857142857,1258.3799999999999,1,4,Alto,Descendente,Alto valor / Descendente
2150,102,591,8,69.32,38,114,490,8.665,False,24,4.253056253376921,0.8557746478873239,0.0,True,,Sin dato,Sin dato,Sin dato,Sin dato,Sin dato,Sin dato,6.0,2.0,12.0,4.0,3.0,4.0,4.75,15.31,0,0,Bajo,Sin tendencia disponible,Sin tendencia disponible
2151,44,699,41,834.27,324,6,656,20.348048780487805,False,91,6.727755025876859,4.639859154929577,35.306666666666665,False,6.609426382944277,Sin dato,Sin dato,Sin dato,Sin dato,Sin dato,Sin dato,6.0,2.0,12.0,4.0,3.0,4.0,7.902439024390244,149.5,0,0,Bajo,Ascendente,Bajo valor / Ascendente
2152,32,627,25,156.55,62,78,596,6.2620000000000005,False,31,5.0597428682032835,1.4040845070422534,1.6983333333333333,False,0.20956632226569036,Sin dato,Sin dato,Sin dato,Sin dato,Sin dato,Sin dato,6.0,2.0,12.0,4.0,3.0,4.0,2.48,30.990000000000002,0,0,Bajo,Ascendente,Bajo valor / Ascendente
2153,76,694,41,933.4300000000001,344,11,619,22.76658536585366,False,94,6.839936717722955,8.780704225352114,21.075,False,1.4001491747269137,Sin dato,Sin dato,Sin dato,Sin dato,Sin dato,Sin dato,6.0,2.0,12.0,4.0,3.0,4.0,8.390243902439025,216.71,0,0,Bajo,Ascendente,Bajo valor / Ascendente
2154,103,701,119,2498.81,825,4,599,20.998403361344536,False,123,7.823970007968145,28.049154929577465,38.82083333333333,False,0.38402862513327535,45-54,A,35-49K,Homeowner,2 Adults No Kids,None/Unknown,3.0,0.0,3.0,0.0,2.0,3.0,6.932773109243698,787.9499999999999,1,3,Alto,Ascendente,Alto valor / Ascendente
2155,81,670,11,313.83,138,35,590,28.529999999999998,False,65,5.752032810604912,2.6777464788732397,4.490833333333334,False,0.6770942913247773,Sin dato,Sin dato,Sin dato,Sin dato,Sin dato,Sin dato,6.0,2.0,12.0,4.0,3.0,4.0,12.545454545454545,78.31,0,0,Bajo,Ascendente,Bajo valor / Ascendente
2156,74,703,108,5874.46,2298,2,630,54.39314814814815,False,144,8.678539633819582,69.69957746478873,36.98166666666666,False,-0.46941333058512025,45-54,A,50-74K,Homeowner,2 Adults No Kids,None/Unknown,3.0,0.0,4.0,0.0,2.0,3.0,21.27777777777778,876.56,1,6,Alto,Descendente,Alto valor / Descendente
2157,39,598,12,390.7,182,107,560,32.55833333333333,False,55,5.970496240671785,4.211690140845071,0.0,False,-1.0,Sin dato,Sin dato,Sin dato,Sin dato,Sin dato,Sin dato,6.0,2.0,12.0,4.0,3.0,4.0,15.166666666666666,231.98,0,0,Bajo,Descendente,Bajo valor / Descendente
2158,94,700,128,3086.4,1080,5,607,24.1125,False,126,8.035084591747742,32.98253521126761,50.137499999999996,False,0.5201226855015028,25-34,B,50-74K,Probable Renter,Single Female,None/Unknown,1.0,1.0,4.0,2.0,4.0,3.0,8.4375,664.15,1,1,Alto,Ascendente,Alto valor / Ascendente
2159,111,692,119,1979.3700000000001,538,13,582,16.633361344537818,False,77,7.591038974917671,25.134225352112676,14.629166666666668,False,-0.4179583232933414,Sin dato,Sin dato,Sin dato,Sin dato,Sin dato,Sin dato,6.0,2.0,12.0,4.0,3.0,4.0,4.5210084033613445,383.76,1,1,Bajo,Descendente,Bajo valor / Descendente
2160,55,692,57,748.07,150,13,638,13.1240350877193,False,50,6.618832437094223,7.646478873239436,8.827499999999999,False,0.15445293792595308,Sin dato,Sin dato,Sin dato,Sin dato,Sin dato,Sin dato,6.0,2.0,12.0,4.0,3.0,4.0,2.6315789473684212,269.42,0,0,Bajo,Ascendente,Bajo valor / Ascendente
2161,34,699,40,2064.11,495,6,666,51.60275,False,117,7.632938772741536,12.09394366197183,73.58083333333333,False,5.0841058458624,Sin dato,Sin dato,Sin dato,Sin dato,Sin dato,Sin dato,6.0,2.0,12.0,4.0,3.0,4.0,12.375,203.76,1,1,Bajo,Ascendente,Bajo valor / Ascendente
2162,98,704,179,13754.970000000001,2297,1,607,76.84340782122905,False,170,9.529228190683249,158.32816901408452,187.95166666666668,False,0.1871018773036333,45-54,U,75-99K,Homeowner,Unknown,None/Unknown,3.0,3.0,5.0,0.0,6.0,3.0,12.832402234636872,1526.1299999999999,1,7,Alto,Ascendente,Alto valor / Ascendente
2163,51,674,14,356.09999999999997,41,31,624,25.435714285714283,False,11,5.878015854600402,3.287323943661972,8.128333333333332,False,1.4726292487860606,Sin dato,Sin dato,Sin dato,Sin dato,Sin dato,Sin dato,6.0,2.0,12.0,4.0,3.0,4.0,2.9285714285714284,23.099999999999998,0,0,Bajo,Ascendente,Bajo valor / Ascendente
2164,112,400,40,1596.48,660,305,289,39.912,True,122,7.376182666611504,21.100845070422537,0.0,False,-1.0,Sin dato,Sin dato,Sin dato,Sin dato,Sin dato,Sin dato,6.0,2.0,12.0,4.0,3.0,4.0,16.5,713.5100000000001,1,3,Bajo,Descendente,Bajo valor / Descendente
2165,18,641,11,182.1,43,64,624,16.554545454545455,False,28,5.210032451680465,1.2729577464788733,7.410833333333334,False,4.821743379803792,Sin dato,Sin dato,Sin dato,Sin dato,Sin dato,Sin dato,6.0,2.0,12.0,4.0,3.0,4.0,3.909090909090909,17.83,0,0,Bajo,Ascendente,Bajo valor / Ascendente
2166,108,507,30,84.21,40,198,400,2.807,False,11,4.445118797839864,0.8583098591549295,0.0,True,,Sin dato,Sin dato,Sin dato,Sin dato,Sin dato,Sin dato,6.0,2.0,12.0,4.0,3.0,4.0,1.3333333333333333,21.57,0,0,Bajo,Sin tendencia disponible,Sin tendencia disponible
2167,118,691,75,1714.61,761,14,574,22.861466666666665,False,112,7.447523981490275,23.691126760563378,2.0241666666666664,False,-0.9145601352302025,Sin dato,Sin dato,Sin dato,Sin dato,Sin dato,Sin dato,6.0,2.0,12.0,4.0,3.0,4.0,10.146666666666667,389.07,1,8,Bajo,Descendente,Bajo valor / Descendente
2168,22,701,194,5572.87,2662,4,680,28.726134020618556,False,164,8.625844885200847,57.04549295774648,63.955000000000005,False,0.1211227510536439,35-44,U,50-74K,Unknown,Single Female,None/Unknown,2.0,3.0,4.0,5.0,4.0,3.0,13.721649484536082,1778.3799999999999,1,7,Alto,Ascendente,Alto valor / Ascendente
2169,106,695,40,857.96,263,10,590,21.449,False,100,6.75572235512588,9.309718309859155,14.2125,False,0.5266305087822811,Sin dato,Sin dato,Sin dato,Sin dato,Sin dato,Sin dato,6.0,2.0,12.0,4.0,3.0,4.0,6.575,162.77,0,0,Bajo,Ascendente,Bajo valor / Ascendente
2170,64,705,261,6156.77,2323,0,642,23.589157088122608,False,162,8.725469977998033,66.03253521126761,56.98500000000001,False,-0.1370163235792855,Sin dato,Sin dato,Sin dato,Sin dato,Sin dato,Sin dato,6.0,2.0,12.0,4.0,3.0,4.0,8.900383141762452,1329.3999999999999,1,10,Alto,Descendente,Alto valor / Descendente
2171,105,705,106,3994.12,1517,0,601,37.68037735849057,False,150,8.292828895296191,45.41323943661972,51.843333333333334,False,0.14159073381425863,Sin dato,Sin dato,Sin dato,Sin dato,Sin dato,Sin dato,6.0,2.0,12.0,4.0,3.0,4.0,14.31132075471698,524.84,1,7,Alto,Ascendente,Alto valor / Ascendente
2172,116,705,99,2408.11,676,0,590,24.324343434343437,False,137,7.787012663672846,24.22281690140845,48.6625,False,1.0089529718226327,25-34,A,100-124K,Homeowner,2 Adults No Kids,None/Unknown,1.0,0.0,6.0,0.0,2.0,3.0,6.828282828282828,246.6,0,0,Alto,Ascendente,Alto valor / Ascendente
2173,50,691,85,2136.65,667,14,642,25.13705882352941,False,110,7.667462373787331,23.56605633802817,17.87666666666667,False,-0.24142307010361436,25-34,U,35-49K,Unknown,2 Adults No Kids,None/Unknown,1.0,3.0,3.0,5.0,2.0,3.0,7.847058823529411,461.64,1,1,Bajo,Descendente,Bajo valor / Descendente
2174,97,680,39,644.33,384,25,584,16.521282051282054,False,114,6.469761813865817,6.931408450704225,9.2325,False,0.3319803710401723,Sin dato,Sin dato,Sin dato,Sin dato,Sin dato,Sin dato,6.0,2.0,12.0,4.0,3.0,4.0,9.846153846153847,177.34,0,0,Bajo,Ascendente,Bajo valor / Ascendente
2175,111,671,17,610.22,166,34,561,35.89529411764706,False,63,6.41545695983003,4.022535211267606,18.783333333333335,False,3.66952614379085,Sin dato,Sin dato,Sin dato,Sin dato,Sin dato,Sin dato,6.0,2.0,12.0,4.0,3.0,4.0,9.764705882352942,103.31,0,0,Bajo,Ascendente,Bajo valor / Ascendente
2176,103,682,195,2601.56,958,23,580,13.341333333333333,False,122,7.86425085497841,34.719577464788735,4.241666666666666,False,-0.8778306944844475,Sin dato,Sin dato,Sin dato,Sin dato,Sin dato,Sin dato,6.0,2.0,12.0,4.0,3.0,4.0,4.912820512820513,494.76000000000005,1,3,Alto,Descendente,Alto valor / Descendente
2177,55,608,3,133.5,44,97,554,44.5,False,31,4.901564199041894,0.5949295774647888,0.0,True,,Sin dato,Sin dato,Sin dato,Sin dato,Sin dato,Sin dato,6.0,2.0,12.0,4.0,3.0,4.0,14.666666666666666,32.26,0,0,Bajo,Sin tendencia disponible,Sin tendencia disponible
2178,79,610,152,3681.13,1402,95,532,24.21796052631579,False,168,8.211246668068174,48.24760563380281,0.0,False,-1.0,Sin dato,Sin dato,Sin dato,Sin dato,Sin dato,Sin dato,6.0,2.0,12.0,4.0,3.0,4.0,9.223684210526315,475.08,1,12,Alto,Descendente,Alto valor / Descendente
2179,62,704,45,1443.12,427,1,643,32.06933333333333,False,119,7.275255418493026,14.989295774647887,11.765833333333333,False,-0.21505095968327947,45-54,A,35-49K,Homeowner,2 Adults Kids,1,3.0,0.0,3.0,0.0,1.0,0.0,9.488888888888889,255.8,1,1,Bajo,Descendente,Bajo valor / Descendente
2180,28,628,44,936.39,395,77,601,21.28159090909091,False,88,6.843099417627139,7.1630985915492955,11.323333333333332,False,0.5807870279339861,Sin dato,Sin dato,Sin dato,Sin dato,Sin dato,Sin dato,6.0,2.0,12.0,4.0,3.0,4.0,8.977272727272727,186.64000000000001,0,0,Bajo,Ascendente,Bajo valor / Ascendente
2181,72,702,55,3074.45,829,3,631,55.89909090909091,False,155,8.031206510997166,26.882676056338028,89.6125,False,2.3334664976135215,55-64,A,100-124K,Homeowner,2 Adults Kids,1,4.0,0.0,6.0,0.0,1.0,0.0,15.072727272727272,388.1,1,1,Alto,Ascendente,Alto valor / Ascendente
2182,26,699,85,1530.52,579,6,674,18.006117647058822,False,89,7.334015985279954,16.66830985915493,7.823333333333333,False,-0.5306462743109834,45-54,A,75-99K,Homeowner,2 Adults No Kids,None/Unknown,3.0,0.0,5.0,0.0,2.0,3.0,6.811764705882353,219.36,1,4,Bajo,Descendente,Bajo valor / Descendente
2183,99,701,172,4078.23,1063,4,603,23.710639534883722,False,141,8.313663524097114,46.714366197183104,53.1975,False,0.1387824416893797,65+,A,25-34K,Homeowner,2 Adults No Kids,None/Unknown,5.0,0.0,2.0,0.0,2.0,3.0,6.180232558139535,958.93,1,5,Alto,Ascendente,Alto valor / Ascendente
2184,61,705,259,5088.13,1332,0,645,19.645289575289574,False,170,8.534862171556329,52.76859154929578,47.91166666666667,False,-0.09204196549555105,25-34,U,50-74K,Unknown,Single Female,None/Unknown,1.0,3.0,4.0,5.0,4.0,3.0,5.142857142857143,655.9,1,5,Alto,Descendente,Alto valor / Descendente
2185,7,704,104,8425.45,2185,1,698,81.01394230769232,False,163,9.039130847236807,74.38647887323944,57.01083333333333,False,-0.23358607374756388,25-34,U,125-149K,Homeowner,2 Adults Kids,2,1.0,3.0,7.0,0.0,1.0,1.0,21.009615384615383,818.46,1,12,Alto,Descendente,Alto valor / Descendente
2186,32,702,113,5469.53,1568,3,671,48.402920353982296,False,161,8.607130782861226,61.25112676056338,64.03750000000001,False,0.04549097113476512,35-44,U,25-34K,Unknown,Single Female,None/Unknown,2.0,3.0,2.0,5.0,4.0,3.0,13.876106194690266,751.9000000000001,1,5,Alto,Ascendente,Alto valor / Ascendente
2187,65,691,46,2667.13,617,14,627,57.98108695652174,False,103,7.88913313148564,23.388450704225352,23.081666666666667,False,-0.013116902929498528,Sin dato,Sin dato,Sin dato,Sin dato,Sin dato,Sin dato,6.0,2.0,12.0,4.0,3.0,4.0,13.41304347826087,959.5,1,1,Alto,Descendente,Alto valor / Descendente
2188,116,702,127,3847.73,1285,3,587,30.297086614173228,False,138,8.255498502732841,45.54281690140845,48.958333333333336,False,0.0749957219229287,65+,B,35-49K,Homeowner,2 Adults No Kids,None/Unknown,5.0,1.0,3.0,0.0,2.0,3.0,10.118110236220472,624.38,1,5,Alto,Ascendente,Alto valor / Ascendente
2189,71,694,90,1330.48,254,11,624,14.783111111111111,False,57,7.194046384487778,15.77323943661972,14.2825,False,-0.09451067059558896,Sin dato,Sin dato,Sin dato,Sin dato,Sin dato,Sin dato,6.0,2.0,12.0,4.0,3.0,4.0,2.8222222222222224,104.67,0,0,Bajo,Descendente,Bajo valor / Descendente
2190,76,705,224,9480.84,2833,0,630,42.32517857142857,False,187,9.157133669242496,110.33225352112676,95.87583333333333,False,-0.13102623871473146,35-44,A,50-74K,Homeowner,2 Adults Kids,2,2.0,0.0,4.0,0.0,1.0,1.0,12.647321428571429,2219.85,1,8,Alto,Descendente,Alto valor / Descendente
2191,41,692,14,772.93,157,13,652,55.20928571428571,False,80,6.651481430223363,8.506901408450704,11.139166666666666,False,0.3094270324563873,Sin dato,Sin dato,Sin dato,Sin dato,Sin dato,Sin dato,6.0,2.0,12.0,4.0,3.0,4.0,11.214285714285714,48.74,0,0,Bajo,Ascendente,Bajo valor / Ascendente
2192,3,663,28,485.67,87,42,661,17.345357142857143,False,47,6.187586275325884,4.409295774647887,0.5058333333333334,False,-0.885280244468579,Sin dato,Sin dato,Sin dato,Sin dato,Sin dato,Sin dato,6.0,2.0,12.0,4.0,3.0,4.0,3.107142857142857,28.24,0,0,Bajo,Descendente,Bajo valor / Descendente
2193,12,703,117,9155.01,2863,2,692,78.24794871794872,False,216,9.122165773251853,98.12521126760564,60.73500000000001,False,-0.3810459186236613,25-34,A,50-74K,Homeowner,2 Adults No Kids,None/Unknown,1.0,0.0,4.0,0.0,2.0,3.0,24.47008547008547,1040.01,1,10,Alto,Descendente,Alto valor / Descendente
2194,22,705,398,7062.89,2219,0,684,17.745954773869347,False,161,8.862751170248623,74.46140845070423,67.66416666666667,False,-0.09128543127864065,55-64,B,25-34K,Homeowner,Single Male,None/Unknown,4.0,1.0,2.0,0.0,5.0,3.0,5.575376884422111,1102.63,1,12,Alto,Descendente,Alto valor / Descendente
2195,105,705,84,1180.72,461,0,601,14.056190476190476,False,93,7.074726283271148,13.275774647887324,18.857499999999998,False,0.4204444185108954,Sin dato,Sin dato,Sin dato,Sin dato,Sin dato,Sin dato,6.0,2.0,12.0,4.0,3.0,4.0,5.488095238095238,340.56,0,0,Bajo,Ascendente,Bajo valor / Ascendente
2196,102,688,63,1127.43,540,17,587,17.895714285714288,False,87,7.02858256509134,13.879577464788733,6.049166666666667,False,-0.5641678082770984,Sin dato,Sin dato,Sin dato,Sin dato,Sin dato,Sin dato,6.0,2.0,12.0,4.0,3.0,4.0,8.571428571428571,444.62,0,0,Bajo,Descendente,Bajo valor / Descendente
2197,69,701,48,670.43,212,4,633,13.967291666666666,False,74,6.509409766300148,6.9470422535211265,11.104166666666666,False,0.5984020625523747,Sin dato,Sin dato,Sin dato,Sin dato,Sin dato,Sin dato,6.0,2.0,12.0,4.0,3.0,4.0,4.416666666666667,144.32000000000002,0,0,Bajo,Ascendente,Bajo valor / Ascendente
2198,51,704,397,7088.03,2510,1,654,17.853979848866498,False,178,8.866303797754654,69.66830985915493,123.88666666666667,False,0.7782355696172676,35-44,B,25-34K,Unknown,Single Female,None/Unknown,2.0,1.0,2.0,5.0,4.0,3.0,6.3224181360201515,1167.5900000000001,1,4,Alto,Ascendente,Alto valor / Ascendente
2199,107,701,154,5624.82,2268,4,595,36.52480519480519,False,116,8.635121994225852,68.32042253521126,48.557500000000005,False,-0.2892681544091119,19-24,U,50-74K,Unknown,2 Adults Kids,1,0.0,3.0,4.0,5.0,1.0,0.0,14.727272727272727,1079.27,1,8,Alto,Descendente,Alto valor / Descendente
2200,7,696,196,8610.66,3513,9,690,43.931938775510204,False,157,9.060872377909272,84.42478873239436,88.31666666666666,False,0.04609875834701333,45-54,U,Under 15K,Unknown,Single Male,None/Unknown,3.0,3.0,0.0,5.0,5.0,3.0,17.9234693877551,2142.62,1,11,Alto,Ascendente,Alto valor / Ascendente
2201,48,72,2,27.509999999999998,12,633,25,13.754999999999999,True,10,3.3502549029245805,0.0,0.0,True,,Sin dato,Sin dato,Sin dato,Sin dato,Sin dato,Sin dato,6.0,2.0,12.0,4.0,3.0,4.0,6.0,7.93,0,0,Bajo,Sin tendencia disponible,Sin tendencia disponible
2202,112,680,17,312.74,97,25,569,18.396470588235296,False,52,5.748564617428094,3.0526760563380284,2.643333333333333,False,-0.1340930761895975,Sin dato,Sin dato,Sin dato,Sin dato,Sin dato,Sin dato,6.0,2.0,12.0,4.0,3.0,4.0,5.705882352941177,62.41,0,0,Bajo,Descendente,Bajo valor / Descendente
2203,42,691,102,5099.09,972,14,650,49.99107843137255,False,154,8.537013465615534,49.66788732394366,37.80833333333333,False,-0.23877709783103926,45-54,A,50-74K,Homeowner,2 Adults No Kids,None/Unknown,3.0,0.0,4.0,0.0,2.0,3.0,9.529411764705882,436.49,1,5,Alto,Descendente,Alto valor / Descendente
2204,98,701,190,2646.05,1374,4,604,13.926578947368421,False,133,7.881201091357352,29.02957746478873,28.816666666666666,False,-0.007334271343780752,Sin dato,Sin dato,Sin dato,Sin dato,Sin dato,Sin dato,6.0,2.0,12.0,4.0,3.0,4.0,7.231578947368421,695.56,1,2,Alto,Descendente,Alto valor / Descendente
2205,8,699,106,1977.26,832,6,692,18.653396226415094,False,128,7.589972949449356,18.40718309859155,16.4275,False,-0.10754948695778599,Sin dato,Sin dato,Sin dato,Sin dato,Sin dato,Sin dato,6.0,2.0,12.0,4.0,3.0,4.0,7.849056603773585,507.4,1,4,Bajo,Descendente,Bajo valor / Descendente
2206,50,701,39,480.05,207,4,652,12.308974358974359,False,62,6.175971214807274,4.407323943661972,10.455833333333333,False,1.3723768588350584,Sin dato,Sin dato,Sin dato,Sin dato,Sin dato,Sin dato,6.0,2.0,12.0,4.0,3.0,4.0,5.3076923076923075,76.74,0,0,Bajo,Ascendente,Bajo valor / Ascendente
2207,18,694,372,4866.06,2182,11,677,13.080806451612904,False,189,8.49024533768021,61.31647887323944,30.0275,False,-0.5102866219360648,Sin dato,Sin dato,Sin dato,Sin dato,Sin dato,Sin dato,6.0,2.0,12.0,4.0,3.0,4.0,5.865591397849462,1023.14,1,7,Alto,Descendente,Alto valor / Descendente
2208,20,698,193,9456.83,3354,7,679,48.99911917098446,False,185,9.15459824884055,94.51070422535211,94.28916666666667,False,-0.002344047274869571,35-44,U,50-74K,Unknown,1 Adult Kids,2,2.0,3.0,4.0,5.0,0.0,1.0,17.378238341968913,1583.78,1,10,Alto,Descendente,Alto valor / Descendente
2209,78,705,231,6990.92,2055,0,628,30.263722943722943,False,191,8.852510475622317,75.54281690140844,116.9425,False,0.5480293798498753,25-34,A,35-49K,Renter,2 Adults Kids,3+,1.0,0.0,3.0,3.0,1.0,2.0,8.896103896103897,768.95,1,6,Alto,Ascendente,Alto valor / Ascendente
2210,106,648,34,1727.97,507,57,543,50.82264705882353,False,101,7.455281134462776,23.177746478873242,1.0658333333333332,False,-0.9540147988802599,Sin dato,Sin dato,Sin dato,Sin dato,Sin dato,Sin dato,6.0,2.0,12.0,4.0,3.0,4.0,14.911764705882353,275.06,1,3,Bajo,Descendente,Bajo valor / Descendente
2211,99,698,75,2201.63,690,7,600,29.35506666666667,False,132,7.697407379905046,16.967887323943664,56.1525,False,2.309339514576001,Sin dato,Sin dato,Sin dato,Sin dato,Sin dato,Sin dato,6.0,2.0,12.0,4.0,3.0,4.0,9.2,329.34,1,2,Alto,Ascendente,Alto valor / Ascendente
2212,114,679,46,251.33,140,26,566,5.4636956521739135,False,14,5.530737754642455,3.1038028169014087,0.8191666666666667,False,-0.7360764471873061,Sin dato,Sin dato,Sin dato,Sin dato,Sin dato,Sin dato,6.0,2.0,12.0,4.0,3.0,4.0,3.0434782608695654,49.230000000000004,0,0,Bajo,Descendente,Bajo valor / Descendente
2213,21,692,55,3505.21,1300,13,672,63.73109090909091,False,158,8.162290961006288,31.881830985915496,9.659166666666666,False,-0.697032247899005,Sin dato,Sin dato,Sin dato,Sin dato,Sin dato,Sin dato,6.0,2.0,12.0,4.0,3.0,4.0,23.636363636363637,537.91,1,3,Alto,Descendente,Alto valor / Descendente
2214,111,683,14,398.23,110,22,573,28.445,False,53,5.9895376919142675,2.2484507042253523,11.553333333333335,False,4.138352960828531,Sin dato,Sin dato,Sin dato,Sin dato,Sin dato,Sin dato,6.0,2.0,12.0,4.0,3.0,4.0,7.857142857142857,77.47,0,0,Bajo,Ascendente,Bajo valor / Ascendente
2215,59,705,130,2372.22,859,0,647,18.24784615384615,False,108,7.772002961788721,26.880704225352112,18.984166666666667,False,-0.2937623022256221,Sin dato,Sin dato,Sin dato,Sin dato,Sin dato,Sin dato,6.0,2.0,12.0,4.0,3.0,4.0,6.607692307692307,463.39,1,5,Alto,Descendente,Alto valor / Descendente
2216,106,694,33,444.57,160,11,589,13.47181818181818,False,62,6.099354361391531,5.21,4.166666666666667,False,-0.20025591810620597,Sin dato,Sin dato,Sin dato,Sin dato,Sin dato,Sin dato,6.0,2.0,12.0,4.0,3.0,4.0,4.848484848484849,69.01,0,0,Bajo,Descendente,Bajo valor / Descendente
2217,81,704,191,4383.58,1576,1,624,22.950680628272252,False,178,8.385849119147148,53.568591549295775,34.875,False,-0.3489655226812011,35-44,B,15-24K,Unknown,Single Female,None/Unknown,2.0,1.0,1.0,5.0,4.0,3.0,8.25130890052356,1106.49,1,7,Alto,Descendente,Alto valor / Descendente
2218,4,663,18,860.03,413,42,660,47.779444444444444,False,99,6.758129347026295,7.873239436619718,16.31416666666667,False,1.0721034585569473,Sin dato,Sin dato,Sin dato,Sin dato,Sin dato,Sin dato,6.0,2.0,12.0,4.0,3.0,4.0,22.944444444444443,306.74,0,0,Bajo,Ascendente,Bajo valor / Ascendente
2219,80,702,23,1077.42,64,3,623,46.84434782608696,False,23,6.983252285980133,9.681830985915493,2.7325,False,-0.7177703262972608,Sin dato,Sin dato,Sin dato,Sin dato,Sin dato,Sin dato,6.0,2.0,12.0,4.0,3.0,4.0,2.782608695652174,20.33,0,0,Bajo,Descendente,Bajo valor / Descendente
2220,39,644,15,215.58,46,61,606,14.372000000000002,False,27,5.377959994200234,1.8535211267605634,0.8391666666666667,False,-0.5472581053698076,Sin dato,Sin dato,Sin dato,Sin dato,Sin dato,Sin dato,6.0,2.0,12.0,4.0,3.0,4.0,3.066666666666667,63.58,0,0,Bajo,Descendente,Bajo valor / Descendente
2221,107,701,112,2267.82,1169,4,595,20.248392857142857,False,114,7.727015151531677,27.35295774647887,21.253333333333334,False,-0.22299688646763396,65+,B,35-49K,Homeowner,Single Male,None/Unknown,5.0,1.0,3.0,0.0,5.0,3.0,10.4375,628.78,1,4,Alto,Descendente,Alto valor / Descendente
2222,30,695,39,3036.26,1031,10,666,77.85282051282051,False,134,8.018711072181485,33.69197183098591,24.114166666666666,False,-0.28427558981604956,Sin dato,Sin dato,Sin dato,Sin dato,Sin dato,Sin dato,6.0,2.0,12.0,4.0,3.0,4.0,26.435897435897434,644.96,1,2,Alto,Descendente,Alto valor / Descendente
2223,10,681,300,2059.76,826,24,672,6.865866666666667,False,117,7.630830125783771,16.315915492957746,5.489999999999999,False,-0.6635187279334963,Sin dato,Sin dato,Sin dato,Sin dato,Sin dato,Sin dato,6.0,2.0,12.0,4.0,3.0,4.0,2.7533333333333334,374.95,1,3,Bajo,Descendente,Bajo valor / Descendente
2224,11,704,105,3960.18,1558,1,694,37.716,False,136,8.284297239659344,38.63070422535212,35.848333333333336,False,-0.07202485556017381,19-24,B,250K+,Homeowner,Single Male,None/Unknown,0.0,1.0,11.0,0.0,5.0,3.0,14.838095238095239,1011.84,1,8,Alto,Descendente,Alto valor / Descendente
2225,48,684,97,3311.37,1076,21,637,34.13783505154639,False,145,8.105419224241343,36.041549295774644,35.82416666666666,False,-0.006031445189107494,Sin dato,Sin dato,Sin dato,Sin dato,Sin dato,Sin dato,6.0,2.0,12.0,4.0,3.0,4.0,11.092783505154639,379.28000000000003,1,5,Alto,Descendente,Alto valor / Descendente
2226,111,704,639,8857.01,2630,1,594,13.86073552425665,False,206,9.089077413405514,120.63619718309859,17.163333333333334,False,-0.8577265055256735,Sin dato,Sin dato,Sin dato,Sin dato,Sin dato,Sin dato,6.0,2.0,12.0,4.0,3.0,4.0,4.115805946791863,961.83,1,10,Alto,Descendente,Alto valor / Descendente
2227,96,650,173,4893.9,2271,55,555,28.28843930635838,False,156,8.495949125746742,65.78901408450704,1.7108333333333334,False,-0.9739951516656603,Sin dato,Sin dato,Sin dato,Sin dato,Sin dato,Sin dato,6.0,2.0,12.0,4.0,3.0,4.0,13.127167630057803,1195.0,0,0,Alto,Descendente,Alto valor / Descendente
2228,47,700,202,5298.05,1323,5,654,26.227970297029703,False,177,8.575282838190839,60.64422535211267,5.746666666666666,False,-0.9052396723133924,Sin dato,Sin dato,Sin dato,Sin dato,Sin dato,Sin dato,6.0,2.0,12.0,4.0,3.0,4.0,6.5495049504950495,657.72,1,6,Alto,Descendente,Alto valor / Descendente
2229,93,701,55,2371.45,867,4,609,43.11727272727273,False,138,7.77167845544641,18.448873239436622,87.96499999999999,False,3.768041866750134,Sin dato,Sin dato,Sin dato,Sin dato,Sin dato,Sin dato,6.0,2.0,12.0,4.0,3.0,4.0,15.763636363636364,461.17,0,0,Alto,Ascendente,Alto valor / Ascendente
2230,114,662,38,1195.65,407,43,549,31.464473684210528,False,107,7.087281265140624,14.363098591549296,8.566666666666666,False,-0.4035641674348062,Sin dato,Sin dato,Sin dato,Sin dato,Sin dato,Sin dato,6.0,2.0,12.0,4.0,3.0,4.0,10.710526315789474,115.28,1,1,Bajo,Descendente,Bajo valor / Descendente
2231,15,704,93,4370.17,1377,1,690,46.991075268817205,False,175,8.382785986808912,38.860704225352116,57.80833333333334,False,0.48757811999763206,35-44,A,200-249K,Homeowner,2 Adults No Kids,None/Unknown,2.0,0.0,10.0,0.0,2.0,3.0,14.806451612903226,612.6800000000001,1,3,Alto,Ascendente,Alto valor / Ascendente
2232,52,698,35,1107.1,327,7,647,31.631428571428568,False,86,7.01040211594228,11.159859154929578,15.615,False,0.39921120716854924,Sin dato,Sin dato,Sin dato,Sin dato,Sin dato,Sin dato,6.0,2.0,12.0,4.0,3.0,4.0,9.342857142857143,307.15999999999997,0,0,Bajo,Ascendente,Bajo valor / Ascendente
2233,66,696,272,8337.66,2618,9,631,30.65316176470588,False,203,9.02865781098092,94.14,79.1725,False,-0.15899192691735714,25-34,B,150-174K,Homeowner,Single Male,None/Unknown,1.0,1.0,8.0,0.0,5.0,3.0,9.625,888.5899999999999,1,11,Alto,Descendente,Alto valor / Descendente
2234,59,703,190,7837.76,1897,2,645,41.25136842105263,False,155,8.96683593757002,78.75873239436619,118.9475,False,0.5102769735347926,65+,A,Under 15K,Homeowner,2 Adults No Kids,None/Unknown,5.0,0.0,0.0,0.0,2.0,3.0,9.98421052631579,1289.63,1,4,Alto,Ascendente,Alto valor / Ascendente
2235,107,705,89,3824.87,834,0,599,42.976067415730334,False,157,8.249541171377976,40.427323943661975,34.25666666666667,False,-0.15263580853371614,45-54,U,175-199K,Homeowner,2 Adults Kids,1,3.0,3.0,9.0,0.0,1.0,0.0,9.370786516853933,440.64000000000004,1,5,Alto,Descendente,Alto valor / Descendente
2236,112,688,219,2880.5,881,17,577,13.15296803652968,False,125,7.966066270876721,39.757183098591554,3.106666666666667,False,-0.9218589843510133,Sin dato,Sin dato,Sin dato,Sin dato,Sin dato,Sin dato,6.0,2.0,12.0,4.0,3.0,4.0,4.0228310502283104,392.13000000000005,1,6,Alto,Descendente,Alto valor / Descendente
2237,62,705,158,4941.52,1814,0,644,31.275443037974686,False,132,8.50563060157174,55.20070422535211,50.958333333333336,False,-0.07685356467011115,45-54,U,50-74K,Homeowner,Single Female,None/Unknown,3.0,3.0,4.0,0.0,4.0,3.0,11.481012658227849,1185.49,1,6,Alto,Descendente,Alto valor / Descendente
2238,105,703,180,2479.46,1046,2,599,13.774777777777778,False,127,7.816199305829989,26.54830985915493,38.85333333333333,False,0.4634955497905315,Sin dato,Sin dato,Sin dato,Sin dato,Sin dato,Sin dato,6.0,2.0,12.0,4.0,3.0,4.0,5.811111111111111,423.5,1,3,Alto,Ascendente,Alto valor / Ascendente
2239,86,691,43,1787.48,554,14,606,41.5693023255814,False,110,7.489121376081333,18.76676056338028,23.53,False,0.2538125544114558,Sin dato,Sin dato,Sin dato,Sin dato,Sin dato,Sin dato,6.0,2.0,12.0,4.0,3.0,4.0,12.883720930232558,496.62,1,1,Bajo,Ascendente,Bajo valor / Ascendente
2240,27,704,213,5388.94,1705,1,678,25.300187793427227,False,132,8.592289532115668,52.89338028169014,52.53916666666667,False,-0.006696747553986295,Sin dato,Sin dato,Sin dato,Sin dato,Sin dato,Sin dato,6.0,2.0,12.0,4.0,3.0,4.0,8.004694835680752,1024.66,1,10,Alto,Descendente,Alto valor / Descendente
2241,54,703,78,1489.28,642,2,650,19.093333333333334,False,109,7.306719300747941,15.398591549295775,15.465000000000002,False,0.004312631482667252,Sin dato,Sin dato,Sin dato,Sin dato,Sin dato,Sin dato,6.0,2.0,12.0,4.0,3.0,4.0,8.23076923076923,468.01,1,1,Bajo,Ascendente,Bajo valor / Ascendente
2242,70,704,115,1207.37,561,1,635,10.49886956521739,False,137,7.097027622987857,8.215774647887324,30.28333333333333,False,2.6859985371094197,Sin dato,Sin dato,Sin dato,Sin dato,Sin dato,Sin dato,6.0,2.0,12.0,4.0,3.0,4.0,4.878260869565217,314.08,0,0,Bajo,Ascendente,Bajo valor / Ascendente
2243,93,684,43,3953.7200000000003,1131,21,592,91.94697674418605,False,125,8.28266508123539,45.43704225352113,59.096666666666664,False,0.3006274998475938,45-54,A,50-74K,Homeowner,2 Adults No Kids,None/Unknown,3.0,0.0,4.0,0.0,2.0,3.0,26.302325581395348,857.26,1,2,Alto,Ascendente,Alto valor / Ascendente
2244,40,702,315,5390.34,2322,3,663,17.112190476190477,False,155,8.592549241539384,56.8112676056338,73.63166666666667,False,0.2960750528890653,Sin dato,Sin dato,Sin dato,Sin dato,Sin dato,Sin dato,6.0,2.0,12.0,4.0,3.0,4.0,7.371428571428571,1470.0800000000002,1,9,Alto,Ascendente,Alto valor / Ascendente
2245,82,705,172,4383.9,1653,0,624,25.487790697674416,False,160,8.385922099529141,42.207464788732395,103.23,False,1.4457758957263418,Sin dato,Sin dato,Sin dato,Sin dato,Sin dato,Sin dato,6.0,2.0,12.0,4.0,3.0,4.0,9.61046511627907,497.94,1,5,Alto,Ascendente,Alto valor / Ascendente
2246,64,452,5,321.35,83,253,389,64.27000000000001,False,39,5.775637911756629,3.5388732394366196,0.0,False,-1.0,Sin dato,Sin dato,Sin dato,Sin dato,Sin dato,Sin dato,6.0,2.0,12.0,4.0,3.0,4.0,16.6,35.81,0,0,Bajo,Descendente,Bajo valor / Descendente
2247,10,704,89,3960.7,932,1,695,44.502247191011236,False,133,8.284428505057972,39.21816901408451,84.655,False,1.158565841500598,Sin dato,Sin dato,Sin dato,Sin dato,Sin dato,Sin dato,6.0,2.0,12.0,4.0,3.0,4.0,10.47191011235955,729.8399999999999,1,1,Alto,Ascendente,Alto valor / Ascendente
2248,47,703,26,937.23,312,2,657,36.04730769230769,False,101,6.843995121507626,8.017746478873239,23.315833333333334,False,1.9080282589092274,Sin dato,Sin dato,Sin dato,Sin dato,Sin dato,Sin dato,6.0,2.0,12.0,4.0,3.0,4.0,12.0,135.7,1,1,Bajo,Ascendente,Bajo valor / Ascendente
2249,81,305,3,181.51,64,400,225,60.50333333333333,True,44,5.206804966041929,1.9673239436619718,0.0,False,-1.0,Sin dato,Sin dato,Sin dato,Sin dato,Sin dato,Sin dato,6.0,2.0,12.0,4.0,3.0,4.0,21.333333333333332,33.51,0,0,Bajo,Descendente,Bajo valor / Descendente
2250,100,690,66,2300.02,653,15,591,34.84878787878788,False,95,7.74110778187069,30.19676056338028,9.99,False,-0.6691698111447454,35-44,U,75-99K,Unknown,Unknown,None/Unknown,2.0,3.0,5.0,5.0,6.0,3.0,9.893939393939394,812.66,1,1,Alto,Descendente,Alto valor / Descendente
2251,33,662,26,2022.54,741,43,630,77.78999999999999,False,104,7.612603731849723,12.660281690140845,28.33666666666667,False,1.2382335053993119,Sin dato,Sin dato,Sin dato,Sin dato,Sin dato,Sin dato,6.0,2.0,12.0,4.0,3.0,4.0,28.5,449.32,1,1,Bajo,Ascendente,Bajo valor / Ascendente
2252,11,703,341,9299.48,3268,2,693,27.271202346041054,False,192,9.137821290712672,93.8612676056338,152.93166666666667,False,0.6293373248401273,45-54,A,50-74K,Homeowner,2 Adults Kids,2,3.0,0.0,4.0,0.0,1.0,1.0,9.583577712609971,2534.68,1,1,Alto,Ascendente,Alto valor / Ascendente
2253,67,692,29,450.33,204,13,626,15.528620689655172,False,68,6.1121987792524655,2.8308450704225354,6.164166666666667,False,1.1775005389986233,Sin dato,Sin dato,Sin dato,Sin dato,Sin dato,Sin dato,6.0,2.0,12.0,4.0,3.0,4.0,7.0344827586206895,110.93,0,0,Bajo,Ascendente,Bajo valor / Ascendente
2254,58,569,80,1270.35,397,136,512,15.879375,False,125,7.147834607002549,15.976478873239435,0.0,False,-1.0,19-24,U,35-49K,Unknown,Single Male,None/Unknown,0.0,3.0,3.0,5.0,5.0,3.0,4.9625,209.69,1,2,Bajo,Descendente,Bajo valor / Descendente
2255,68,649,21,570.03,132,56,582,27.14428571428571,False,60,6.347441747680417,5.166197183098592,3.7758333333333334,False,-0.26912713558705925,Sin dato,Sin dato,Sin dato,Sin dato,Sin dato,Sin dato,6.0,2.0,12.0,4.0,3.0,4.0,6.285714285714286,116.60000000000001,0,0,Bajo,Descendente,Bajo valor / Descendente
2256,110,670,29,1453.4,418,35,561,50.11724137931035,False,106,7.2823487234232145,15.990422535211266,19.977500000000003,False,0.24934159532114322,Sin dato,Sin dato,Sin dato,Sin dato,Sin dato,Sin dato,6.0,2.0,12.0,4.0,3.0,4.0,14.413793103448276,190.56,0,0,Bajo,Ascendente,Bajo valor / Ascendente
2257,10,704,75,791.54,209,1,695,10.553866666666666,False,36,6.675242977663827,7.322957746478872,11.669166666666667,False,0.5935045743337247,Sin dato,Sin dato,Sin dato,Sin dato,Sin dato,Sin dato,6.0,2.0,12.0,4.0,3.0,4.0,2.7866666666666666,36.53,0,0,Bajo,Ascendente,Bajo valor / Ascendente
2258,27,702,47,1392.76,450,3,676,29.633191489361703,False,122,7.2397604100705815,11.439436619718311,16.2225,False,0.41812053681359257,Sin dato,Sin dato,Sin dato,Sin dato,Sin dato,Sin dato,6.0,2.0,12.0,4.0,3.0,4.0,9.574468085106384,207.15000000000003,1,1,Bajo,Ascendente,Bajo valor / Ascendente
2259,96,704,15,580.34,190,1,609,38.68933333333334,False,70,6.3653357836249675,0.0,47.77916666666667,True,,Sin dato,Sin dato,Sin dato,Sin dato,Sin dato,Sin dato,6.0,2.0,12.0,4.0,3.0,4.0,12.666666666666666,126.46,0,0,Bajo,Sin tendencia disponible,Sin tendencia disponible
2260,54,702,132,7338.9400000000005,1822,3,649,55.598030303030306,False,142,8.90108594718823,76.33028169014084,34.02583333333333,False,-0.5542289039170641,45-54,U,25-34K,Homeowner,Single Female,None/Unknown,3.0,3.0,2.0,0.0,4.0,3.0,13.803030303030303,824.2399999999999,1,4,Alto,Descendente,Alto valor / Descendente
2261,108,705,427,13239.48,3737,0,598,31.00580796252927,False,176,9.491034082610282,159.19830985915493,129.16083333333333,False,-0.18867961947834871,Sin dato,Sin dato,Sin dato,Sin dato,Sin dato,Sin dato,6.0,2.0,12.0,4.0,3.0,4.0,8.75175644028103,1692.7200000000003,1,8,Alto,Descendente,Alto valor / Descendente
2262,41,703,148,1465.45,621,2,663,9.90168918918919,False,110,7.290599793052768,15.83887323943662,13.289166666666667,False,-0.16097777501126365,Sin dato,Sin dato,Sin dato,Sin dato,Sin dato,Sin dato,6.0,2.0,12.0,4.0,3.0,4.0,4.195945945945946,190.42,1,7,Bajo,Descendente,Bajo valor / Descendente
2263,7,704,455,5715.06,2710,1,698,12.56057142857143,False,187,8.651035035845611,47.36591549295775,47.189166666666665,False,-0.0037315614920893966,Sin dato,Sin dato,Sin dato,Sin dato,Sin dato,Sin dato,6.0,2.0,12.0,4.0,3.0,4.0,5.956043956043956,1044.85,1,7,Alto,Descendente,Alto valor / Descendente
2264,115,704,312,16783.2,4384,1,590,53.792307692307695,False,217,9.728193246675664,196.52845070422535,204.93416666666667,False,0.042770987774649966,45-54,A,250K+,Homeowner,2 Adults No Kids,None/Unknown,3.0,0.0,11.0,0.0,2.0,3.0,14.051282051282051,2432.0699999999997,1,9,Alto,Ascendente,Alto valor / Ascendente
2265,55,72,3,77.44,20,633,18,25.813333333333333,True,17,4.362334001328145,0.0,0.0,True,,Sin dato,Sin dato,Sin dato,Sin dato,Sin dato,Sin dato,6.0,2.0,12.0,4.0,3.0,4.0,6.666666666666667,5.45,0,0,Bajo,Sin tendencia disponible,Sin tendencia disponible
2266,75,704,148,8754.12,2718,1,630,59.149459459459464,False,194,9.077393951079475,95.87676056338029,117.25666666666666,False,0.2229936219961559,25-34,B,35-49K,Homeowner,Single Male,None/Unknown,1.0,1.0,3.0,0.0,5.0,3.0,18.364864864864863,1072.45,1,7,Alto,Ascendente,Alto valor / Ascendente
2267,85,704,63,2238.16,771,1,620,35.5263492063492,False,114,7.713856074519002,17.13450704225352,71.51833333333333,False,3.173935856862987,Sin dato,Sin dato,Sin dato,Sin dato,Sin dato,Sin dato,6.0,2.0,12.0,4.0,3.0,4.0,12.238095238095237,390.33,0,0,Alto,Ascendente,Alto valor / Ascendente
2268,109,658,23,668.96,198,47,550,29.08521739130435,False,76,6.50721800911027,8.418450704225352,1.2441666666666666,False,-0.8522095442048262,Sin dato,Sin dato,Sin dato,Sin dato,Sin dato,Sin dato,6.0,2.0,12.0,4.0,3.0,4.0,8.608695652173912,105.09,0,0,Bajo,Descendente,Bajo valor / Descendente
2269,105,702,206,3229.66,1101,3,598,15.677961165048544,False,110,8.080441729708605,36.780985915492955,39.32,False,0.0690306151754773,55-64,A,35-49K,Homeowner,2 Adults No Kids,None/Unknown,4.0,0.0,3.0,0.0,2.0,3.0,5.344660194174757,1190.1899999999998,1,4,Alto,Ascendente,Alto valor / Ascendente
2270,77,702,310,4671.24,2599,3,626,15.068516129032258,False,168,8.44939389305169,51.76478873239437,37.64833333333333,False,-0.27270381556154155,Sin dato,Sin dato,Sin dato,Sin dato,Sin dato,Sin dato,6.0,2.0,12.0,4.0,3.0,4.0,8.383870967741936,1290.05,1,10,Alto,Descendente,Alto valor / Descendente
2271,116,678,46,361.88,179,27,563,7.86695652173913,False,51,5.894072201099332,4.826197183098592,1.3525,False,-0.7197586528920796,Sin dato,Sin dato,Sin dato,Sin dato,Sin dato,Sin dato,6.0,2.0,12.0,4.0,3.0,4.0,3.891304347826087,178.54,0,0,Bajo,Descendente,Bajo valor / Descendente
2272,56,699,70,2244.17,482,6,644,32.05957142857143,False,99,7.716536521140185,21.7043661971831,50.63999999999999,False,1.3331711020694217,65+,A,25-34K,Homeowner,2 Adults No Kids,None/Unknown,5.0,0.0,2.0,0.0,2.0,3.0,6.885714285714286,286.89,0,0,Alto,Ascendente,Alto valor / Ascendente
2273,95,704,52,1594.87,517,1,610,30.670576923076922,False,106,7.375174321058141,18.016197183098594,16.99833333333333,False,-0.05649715305736907,Sin dato,Sin dato,Sin dato,Sin dato,Sin dato,Sin dato,6.0,2.0,12.0,4.0,3.0,4.0,9.942307692307692,211.7,1,1,Bajo,Descendente,Bajo valor / Descendente
2274,33,703,69,6795.27,1618,2,671,98.48217391304348,False,166,8.824129211255139,55.55098591549296,156.71666666666667,False,1.8211320480445152,Sin dato,Sin dato,Sin dato,Sin dato,Sin dato,Sin dato,6.0,2.0,12.0,4.0,3.0,4.0,23.44927536231884,1305.33,1,6,Alto,Ascendente,Alto valor / Ascendente
2275,72,704,133,2768.16,1164,1,633,20.813233082706766,False,151,7.926299304094606,23.51,76.28083333333333,False,2.24461222174961,Sin dato,Sin dato,Sin dato,Sin dato,Sin dato,Sin dato,6.0,2.0,12.0,4.0,3.0,4.0,8.75187969924812,694.09,1,3,Alto,Ascendente,Alto valor / Ascendente
2276,96,674,31,1007.97,434,31,579,32.51516129032258,False,103,6.916685287503267,7.9719718309859156,27.073333333333334,False,2.396064851622174,Sin dato,Sin dato,Sin dato,Sin dato,Sin dato,Sin dato,6.0,2.0,12.0,4.0,3.0,4.0,14.0,218.29,0,0,Bajo,Ascendente,Bajo valor / Ascendente
2277,65,701,124,3740.5,1542,4,637,30.16532258064516,False,150,8.227241879520413,47.26633802816901,15.924999999999999,False,-0.663079462798466,Sin dato,Sin dato,Sin dato,Sin dato,Sin dato,Sin dato,6.0,2.0,12.0,4.0,3.0,4.0,12.435483870967742,969.28,1,7,Alto,Descendente,Alto valor / Descendente
2278,118,687,46,1160.57,306,18,570,25.22978260869565,False,103,7.057527817290742,14.125211267605634,11.539166666666667,False,-0.1830800652780132,Sin dato,Sin dato,Sin dato,Sin dato,Sin dato,Sin dato,6.0,2.0,12.0,4.0,3.0,4.0,6.6521739130434785,125.79,1,3,Bajo,Descendente,Bajo valor / Descendente
2279,93,705,59,972.47,416,0,613,16.482542372881355,False,100,6.880867007696426,9.034366197183099,19.6975,False,1.1802857632826143,25-34,U,50-74K,Unknown,2 Adults No Kids,None/Unknown,1.0,3.0,4.0,5.0,2.0,3.0,7.0508474576271185,250.27,1,2,Bajo,Ascendente,Bajo valor / Ascendente
2280,51,703,227,12221.95,3530,2,653,53.84118942731278,False,172,9.411070611120119,133.33887323943662,140.99666666666667,False,0.057431064483940454,35-44,U,15-24K,Homeowner,2 Adults Kids,1,2.0,3.0,1.0,0.0,1.0,0.0,15.550660792951541,3156.84,1,13,Alto,Ascendente,Alto valor / Ascendente
2281,85,703,103,4887.78,1359,2,619,47.45417475728155,False,146,8.494698062588865,41.97732394366197,150.2525,False,2.579373001519935,Sin dato,Sin dato,Sin dato,Sin dato,Sin dato,Sin dato,6.0,2.0,12.0,4.0,3.0,4.0,13.194174757281553,871.66,1,2,Alto,Ascendente,Alto valor / Ascendente
2282,113,703,76,1056.01,521,2,591,13.894868421052632,False,96,6.963199446563423,10.988028169014084,15.393333333333333,False,0.4009186267598111,55-64,B,175-199K,Homeowner,Single Female,None/Unknown,4.0,1.0,9.0,0.0,4.0,3.0,6.855263157894737,114.0,1,2,Bajo,Ascendente,Bajo valor / Ascendente
2283,52,691,17,1389.3700000000001,369,14,640,81.72764705882354,False,118,7.23732517775361,13.890704225352113,20.519166666666667,False,0.4771869254272117,Sin dato,Sin dato,Sin dato,Sin dato,Sin dato,Sin dato,6.0,2.0,12.0,4.0,3.0,4.0,21.705882352941178,176.83,0,0,Bajo,Ascendente,Bajo valor / Ascendente
2284,107,703,261,17025.23,4595,2,597,65.2307662835249,False,227,9.742510375104082,204.11352112676056,205.33916666666667,False,0.006004724886133088,45-54,A,250K+,Homeowner,2 Adults No Kids,None/Unknown,3.0,0.0,11.0,0.0,2.0,3.0,17.60536398467433,2193.82,1,10,Alto,Ascendente,Alto valor / Ascendente
2285,82,698,73,2057.9,797,7,617,28.19041095890411,False,119,7.6299271385826986,19.4343661971831,45.99916666666667,False,1.36689821525201,Sin dato,Sin dato,Sin dato,Sin dato,Sin dato,Sin dato,6.0,2.0,12.0,4.0,3.0,4.0,10.917808219178083,405.86,0,0,Bajo,Ascendente,Bajo valor / Ascendente
2286,59,659,26,989.26,255,46,601,38.04846153846154,False,96,6.897967534911022,11.363239436619718,3.644166666666667,False,-0.6793021314922925,Sin dato,Sin dato,Sin dato,Sin dato,Sin dato,Sin dato,6.0,2.0,12.0,4.0,3.0,4.0,9.807692307692308,112.78999999999999,1,1,Bajo,Descendente,Bajo valor / Descendente
2287,104,702,33,833.51,288,3,599,25.257878787878788,False,86,6.726844726253579,6.109577464788732,27.474999999999998,False,3.4970376688644014,Sin dato,Sin dato,Sin dato,Sin dato,Sin dato,Sin dato,6.0,2.0,12.0,4.0,3.0,4.0,8.727272727272727,147.4,0,0,Bajo,Ascendente,Bajo valor / Ascendente
2288,79,705,156,2081.06,654,0,627,13.340128205128204,False,131,7.641113067203475,23.07112676056338,7.0125,False,-0.696048655413449,Sin dato,Sin dato,Sin dato,Sin dato,Sin dato,Sin dato,6.0,2.0,12.0,4.0,3.0,4.0,4.1923076923076925,422.3,1,4,Bajo,Descendente,Bajo valor / Descendente
2289,111,704,87,2411.68,846,1,594,27.72045977011494,False,134,7.7884934418288125,25.20957746478873,44.732499999999995,False,0.7744248217757614,Sin dato,Sin dato,Sin dato,Sin dato,Sin dato,Sin dato,6.0,2.0,12.0,4.0,3.0,4.0,9.724137931034482,660.23,1,3,Alto,Ascendente,Alto valor / Ascendente
2290,81,694,70,916.97,290,11,614,13.099571428571428,False,80,6.822164710347934,9.073239436619719,1.6691666666666667,False,-0.8160340991410535,Sin dato,Sin dato,Sin dato,Sin dato,Sin dato,Sin dato,6.0,2.0,12.0,4.0,3.0,4.0,4.142857142857143,140.82,0,0,Bajo,Descendente,Bajo valor / Descendente
2291,71,665,55,439.03000000000003,175,40,595,7.982363636363637,False,49,6.086842906406214,4.454507042253521,6.309166666666667,False,0.41635575088795446,Sin dato,Sin dato,Sin dato,Sin dato,Sin dato,Sin dato,6.0,2.0,12.0,4.0,3.0,4.0,3.1818181818181817,43.58,0,0,Bajo,Ascendente,Bajo valor / Ascendente
2292,60,701,113,1308.56,574,4,642,11.580176991150442,False,95,7.177446481912999,14.750704225352113,18.9725,False,0.2862097775231548,45-54,A,35-49K,Renter,2 Adults Kids,3+,3.0,0.0,3.0,3.0,1.0,2.0,5.079646017699115,215.83999999999997,0,0,Bajo,Ascendente,Bajo valor / Ascendente
2293,69,697,43,2369.22,533,8,629,55.098139534883714,False,111,7.770738056825237,28.235774647887325,24.99083333333333,False,-0.11492304904044094,Sin dato,Sin dato,Sin dato,Sin dato,Sin dato,Sin dato,6.0,2.0,12.0,4.0,3.0,4.0,12.395348837209303,260.38,1,1,Alto,Descendente,Alto valor / Descendente
2294,47,682,186,8381.66,2747,23,636,45.06268817204301,False,178,9.033920565542653,113.77267605633803,19.395833333333332,False,-0.8295211644338146,45-54,B,25-34K,Renter,2 Adults Kids,2,3.0,1.0,2.0,3.0,1.0,1.0,14.768817204301076,1164.42,1,6,Alto,Descendente,Alto valor / Descendente
2295,47,691,98,8003.99,2693,14,645,81.67336734693878,False,183,8.987820376210797,87.2656338028169,49.931666666666665,False,-0.42781981301492716,35-44,B,35-49K,Renter,Single Male,None/Unknown,2.0,1.0,3.0,3.0,5.0,3.0,27.479591836734695,1610.19,1,9,Alto,Descendente,Alto valor / Descendente
2296,110,705,227,13329.62,5072,0,596,58.72079295154185,False,195,9.497818923719029,148.89154929577464,200.73916666666665,False,0.348224043715847,35-44,U,125-149K,Homeowner,2 Adults No Kids,None/Unknown,2.0,3.0,7.0,0.0,2.0,3.0,22.34361233480176,2237.0,1,8,Alto,Ascendente,Alto valor / Ascendente
2297,14,698,45,698.36,269,7,685,15.519111111111112,False,64,6.5501656311150045,7.4978873239436625,7.96,False,0.0616323847093077,Sin dato,Sin dato,Sin dato,Sin dato,Sin dato,Sin dato,6.0,2.0,12.0,4.0,3.0,4.0,5.977777777777778,115.48,0,0,Bajo,Ascendente,Bajo valor / Ascendente
2298,72,705,82,2692.57,892,0,634,32.83621951219512,False,111,7.898622730273705,26.429154929577464,45.2775,False,0.7131648787350718,65+,A,50-74K,Probable Renter,Single Female,None/Unknown,5.0,0.0,4.0,2.0,4.0,3.0,10.878048780487806,559.52,1,2,Alto,Ascendente,Alto valor / Ascendente
2299,116,695,61,2019.73,1082,10,580,33.11032786885246,False,134,7.611214111249621,24.07380281690141,20.716666666666665,False,-0.13945184214426695,Sin dato,Sin dato,Sin dato,Sin dato,Sin dato,Sin dato,6.0,2.0,12.0,4.0,3.0,4.0,17.737704918032787,350.52,1,1,Bajo,Descendente,Bajo valor / Descendente
2300,89,704,117,4550.51,1708,1,616,38.893247863247865,False,161,8.423214325020817,53.09183098591549,52.759166666666665,False,-0.006265828717361034,45-54,U,50-74K,Homeowner,2 Adults No Kids,None/Unknown,3.0,3.0,4.0,0.0,2.0,3.0,14.598290598290598,973.95,1,7,Alto,Descendente,Alto valor / Descendente
2301,30,702,135,4455.24,1298,3,673,33.001777777777775,False,135,8.402060640120817,56.02309859154929,38.6475,False,-0.3101506169487434,Sin dato,Sin dato,Sin dato,Sin dato,Sin dato,Sin dato,6.0,2.0,12.0,4.0,3.0,4.0,9.614814814814816,889.95,1,5,Alto,Descendente,Alto valor / Descendente
2302,90,683,74,1960.24,917,22,594,26.48972972972973,False,150,7.5813322052452055,20.9256338028169,30.015,False,0.43436515628786054,35-44,A,35-49K,Homeowner,1 Adult Kids,1,2.0,0.0,3.0,0.0,0.0,0.0,12.391891891891891,516.3,1,2,Bajo,Ascendente,Bajo valor / Ascendente
2303,74,705,65,2149.87,540,0,632,33.07492307692308,False,123,7.673627690435297,24.92845070422535,16.25916666666667,False,-0.3477666598866991,Sin dato,Sin dato,Sin dato,Sin dato,Sin dato,Sin dato,6.0,2.0,12.0,4.0,3.0,4.0,8.307692307692308,295.75,1,3,Alto,Descendente,Alto valor / Descendente
2304,82,574,88,240.09,126,131,493,2.7282954545454547,False,35,5.485170307761209,2.7012676056338027,0.0,False,-1.0,Sin dato,Sin dato,Sin dato,Sin dato,Sin dato,Sin dato,6.0,2.0,12.0,4.0,3.0,4.0,1.4318181818181819,44.61,0,0,Bajo,Descendente,Bajo valor / Descendente
2305,2,704,123,6320.64,2321,1,703,51.387317073170735,False,158,8.75173394714913,62.28647887323944,65.47833333333334,False,0.05124474071796083,45-54,B,50-74K,Homeowner,Single Female,None/Unknown,3.0,1.0,4.0,0.0,4.0,3.0,18.869918699186993,1761.67,1,9,Alto,Ascendente,Alto valor / Ascendente
2306,23,341,8,62.06,38,364,319,7.7575,True,15,4.144086654116915,0.3071830985915493,0.0,True,,Sin dato,Sin dato,Sin dato,Sin dato,Sin dato,Sin dato,6.0,2.0,12.0,4.0,3.0,4.0,4.75,11.56,0,0,Bajo,Sin tendencia disponible,Sin tendencia disponible
2307,11,700,176,5963.01,1995,5,690,33.88073863636364,False,148,8.693498352610252,65.30056338028169,52.6575,False,-0.19361338900943414,45-54,A,75-99K,Homeowner,2 Adults Kids,1,3.0,0.0,5.0,0.0,1.0,0.0,11.335227272727273,1194.15,1,9,Alto,Descendente,Alto valor / Descendente
2308,32,698,31,582.45,163,7,667,18.788709677419355,False,71,6.368958758252116,6.58281690140845,6.934166666666667,False,0.053373771520675656,Sin dato,Sin dato,Sin dato,Sin dato,Sin dato,Sin dato,6.0,2.0,12.0,4.0,3.0,4.0,5.258064516129032,68.52,0,0,Bajo,Ascendente,Bajo valor / Ascendente
2309,39,636,12,275.01,84,69,598,22.9175,False,47,5.620437096944849,1.8343661971830987,9.9,False,4.396959459459459,Sin dato,Sin dato,Sin dato,Sin dato,Sin dato,Sin dato,6.0,2.0,12.0,4.0,3.0,4.0,7.0,93.57000000000001,0,0,Bajo,Ascendente,Bajo valor / Ascendente
2310,34,705,74,1389.32,642,0,672,18.774594594594593,False,101,7.237289215456478,17.540563380281693,7.299166666666667,False,-0.5838693143190565,Sin dato,Sin dato,Sin dato,Sin dato,Sin dato,Sin dato,6.0,2.0,12.0,4.0,3.0,4.0,8.675675675675675,307.81,1,1,Bajo,Descendente,Bajo valor / Descendente
2311,90,694,57,1806.83,511,11,605,31.69877192982456,False,89,7.499882509982676,22.98929577464789,3.191666666666667,False,-0.861167271152935,Sin dato,Sin dato,Sin dato,Sin dato,Sin dato,Sin dato,6.0,2.0,12.0,4.0,3.0,4.0,8.964912280701755,255.52,0,0,Bajo,Descendente,Bajo valor / Descendente
2312,94,705,317,14545.63,3901,0,612,45.88526813880126,False,200,9.58511463065244,157.6367605633803,193.3575,False,0.2266015827079725,45-54,A,250K+,Homeowner,2 Adults No Kids,None/Unknown,3.0,0.0,11.0,0.0,2.0,3.0,12.305993690851736,2568.9300000000003,1,8,Alto,Ascendente,Alto valor / Ascendente
2313,107,663,10,104.47,29,42,557,10.447,False,16,4.658426552288523,0.9792957746478873,1.6458333333333333,True,,Sin dato,Sin dato,Sin dato,Sin dato,Sin dato,Sin dato,6.0,2.0,12.0,4.0,3.0,4.0,2.9,13.03,0,0,Bajo,Sin tendencia disponible,Sin tendencia disponible
2314,101,695,86,5078.05,1843,10,595,59.04709302325582,False,155,8.53287951521036,58.37591549295774,49.03666666666667,False,-0.1599846228949972,45-54,A,125-149K,Homeowner,2 Adults No Kids,None/Unknown,3.0,0.0,7.0,0.0,2.0,3.0,21.430232558139537,829.28,1,4,Alto,Descendente,Alto valor / Descendente
2315,119,683,5,188.69,30,22,565,37.738,False,22,5.245391160738632,0.0,3.908333333333333,True,,Sin dato,Sin dato,Sin dato,Sin dato,Sin dato,Sin dato,6.0,2.0,12.0,4.0,3.0,4.0,6.0,26.279999999999998,0,0,Bajo,Sin tendencia disponible,Sin tendencia disponible
2316,38,577,27,751.89,204,128,540,27.84777777777778,False,86,6.623919134791512,5.7805633802816905,0.0,False,-1.0,Sin dato,Sin dato,Sin dato,Sin dato,Sin dato,Sin dato,6.0,2.0,12.0,4.0,3.0,4.0,7.555555555555555,99.65,1,1,Bajo,Descendente,Bajo valor / Descendente
2317,8,705,150,13967.37,4953,0,698,93.11580000000001,False,182,9.544550766846537,136.7101408450704,194.65666666666667,False,0.423864136657319,35-44,A,50-74K,Homeowner,2 Adults Kids,3+,2.0,0.0,4.0,0.0,1.0,2.0,33.02,3165.16,1,17,Alto,Ascendente,Alto valor / Ascendente
2318,43,622,366,10685.72,3279,83,580,29.195956284153002,False,187,9.276757128125526,128.8718309859155,6.736666666666667,False,-0.947725840355268,19-24,U,Under 15K,Unknown,Single Female,None/Unknown,0.0,3.0,0.0,5.0,4.0,3.0,8.959016393442623,1859.34,1,13,Alto,Descendente,Alto valor / Descendente
2319,10,699,116,1143.69,507,6,690,9.859396551724139,False,108,7.042889136972932,8.590140845070422,12.270000000000001,False,0.42838170191834746,Sin dato,Sin dato,Sin dato,Sin dato,Sin dato,Sin dato,6.0,2.0,12.0,4.0,3.0,4.0,4.370689655172414,207.33,1,2,Bajo,Ascendente,Bajo valor / Ascendente
2320,60,686,25,369.59000000000003,146,19,627,14.783600000000002,False,65,5.915096330216832,4.77887323943662,2.0975,False,-0.5610890067786619,Sin dato,Sin dato,Sin dato,Sin dato,Sin dato,Sin dato,6.0,2.0,12.0,4.0,3.0,4.0,5.84,37.06,0,0,Bajo,Descendente,Bajo valor / Descendente
2321,46,692,16,325.0,106,13,647,20.3125,False,62,5.786897381366708,2.2554929577464793,5.538333333333333,False,1.4554868656592144,Sin dato,Sin dato,Sin dato,Sin dato,Sin dato,Sin dato,6.0,2.0,12.0,4.0,3.0,4.0,6.625,40.699999999999996,0,0,Bajo,Ascendente,Bajo valor / Ascendente
2322,66,699,321,23576.31,5671,6,634,73.44644859813084,False,242,10.068040087855191,267.3747887323944,179.085,False,-0.3302098494438097,45-54,U,175-199K,Homeowner,Single Male,None/Unknown,3.0,3.0,9.0,0.0,5.0,3.0,17.666666666666668,2414.42,1,10,Alto,Descendente,Alto valor / Descendente
2323,107,684,29,781.34,164,21,578,26.942758620689656,False,65,6.662289428663436,7.728591549295775,16.026666666666667,False,1.0736852975658946,Sin dato,Sin dato,Sin dato,Sin dato,Sin dato,Sin dato,6.0,2.0,12.0,4.0,3.0,4.0,5.655172413793103,57.18,0,0,Bajo,Ascendente,Bajo valor / Ascendente
2324,3,703,146,2671.77,935,2,701,18.299794520547945,False,146,7.89087066679518,26.414788732394367,39.935833333333335,False,0.5118740391195002,35-44,A,50-74K,Homeowner,2 Adults No Kids,None/Unknown,2.0,0.0,4.0,0.0,2.0,3.0,6.404109589041096,594.61,1,9,Alto,Ascendente,Alto valor / Ascendente
2325,671,697,3,106.36,22,8,27,35.45333333333333,True,15,4.676187673223372,0.0,8.863333333333333,True,,Sin dato,Sin dato,Sin dato,Sin dato,Sin dato,Sin dato,6.0,2.0,12.0,4.0,3.0,4.0,7.333333333333333,11.37,0,0,Bajo,Sin tendencia disponible,Sin tendencia disponible
2326,110,692,46,1306.9,531,13,583,28.410869565217393,False,109,7.176178076495106,12.59394366197183,33.8225,False,1.6856162698368322,Sin dato,Sin dato,Sin dato,Sin dato,Sin dato,Sin dato,6.0,2.0,12.0,4.0,3.0,4.0,11.543478260869565,335.51,0,0,Bajo,Ascendente,Bajo valor / Ascendente
2327,6,689,43,1267.76,606,16,684,29.482790697674417,False,110,7.145795324532435,15.720985915492959,2.501666666666667,False,-0.8408708792111259,Sin dato,Sin dato,Sin dato,Sin dato,Sin dato,Sin dato,6.0,2.0,12.0,4.0,3.0,4.0,14.093023255813954,382.82,1,1,Bajo,Descendente,Bajo valor / Descendente
2328,6,702,164,14060.73,3024,3,697,85.73615853658536,False,203,9.55121220189208,134.3269014084507,188.17499999999998,False,0.4008735259053747,45-54,U,250K+,Homeowner,2 Adults No Kids,None/Unknown,3.0,3.0,11.0,0.0,2.0,3.0,18.4390243902439,1309.87,1,11,Alto,Ascendente,Alto valor / Ascendente
2329,63,581,100,2722.37,1051,124,519,27.223699999999997,False,147,7.90962536298759,32.75239436619719,0.0,False,-1.0,Sin dato,Sin dato,Sin dato,Sin dato,Sin dato,Sin dato,6.0,2.0,12.0,4.0,3.0,4.0,10.51,527.17,1,5,Alto,Descendente,Alto valor / Descendente
2330,62,702,71,5586.8,1409,3,641,78.68732394366198,False,166,8.628340928755668,62.2312676056338,82.28166666666667,False,0.322191718608311,45-54,U,50-74K,Homeowner,Unknown,None/Unknown,3.0,3.0,4.0,0.0,6.0,3.0,19.845070422535212,773.42,1,6,Alto,Ascendente,Alto valor / Ascendente
2331,17,697,103,5903.55,2230,8,681,57.31601941747573,False,157,8.68347851912302,58.1874647887324,70.99166666666666,False,0.2200508636082338,35-44,A,35-49K,Homeowner,2 Adults Kids,3+,2.0,0.0,3.0,0.0,1.0,2.0,21.650485436893202,1691.22,1,8,Alto,Ascendente,Alto valor / Ascendente
2332,31,650,16,353.8,65,55,620,22.1125,False,37,5.871554250435424,2.3563380281690143,8.376666666666667,False,2.5549511854951183,Sin dato,Sin dato,Sin dato,Sin dato,Sin dato,Sin dato,6.0,2.0,12.0,4.0,3.0,4.0,4.0625,27.76,0,0,Bajo,Ascendente,Bajo valor / Ascendente
2333,53,704,22,259.27,165,1,652,11.784999999999998,False,54,5.561719553725808,0.3836619718309859,15.931666666666667,True,,Sin dato,Sin dato,Sin dato,Sin dato,Sin dato,Sin dato,6.0,2.0,12.0,4.0,3.0,4.0,7.5,188.81,0,0,Bajo,Sin tendencia disponible,Sin tendencia disponible
2334,12,704,359,11735.0,4021,1,693,32.68802228412256,False,187,9.370416319822818,131.43971830985916,119.0225,False,-0.09447082259098058,35-44,U,50-74K,Homeowner,Unknown,None/Unknown,2.0,3.0,4.0,0.0,6.0,3.0,11.200557103064067,1804.97,1,12,Alto,Descendente,Alto valor / Descendente
2335,57,705,53,1955.25,644,0,649,36.89150943396226,False,123,7.578784654288463,20.304225352112674,41.594166666666666,False,1.0485473316685168,Sin dato,Sin dato,Sin dato,Sin dato,Sin dato,Sin dato,6.0,2.0,12.0,4.0,3.0,4.0,12.150943396226415,462.41,0,0,Bajo,Ascendente,Bajo valor / Ascendente
2336,3,699,76,2384.25,1057,6,697,31.37171052631579,False,121,7.777059219631956,24.338028169014084,28.537499999999998,False,0.17254774305555548,Sin dato,Sin dato,Sin dato,Sin dato,Sin dato,Sin dato,6.0,2.0,12.0,4.0,3.0,4.0,13.907894736842104,584.9,1,2,Alto,Ascendente,Alto valor / Ascendente
2337,114,705,1208,11645.99,5489,0,592,9.640720198675497,False,189,9.362803056512089,150.05732394366197,56.330000000000005,False,-0.6246101255201063,65+,U,Under 15K,Homeowner,1 Adult Kids,2,5.0,3.0,0.0,0.0,0.0,1.0,4.54387417218543,1829.4,1,9,Alto,Descendente,Alto valor / Descendente
2338,118,705,68,2066.83,763,0,588,30.39455882352941,False,153,7.634255027220288,22.107887323943665,31.38083333333333,False,0.4194406219605942,Sin dato,Sin dato,Sin dato,Sin dato,Sin dato,Sin dato,6.0,2.0,12.0,4.0,3.0,4.0,11.220588235294118,342.66,1,1,Bajo,Ascendente,Bajo valor / Ascendente
2339,76,686,10,262.42,107,19,611,26.242,False,58,5.573749716570901,1.523661971830986,2.8516666666666666,False,0.8715874776606888,Sin dato,Sin dato,Sin dato,Sin dato,Sin dato,Sin dato,6.0,2.0,12.0,4.0,3.0,4.0,10.7,54.800000000000004,0,0,Bajo,Ascendente,Bajo valor / Ascendente
2340,23,705,148,2968.81,1114,0,683,20.059527027027027,False,140,7.996253256686408,30.054788732394364,63.66416666666667,False,1.1182703107157976,Sin dato,Sin dato,Sin dato,Sin dato,Sin dato,Sin dato,6.0,2.0,12.0,4.0,3.0,4.0,7.527027027027027,444.51,0,0,Alto,Ascendente,Alto valor / Ascendente
2341,45,697,306,5698.38,2752,8,653,18.622156862745097,False,181,8.648112675976721,63.32450704225352,14.6225,False,-0.7690862403359401,45-54,U,50-74K,Homeowner,Unknown,None/Unknown,3.0,3.0,4.0,0.0,6.0,3.0,8.993464052287582,1602.39,1,12,Alto,Descendente,Alto valor / Descendente
2342,97,703,195,5885.06,1100,2,607,30.179794871794872,False,124,8.680342122421381,65.81309859154929,76.6975,False,0.1653835124220746,55-64,U,100-124K,Homeowner,Unknown,None/Unknown,4.0,3.0,6.0,0.0,6.0,3.0,5.641025641025641,1121.4699999999998,1,2,Alto,Ascendente,Alto valor / Ascendente
2343,117,698,237,4581.92,1603,7,582,19.332995780590718,False,166,8.4300916285418,56.042535211267605,46.355,False,-0.17286040281275294,19-24,U,50-74K,Unknown,Single Male,None/Unknown,0.0,3.0,4.0,5.0,5.0,3.0,6.763713080168777,846.8299999999999,1,5,Alto,Descendente,Alto valor / Descendente
2344,102,669,55,2514.15,827,36,568,45.71181818181818,False,141,7.830087722902435,29.560845070422538,22.66416666666667,False,-0.2333045076122138,Sin dato,Sin dato,Sin dato,Sin dato,Sin dato,Sin dato,6.0,2.0,12.0,4.0,3.0,4.0,15.036363636363637,627.7,1,3,Alto,Descendente,Alto valor / Descendente
2345,22,698,109,4278.51,1542,7,677,39.25238532110092,False,159,8.361593796040514,35.73169014084507,93.02583333333332,False,1.6034546075668288,Sin dato,Sin dato,Sin dato,Sin dato,Sin dato,Sin dato,6.0,2.0,12.0,4.0,3.0,4.0,14.146788990825687,834.5899999999999,1,5,Alto,Ascendente,Alto valor / Ascendente
2346,30,658,29,1164.47,407,47,629,40.154137931034484,False,82,7.060879718118792,12.537042253521127,11.365833333333333,False,-0.09341987499953198,Sin dato,Sin dato,Sin dato,Sin dato,Sin dato,Sin dato,6.0,2.0,12.0,4.0,3.0,4.0,14.03448275862069,165.39,1,1,Bajo,Descendente,Bajo valor / Descendente
2347,85,699,90,3099.93,763,6,615,34.443666666666665,False,134,8.039457345482235,31.33887323943662,65.175,False,1.0796854916271919,45-54,U,35-49K,Unknown,2 Adults No Kids,None/Unknown,3.0,3.0,3.0,5.0,2.0,3.0,8.477777777777778,661.45,1,1,Alto,Ascendente,Alto valor / Ascendente
2348,96,657,56,278.87,121,48,562,4.979821428571428,False,43,5.63432520964098,1.7053521126760562,9.075000000000001,False,4.321481665014867,Sin dato,Sin dato,Sin dato,Sin dato,Sin dato,Sin dato,6.0,2.0,12.0,4.0,3.0,4.0,2.1607142857142856,81.72,0,0,Bajo,Ascendente,Bajo valor / Ascendente
2349,84,704,72,2100.28,686,1,621,29.17055555555556,False,132,7.65030196183685,21.97661971830986,29.599166666666665,False,0.3468480160306941,Sin dato,Sin dato,Sin dato,Sin dato,Sin dato,Sin dato,6.0,2.0,12.0,4.0,3.0,4.0,9.527777777777779,364.27,0,0,Bajo,Ascendente,Bajo valor / Ascendente
2350,102,704,45,1764.67,629,1,603,39.21488888888889,False,106,7.476285500735688,19.70380281690141,25.305833333333336,False,0.284312148699877,Sin dato,Sin dato,Sin dato,Sin dato,Sin dato,Sin dato,6.0,2.0,12.0,4.0,3.0,4.0,13.977777777777778,434.55,1,3,Bajo,Ascendente,Bajo valor / Ascendente
2351,100,705,320,16496.86,4908,0,606,51.552687500000005,False,202,9.710985954507596,186.31408450704225,223.81083333333333,False,0.20125557831820165,45-54,A,75-99K,Homeowner,2 Adults No Kids,None/Unknown,3.0,0.0,5.0,0.0,2.0,3.0,15.3375,3469.75,1,10,Alto,Ascendente,Alto valor / Ascendente
2352,4,679,43,1255.85,406,26,676,29.20581395348837,False,121,7.136363869727405,11.61718309859155,6.131666666666667,False,-0.4721898919360184,Sin dato,Sin dato,Sin dato,Sin dato,Sin dato,Sin dato,6.0,2.0,12.0,4.0,3.0,4.0,9.44186046511628,176.69,0,0,Bajo,Descendente,Bajo valor / Descendente
2353,29,688,14,412.75,141,17,660,29.482142857142858,False,70,6.025261926691273,4.264084507042254,4.071666666666666,False,-0.045125240847784374,Sin dato,Sin dato,Sin dato,Sin dato,Sin dato,Sin dato,6.0,2.0,12.0,4.0,3.0,4.0,10.071428571428571,91.71999999999998,0,0,Bajo,Descendente,Bajo valor / Descendente
2354,95,704,80,4821.89,1323,1,610,60.273625,False,130,8.481128612427582,55.57591549295775,39.068333333333335,False,-0.2970276245240828,Sin dato,Sin dato,Sin dato,Sin dato,Sin dato,Sin dato,6.0,2.0,12.0,4.0,3.0,4.0,16.5375,640.43,1,5,Alto,Descendente,Alto valor / Descendente
2355,43,654,16,111.34,35,51,612,6.95875,False,22,4.721529987104287,1.4115492957746478,0.5908333333333333,False,-0.5814291891172754,Sin dato,Sin dato,Sin dato,Sin dato,Sin dato,Sin dato,6.0,2.0,12.0,4.0,3.0,4.0,2.1875,13.14,0,0,Bajo,Descendente,Bajo valor / Descendente
2356,13,617,98,2159.78,1098,88,605,22.03857142857143,False,127,7.678224546604397,16.854647887323946,0.0,False,-1.0,Sin dato,Sin dato,Sin dato,Sin dato,Sin dato,Sin dato,6.0,2.0,12.0,4.0,3.0,4.0,11.204081632653061,676.12,1,2,Alto,Descendente,Alto valor / Descendente
2357,11,662,29,234.37,81,43,652,8.081724137931035,False,39,5.461158744053865,1.9801408450704225,0.6533333333333333,False,-0.6700571401474738,Sin dato,Sin dato,Sin dato,Sin dato,Sin dato,Sin dato,6.0,2.0,12.0,4.0,3.0,4.0,2.793103448275862,35.97,0,0,Bajo,Descendente,Bajo valor / Descendente
2358,57,659,77,2367.22,590,46,603,30.74311688311688,False,80,7.769893897093862,27.11,19.43583333333333,False,-0.2830751260297554,Sin dato,Sin dato,Sin dato,Sin dato,Sin dato,Sin dato,6.0,2.0,12.0,4.0,3.0,4.0,7.662337662337662,553.46,1,2,Alto,Descendente,Alto valor / Descendente
2359,116,697,174,2806.27,854,8,582,16.127988505747126,False,118,7.9399677598372795,37.5212676056338,11.633333333333333,False,-0.6899536162902291,45-54,A,25-34K,Homeowner,2 Adults No Kids,None/Unknown,3.0,0.0,2.0,0.0,2.0,3.0,4.908045977011494,539.9000000000001,1,4,Alto,Descendente,Alto valor / Descendente
2360,52,705,341,9353.69,2783,0,654,27.430175953079182,False,180,9.143633100799434,107.34464788732394,85.59916666666668,False,-0.20257629652372391,25-34,B,50-74K,Homeowner,Unknown,None/Unknown,1.0,1.0,4.0,0.0,6.0,3.0,8.161290322580646,1385.48,1,10,Alto,Descendente,Alto valor / Descendente
2361,116,697,90,4528.71,1369,8,582,50.319,False,135,8.418413198767817,55.25676056338028,39.56333333333333,False,-0.28400917951110016,25-34,U,35-49K,Unknown,2 Adults No Kids,None/Unknown,1.0,3.0,3.0,5.0,2.0,3.0,15.21111111111111,554.14,1,7,Alto,Descendente,Alto valor / Descendente
2362,3,662,41,520.29,187,43,660,12.69,False,72,6.256306508777867,3.855492957746479,3.516666666666667,False,-0.08788144467986646,Sin dato,Sin dato,Sin dato,Sin dato,Sin dato,Sin dato,6.0,2.0,12.0,4.0,3.0,4.0,4.560975609756097,110.47,0,0,Bajo,Descendente,Bajo valor / Descendente
2363,75,679,43,843.76,269,26,605,19.622325581395348,False,91,6.739052563346173,9.160140845070423,11.990833333333335,False,0.3090228126553604,Sin dato,Sin dato,Sin dato,Sin dato,Sin dato,Sin dato,6.0,2.0,12.0,4.0,3.0,4.0,6.255813953488372,115.09,0,0,Bajo,Ascendente,Bajo valor / Ascendente
2364,88,702,116,7302.32,2774,3,615,62.951034482758615,False,165,8.896084318269349,87.90718309859155,65.99583333333334,False,-0.24925551010642352,45-54,A,25-34K,Renter,2 Adults No Kids,None/Unknown,3.0,0.0,2.0,3.0,2.0,3.0,23.913793103448278,1163.4099999999999,1,3,Alto,Descendente,Alto valor / Descendente
2365,109,225,7,313.65,120,480,117,44.80714285714286,True,58,5.751460909972942,3.3315492957746478,0.0,False,-1.0,Sin dato,Sin dato,Sin dato,Sin dato,Sin dato,Sin dato,6.0,2.0,12.0,4.0,3.0,4.0,17.142857142857142,37.06,0,0,Bajo,Descendente,Bajo valor / Descendente
2366,104,705,168,5500.03,2023,0,602,32.73827380952381,False,147,8.612690626414487,67.16704225352112,53.0275,False,-0.2105130995667726,Sin dato,Sin dato,Sin dato,Sin dato,Sin dato,Sin dato,6.0,2.0,12.0,4.0,3.0,4.0,12.041666666666666,997.8299999999999,1,9,Alto,Descendente,Alto valor / Descendente
2367,38,641,141,4436.17,1634,64,604,31.462198581560283,False,148,8.397772064821185,59.21535211267606,6.740833333333334,False,-0.8861640927084795,45-54,U,Under 15K,Unknown,2 Adults No Kids,None/Unknown,3.0,3.0,0.0,5.0,2.0,3.0,11.588652482269504,712.94,1,7,Alto,Descendente,Alto valor / Descendente
2368,79,673,27,1377.69,456,32,595,51.025555555555556,False,90,7.228889051941733,15.252253521126761,20.86916666666667,False,0.3682677538607395,Sin dato,Sin dato,Sin dato,Sin dato,Sin dato,Sin dato,6.0,2.0,12.0,4.0,3.0,4.0,16.88888888888889,229.97,0,0,Bajo,Ascendente,Bajo valor / Ascendente
2369,109,700,75,2706.65,696,5,592,36.08866666666667,False,122,7.9038363790025805,33.09422535211268,21.724999999999998,False,-0.34354106286361197,Sin dato,Sin dato,Sin dato,Sin dato,Sin dato,Sin dato,6.0,2.0,12.0,4.0,3.0,4.0,9.28,281.99,1,3,Alto,Descendente,Alto valor / Descendente
2370,94,704,170,5284.76,1953,1,611,31.086823529411767,False,150,8.572771691182297,61.00492957746479,58.1975,False,-0.046019716716497266,25-34,A,Under 15K,Homeowner,2 Adults No Kids,None/Unknown,1.0,0.0,0.0,0.0,2.0,3.0,11.488235294117647,2152.2400000000002,1,5,Alto,Descendente,Alto valor / Descendente
2371,3,692,97,2123.65,635,13,690,21.893298969072166,False,108,7.661362361910661,22.285211267605632,15.515,False,-0.3037983883709906,Sin dato,Sin dato,Sin dato,Sin dato,Sin dato,Sin dato,6.0,2.0,12.0,4.0,3.0,4.0,6.546391752577319,214.79,1,6,Bajo,Descendente,Bajo valor / Descendente
2372,113,705,70,3005.83,1152,0,593,42.94042857142857,False,152,8.008641646638136,34.75591549295775,43.564166666666665,False,0.25343171223596883,Sin dato,Sin dato,Sin dato,Sin dato,Sin dato,Sin dato,6.0,2.0,12.0,4.0,3.0,4.0,16.457142857142856,643.2800000000001,1,3,Alto,Ascendente,Alto valor / Ascendente
2373,116,697,124,2585.6,1079,8,582,20.851612903225806,False,125,7.8580995509811435,35.17028169014085,4.0525,False,-0.884774877957943,Sin dato,Sin dato,Sin dato,Sin dato,Sin dato,Sin dato,6.0,2.0,12.0,4.0,3.0,4.0,8.701612903225806,723.76,1,2,Alto,Descendente,Alto valor / Descendente
2374,12,683,82,6249.35,1635,22,672,76.21158536585367,False,160,8.740392741162506,70.65633802816902,43.29666666666666,False,-0.38722175709976225,45-54,U,150-174K,Homeowner,2 Adults No Kids,None/Unknown,3.0,3.0,8.0,0.0,2.0,3.0,19.9390243902439,1348.72,1,6,Alto,Descendente,Alto valor / Descendente
2375,1,705,114,2841.4,745,0,705,24.924561403508772,False,131,7.952404044706817,30.78535211267606,38.824999999999996,False,0.2611517275455675,Sin dato,Sin dato,Sin dato,Sin dato,Sin dato,Sin dato,6.0,2.0,12.0,4.0,3.0,4.0,6.535087719298246,500.39000000000004,1,2,Alto,Ascendente,Alto valor / Ascendente
2376,72,702,177,3864.9,1205,3,631,21.835593220338982,False,162,8.25994979290502,34.81605633802817,85.43833333333333,False,1.4539922759721784,45-54,U,35-49K,Unknown,Single Female,None/Unknown,3.0,3.0,3.0,5.0,4.0,3.0,6.807909604519774,705.21,1,3,Alto,Ascendente,Alto valor / Ascendente
2377,27,704,81,1083.46,601,1,678,13.37604938271605,False,93,6.9888374462303355,11.279436619718311,8.915833333333333,False,-0.209549764414032,Sin dato,Sin dato,Sin dato,Sin dato,Sin dato,Sin dato,6.0,2.0,12.0,4.0,3.0,4.0,7.419753086419753,222.2,1,2,Bajo,Descendente,Bajo valor / Descendente
2378,47,705,151,8209.03,2776,0,659,54.36443708609272,False,184,9.013111856520188,85.4374647887324,147.86416666666668,False,0.7306712814138557,25-34,A,50-74K,Unknown,2 Adults Kids,3+,1.0,0.0,4.0,5.0,1.0,2.0,18.3841059602649,1773.0400000000002,1,9,Alto,Ascendente,Alto valor / Ascendente
2379,76,693,56,1323.34,439,12,618,23.631071428571428,False,107,7.188669501113179,14.8343661971831,17.520833333333332,False,0.18109753395870506,Sin dato,Sin dato,Sin dato,Sin dato,Sin dato,Sin dato,6.0,2.0,12.0,4.0,3.0,4.0,7.839285714285714,282.3,1,2,Bajo,Ascendente,Bajo valor / Ascendente
2380,79,705,176,4973.24,1747,0,627,28.25704545454545,False,136,8.512027874104017,54.668873239436614,85.80583333333334,False,0.5695555486853419,45-54,U,50-74K,Homeowner,Unknown,None/Unknown,3.0,3.0,4.0,0.0,6.0,3.0,9.926136363636363,1586.59,1,6,Alto,Ascendente,Alto valor / Ascendente
2381,103,698,91,2140.31,1205,7,596,23.51989010989011,False,123,7.66917307026151,23.672676056338027,33.464166666666664,False,0.4136199298729939,Sin dato,Sin dato,Sin dato,Sin dato,Sin dato,Sin dato,6.0,2.0,12.0,4.0,3.0,4.0,13.241758241758241,688.58,1,4,Bajo,Ascendente,Bajo valor / Ascendente
2382,35,602,36,822.64,251,103,568,22.85111111111111,False,78,6.713733541239946,10.205211267605634,0.0,False,-1.0,Sin dato,Sin dato,Sin dato,Sin dato,Sin dato,Sin dato,6.0,2.0,12.0,4.0,3.0,4.0,6.972222222222222,139.33,0,0,Bajo,Descendente,Bajo valor / Descendente
2383,42,649,18,555.64,139,56,608,30.86888888888889,False,52,6.321918711403632,3.7261971830985914,11.805,False,2.1681093135772604,Sin dato,Sin dato,Sin dato,Sin dato,Sin dato,Sin dato,6.0,2.0,12.0,4.0,3.0,4.0,7.722222222222222,304.08,0,0,Bajo,Ascendente,Bajo valor / Ascendente
2384,34,443,18,791.27,281,262,410,43.95944444444444,False,81,6.6749022428090345,4.519154929577465,0.0,False,-1.0,Sin dato,Sin dato,Sin dato,Sin dato,Sin dato,Sin dato,6.0,2.0,12.0,4.0,3.0,4.0,15.61111111111111,137.21,1,1,Bajo,Descendente,Bajo valor / Descendente
2385,91,698,305,6109.5,1907,7,608,20.031147540983607,False,163,8.717763881878055,82.95183098591549,7.7225,False,-0.9069038029876494,Sin dato,Sin dato,Sin dato,Sin dato,Sin dato,Sin dato,6.0,2.0,12.0,4.0,3.0,4.0,6.252459016393443,752.88,1,3,Alto,Descendente,Alto valor / Descendente
2386,117,704,50,1054.27,279,1,588,21.0854,False,89,6.961551937337779,11.31507042253521,19.355,False,0.710550555783761,Sin dato,Sin dato,Sin dato,Sin dato,Sin dato,Sin dato,6.0,2.0,12.0,4.0,3.0,4.0,5.58,225.45,1,1,Bajo,Ascendente,Bajo valor / Ascendente
2387,43,700,33,865.7,280,5,658,26.233333333333334,False,77,6.764692896140299,4.972816901408451,19.425,False,2.9062367235958875,Sin dato,Sin dato,Sin dato,Sin dato,Sin dato,Sin dato,6.0,2.0,12.0,4.0,3.0,4.0,8.484848484848484,269.78,0,0,Bajo,Ascendente,Bajo valor / Ascendente
2388,114,695,62,1658.85,570,10,582,26.75564516129032,False,118,7.414482515821964,20.54718309859155,12.8075,False,-0.376678548171505,Sin dato,Sin dato,Sin dato,Sin dato,Sin dato,Sin dato,6.0,2.0,12.0,4.0,3.0,4.0,9.193548387096774,266.17,1,1,Bajo,Descendente,Bajo valor / Descendente
2389,30,688,62,1485.44,607,17,659,23.958709677419357,False,122,7.304139278354109,17.089859154929577,11.626666666666667,False,-0.3196745180130434,Sin dato,Sin dato,Sin dato,Sin dato,Sin dato,Sin dato,6.0,2.0,12.0,4.0,3.0,4.0,9.790322580645162,417.84,0,0,Bajo,Descendente,Bajo valor / Descendente
2390,25,624,47,1046.59,335,81,600,22.26787234042553,False,124,6.954247566959895,11.153098591549297,0.22999999999999998,False,-0.9793779281952846,25-34,A,50-74K,Unknown,Single Female,None/Unknown,1.0,0.0,4.0,5.0,4.0,3.0,7.127659574468085,131.04,1,2,Bajo,Descendente,Bajo valor / Descendente
2391,26,607,54,633.92,254,98,582,11.739259259259258,False,60,6.453499006704041,5.718591549295774,0.0,False,-1.0,Sin dato,Sin dato,Sin dato,Sin dato,Sin dato,Sin dato,6.0,2.0,12.0,4.0,3.0,4.0,4.703703703703703,245.24,1,2,Bajo,Descendente,Bajo valor / Descendente
2392,12,705,38,1409.91,559,0,694,37.10289473684211,False,83,7.251990165268529,13.781971830985915,19.344166666666666,False,0.4035848356020657,Sin dato,Sin dato,Sin dato,Sin dato,Sin dato,Sin dato,6.0,2.0,12.0,4.0,3.0,4.0,14.710526315789474,291.67,0,0,Bajo,Ascendente,Bajo valor / Ascendente
2393,82,702,60,3969.85,1060,3,621,66.16416666666666,False,155,8.286735456557313,43.21281690140845,65.76416666666667,False,0.5218671538286871,35-44,U,75-99K,Homeowner,Single Male,None/Unknown,2.0,3.0,5.0,0.0,5.0,3.0,17.666666666666668,573.1099999999999,1,3,Alto,Ascendente,Alto valor / Ascendente
2394,88,702,84,1538.01,255,3,615,18.309642857142858,False,77,7.338894631543565,17.547887323943662,6.425833333333333,False,-0.6338115686117131,Sin dato,Sin dato,Sin dato,Sin dato,Sin dato,Sin dato,6.0,2.0,12.0,4.0,3.0,4.0,3.0357142857142856,63.99,1,1,Bajo,Descendente,Bajo valor / Descendente
2395,67,695,227,5262.3,2021,10,629,23.18193832599119,False,173,8.568513485439295,57.176197183098594,62.16583333333333,False,0.087267716218624,Sin dato,Sin dato,Sin dato,Sin dato,Sin dato,Sin dato,6.0,2.0,12.0,4.0,3.0,4.0,8.90308370044053,976.95,1,10,Alto,Ascendente,Alto valor / Ascendente
2396,44,642,17,550.48,211,63,599,32.38117647058824,False,77,6.312605573303428,4.953521126760563,11.47,False,1.3155245948251353,Sin dato,Sin dato,Sin dato,Sin dato,Sin dato,Sin dato,6.0,2.0,12.0,4.0,3.0,4.0,12.411764705882353,111.88,0,0,Bajo,Ascendente,Bajo valor / Ascendente
2397,4,704,35,1095.1,313,1,701,31.288571428571426,False,94,6.999513704221678,12.660140845070423,13.908333333333333,False,0.09859230663685144,65+,B,125-149K,Unknown,2 Adults No Kids,None/Unknown,5.0,1.0,7.0,5.0,2.0,3.0,8.942857142857143,107.76,0,0,Bajo,Ascendente,Bajo valor / Ascendente
2398,99,645,76,2035.1,680,60,547,26.777631578947368,False,109,7.618791492377822,24.619295774647888,4.25,False,-0.8273711791392301,Sin dato,Sin dato,Sin dato,Sin dato,Sin dato,Sin dato,6.0,2.0,12.0,4.0,3.0,4.0,8.947368421052632,413.76000000000005,1,1,Bajo,Descendente,Bajo valor / Descendente
2399,17,683,10,188.49,66,22,667,18.849,False,32,5.244336252681523,0.5753521126760563,3.019166666666667,True,,Sin dato,Sin dato,Sin dato,Sin dato,Sin dato,Sin dato,6.0,2.0,12.0,4.0,3.0,4.0,6.6,26.14,0,0,Bajo,Sin tendencia disponible,Sin tendencia disponible
2400,103,705,385,14584.13,3815,0,603,37.88085714285714,False,168,9.587757795529154,169.89718309859157,185.86916666666664,False,0.0940097020843866,35-44,A,25-34K,Homeowner,2 Adults Kids,1,2.0,0.0,2.0,0.0,1.0,0.0,9.909090909090908,4070.4199999999996,1,6,Alto,Ascendente,Alto valor / Ascendente
2401,36,701,67,727.45,262,4,666,10.857462686567166,False,60,6.590918989100005,7.756619718309859,10.449166666666667,False,0.34712891003292656,Sin dato,Sin dato,Sin dato,Sin dato,Sin dato,Sin dato,6.0,2.0,12.0,4.0,3.0,4.0,3.91044776119403,107.35000000000001,0,0,Bajo,Ascendente,Bajo valor / Ascendente
2402,52,660,35,1038.83,367,45,609,29.68085714285714,False,88,6.946812517235664,12.474366197183098,9.461666666666668,False,-0.24151123054225743,Sin dato,Sin dato,Sin dato,Sin dato,Sin dato,Sin dato,6.0,2.0,12.0,4.0,3.0,4.0,10.485714285714286,181.03,0,0,Bajo,Descendente,Bajo valor / Descendente
2403,112,602,10,118.69,54,103,491,11.869,False,25,4.784905066885279,1.6014084507042254,0.0,False,-1.0,Sin dato,Sin dato,Sin dato,Sin dato,Sin dato,Sin dato,6.0,2.0,12.0,4.0,3.0,4.0,5.4,16.95,0,0,Bajo,Descendente,Bajo valor / Descendente
2404,91,692,18,559.76,164,13,602,31.09777777777778,False,60,6.329293006500335,4.454366197183099,14.564166666666667,False,2.269638377706107,Sin dato,Sin dato,Sin dato,Sin dato,Sin dato,Sin dato,6.0,2.0,12.0,4.0,3.0,4.0,9.11111111111111,150.35,0,0,Bajo,Ascendente,Bajo valor / Ascendente
2405,42,705,149,3378.08,1051,0,664,22.671677852348992,False,117,8.125358762077708,37.3956338028169,42.5375,False,0.1374991054917159,25-34,U,15-24K,Unknown,Single Female,None/Unknown,1.0,3.0,1.0,5.0,4.0,3.0,7.053691275167785,505.6,1,3,Alto,Ascendente,Alto valor / Ascendente
2406,16,695,138,4860.81,1259,10,680,35.22326086956522,False,164,8.489166075543991,51.24,60.26500000000001,False,0.17613192818110862,25-34,A,125-149K,Homeowner,2 Adults Kids,1,1.0,0.0,7.0,0.0,1.0,0.0,9.123188405797102,614.71,1,6,Alto,Ascendente,Alto valor / Ascendente
2407,86,704,178,6641.06,2022,1,619,37.30932584269663,False,123,8.801177435319559,71.12450704225353,77.78833333333334,False,0.0936924074162086,45-54,A,100-124K,Homeowner,2 Adults No Kids,None/Unknown,3.0,0.0,6.0,0.0,2.0,3.0,11.359550561797754,2762.16,1,6,Alto,Ascendente,Alto valor / Ascendente
2408,111,692,26,2108.17,468,13,582,81.08346153846153,False,105,7.654049784152924,18.462253521126758,56.15416666666667,False,2.04156622063543,Sin dato,Sin dato,Sin dato,Sin dato,Sin dato,Sin dato,6.0,2.0,12.0,4.0,3.0,4.0,18.0,386.61,0,0,Bajo,Ascendente,Bajo valor / Ascendente
2409,34,704,8,906.5500000000001,378,1,671,113.31875000000001,False,104,6.8107486610399866,5.838591549295775,5.760833333333333,False,-0.013317974944114864,Sin dato,Sin dato,Sin dato,Sin dato,Sin dato,Sin dato,6.0,2.0,12.0,4.0,3.0,4.0,47.25,295.82,0,0,Bajo,Descendente,Bajo valor / Descendente
2410,34,693,63,2636.57,890,12,660,41.85031746031746,False,142,7.877613317716495,27.450845070422535,36.09583333333333,False,0.3149261248873359,Sin dato,Sin dato,Sin dato,Sin dato,Sin dato,Sin dato,6.0,2.0,12.0,4.0,3.0,4.0,14.126984126984127,468.74000000000007,1,4,Alto,Ascendente,Alto valor / Ascendente
2411,41,703,76,2019.25,681,2,663,26.56907894736842,False,130,7.610976545113557,25.610281690140845,4.489166666666667,False,-0.8247123276119663,65+,A,Under 15K,Homeowner,2 Adults No Kids,None/Unknown,5.0,0.0,0.0,0.0,2.0,3.0,8.960526315789474,187.75,1,2,Bajo,Descendente,Bajo valor / Descendente
2412,102,702,275,12671.99,4144,3,601,46.07996363636364,False,196,9.447228236002609,156.76028169014083,126.29833333333333,False,-0.1943218526298639,Sin dato,Sin dato,Sin dato,Sin dato,Sin dato,Sin dato,6.0,2.0,12.0,4.0,3.0,4.0,15.069090909090908,3407.9700000000003,1,9,Alto,Descendente,Alto valor / Descendente
2413,11,618,17,301.41,107,87,608,17.73,False,57,5.711783712541687,2.8852112676056336,0.0,False,-1.0,Sin dato,Sin dato,Sin dato,Sin dato,Sin dato,Sin dato,6.0,2.0,12.0,4.0,3.0,4.0,6.294117647058823,33.77,0,0,Bajo,Descendente,Bajo valor / Descendente
2414,16,600,6,178.68,88,105,585,29.78,False,47,5.191177490990133,2.471830985915493,0.0,False,-1.0,Sin dato,Sin dato,Sin dato,Sin dato,Sin dato,Sin dato,6.0,2.0,12.0,4.0,3.0,4.0,14.666666666666666,36.5,0,0,Bajo,Descendente,Bajo valor / Descendente
2415,84,700,125,1658.94,633,5,617,13.27152,False,110,7.414536736119045,18.085774647887323,7.7941666666666665,False,-0.5690443556656206,Sin dato,Sin dato,Sin dato,Sin dato,Sin dato,Sin dato,6.0,2.0,12.0,4.0,3.0,4.0,5.064,206.13,1,1,Bajo,Descendente,Bajo valor / Descendente
2416,46,703,109,4409.91,1172,2,658,40.45788990825688,False,152,8.391836296360172,46.526760563380286,72.83333333333333,False,0.5654073580755179,Sin dato,Sin dato,Sin dato,Sin dato,Sin dato,Sin dato,6.0,2.0,12.0,4.0,3.0,4.0,10.752293577981652,600.36,1,4,Alto,Ascendente,Alto valor / Ascendente
2417,13,424,8,188.38,63,281,412,23.5475,False,44,5.243755578555354,1.5953521126760564,0.0,False,-1.0,Sin dato,Sin dato,Sin dato,Sin dato,Sin dato,Sin dato,6.0,2.0,12.0,4.0,3.0,4.0,7.875,33.4,0,0,Bajo,Descendente,Bajo valor / Descendente
2418,87,703,112,1564.8700000000001,746,2,617,13.972053571428573,False,97,7.35619685905636,17.570845070422536,22.252499999999998,False,0.2664444943207777,Sin dato,Sin dato,Sin dato,Sin dato,Sin dato,Sin dato,6.0,2.0,12.0,4.0,3.0,4.0,6.660714285714286,252.07999999999998,0,0,Bajo,Ascendente,Bajo valor / Ascendente
2419,82,692,65,1199.3700000000001,398,13,611,18.451846153846155,False,90,7.090385121584472,12.455774647887324,9.020000000000001,False,-0.275837894070288,Sin dato,Sin dato,Sin dato,Sin dato,Sin dato,Sin dato,6.0,2.0,12.0,4.0,3.0,4.0,6.123076923076923,176.89,1,2,Bajo,Descendente,Bajo valor / Descendente
2420,36,666,102,4583.46,1568,39,631,44.93588235294118,False,124,8.430427602400087,47.97732394366197,40.413333333333334,False,-0.15765761798658795,45-54,U,15-24K,Unknown,2 Adults Kids,1,3.0,3.0,1.0,5.0,1.0,0.0,15.372549019607844,809.26,1,5,Alto,Descendente,Alto valor / Descendente
2421,44,705,81,8749.76,3215,0,662,108.02172839506173,False,172,9.076895832722654,82.3994366197183,136.75416666666666,False,0.659649292237287,45-54,A,150-174K,Homeowner,2 Adults Kids,3+,3.0,0.0,8.0,0.0,1.0,2.0,39.69135802469136,1835.2299999999998,1,9,Alto,Ascendente,Alto valor / Ascendente
2422,26,441,5,368.07,107,264,416,73.614,False,58,5.910986327946416,1.8408450704225354,0.0,False,-1.0,Sin dato,Sin dato,Sin dato,Sin dato,Sin dato,Sin dato,6.0,2.0,12.0,4.0,3.0,4.0,21.4,46.05,0,0,Bajo,Descendente,Bajo valor / Descendente
2423,75,690,58,2818.62,1202,15,616,48.596896551724136,False,114,7.944357403079274,29.43295774647887,32.16416666666667,False,0.09279423915574836,Sin dato,Sin dato,Sin dato,Sin dato,Sin dato,Sin dato,6.0,2.0,12.0,4.0,3.0,4.0,20.724137931034484,677.55,1,2,Alto,Ascendente,Alto valor / Ascendente
2424,53,705,112,4113.87,1518,0,653,36.730982142857144,False,179,8.322362520874595,45.66704225352113,37.61833333333333,False,-0.1762476508880364,Sin dato,Sin dato,Sin dato,Sin dato,Sin dato,Sin dato,6.0,2.0,12.0,4.0,3.0,4.0,13.553571428571429,495.63,1,6,Alto,Descendente,Alto valor / Descendente
2425,103,705,118,4358.14,984,0,603,36.933389830508474,False,154,8.380030069180771,51.46535211267606,38.16833333333333,False,-0.25836836305386196,Sin dato,Sin dato,Sin dato,Sin dato,Sin dato,Sin dato,6.0,2.0,12.0,4.0,3.0,4.0,8.338983050847459,624.25,1,3,Alto,Descendente,Alto valor / Descendente
2426,108,703,115,2437.06,714,2,596,21.19182608695652,False,88,7.798957920074729,29.033098591549294,22.423333333333332,False,-0.22766310104219725,19-24,U,Under 15K,Probable Renter,Single Female,None/Unknown,0.0,3.0,0.0,2.0,4.0,3.0,6.208695652173913,404.33000000000004,1,3,Alto,Descendente,Alto valor / Descendente
2427,5,704,342,8646.53,2885,1,700,25.282251461988306,False,172,9.06502901001606,88.64746478873239,106.26083333333334,False,0.19869004247981276,35-44,A,50-74K,Homeowner,2 Adults Kids,1,2.0,0.0,4.0,0.0,1.0,0.0,8.435672514619883,2158.1,1,12,Alto,Ascendente,Alto valor / Ascendente
2428,67,702,19,323.27,36,3,636,17.01421052631579,False,14,5.781576502096221,3.2304225352112677,1.2008333333333334,False,-0.6282736019067551,Sin dato,Sin dato,Sin dato,Sin dato,Sin dato,Sin dato,6.0,2.0,12.0,4.0,3.0,4.0,1.894736842105263,24.84,0,0,Bajo,Descendente,Bajo valor / Descendente
2429,16,703,66,1807.16,472,2,688,27.381212121212123,False,129,7.5000650326118405,19.051971830985917,31.963333333333335,False,0.6776916120224639,Sin dato,Sin dato,Sin dato,Sin dato,Sin dato,Sin dato,6.0,2.0,12.0,4.0,3.0,4.0,7.151515151515151,707.25,1,1,Bajo,Ascendente,Bajo valor / Ascendente
2430,61,655,60,1885.95,724,50,595,31.4325,False,123,7.542717047932175,21.95549295774648,6.251666666666666,False,-0.715257285331828,Sin dato,Sin dato,Sin dato,Sin dato,Sin dato,Sin dato,6.0,2.0,12.0,4.0,3.0,4.0,12.066666666666666,386.49,1,4,Bajo,Descendente,Bajo valor / Descendente
2431,72,699,43,978.85,427,6,628,22.763953488372092,False,91,6.887399498725063,8.889014084507043,6.7875000000000005,False,-0.23641700469007476,Sin dato,Sin dato,Sin dato,Sin dato,Sin dato,Sin dato,6.0,2.0,12.0,4.0,3.0,4.0,9.930232558139535,171.02,0,0,Bajo,Descendente,Bajo valor / Descendente
2432,115,697,237,4930.85,2219,8,583,20.805274261603376,False,155,8.503469450196427,66.6492957746479,9.911666666666667,False,-0.8512862506427731,19-24,U,35-49K,Unknown,Single Female,None/Unknown,0.0,3.0,3.0,5.0,4.0,3.0,9.362869198312236,1294.3300000000002,1,11,Alto,Descendente,Alto valor / Descendente
2433,118,618,30,609.75,161,87,501,20.325,False,63,6.41468771013785,8.41661971830986,0.0,False,-1.0,Sin dato,Sin dato,Sin dato,Sin dato,Sin dato,Sin dato,6.0,2.0,12.0,4.0,3.0,4.0,5.366666666666666,141.94,0,0,Bajo,Descendente,Bajo valor / Descendente
2434,83,672,23,771.51,343,33,590,33.54391304347826,False,88,6.649644953671934,9.03225352112676,5.676666666666667,False,-0.3715115886208527,Sin dato,Sin dato,Sin dato,Sin dato,Sin dato,Sin dato,6.0,2.0,12.0,4.0,3.0,4.0,14.91304347826087,196.38,0,0,Bajo,Descendente,Bajo valor / Descendente
2435,19,703,46,3303.85,1058,2,685,71.82282608695652,False,120,8.103146365476698,32.258873239436625,50.362500000000004,False,0.5611983600974509,45-54,U,50-74K,Homeowner,1 Adult Kids,3+,3.0,3.0,4.0,0.0,0.0,2.0,23.0,1164.21,0,0,Alto,Ascendente,Alto valor / Ascendente
2436,114,596,15,972.68,283,109,483,64.84533333333333,False,105,6.881082707566302,13.664647887323945,0.0,False,-1.0,Sin dato,Sin dato,Sin dato,Sin dato,Sin dato,Sin dato,6.0,2.0,12.0,4.0,3.0,4.0,18.866666666666667,170.72,0,0,Bajo,Descendente,Bajo valor / Descendente
2437,54,699,74,4841.9400000000005,1403,6,646,65.43162162162163,False,165,8.485277253311411,57.60704225352112,44.846666666666664,False,-0.22150721661247075,35-44,A,125-149K,Homeowner,2 Adults Kids,3+,2.0,0.0,7.0,0.0,1.0,2.0,18.95945945945946,614.51,1,4,Alto,Descendente,Alto valor / Descendente
2438,108,704,183,3007.44,794,1,597,16.43409836065574,False,138,8.009176950968097,28.63943661971831,76.1375,False,1.658484557883348,Sin dato,Sin dato,Sin dato,Sin dato,Sin dato,Sin dato,6.0,2.0,12.0,4.0,3.0,4.0,4.33879781420765,328.39,1,3,Alto,Ascendente,Alto valor / Ascendente
2439,52,698,71,589.9,280,7,647,8.308450704225352,False,58,6.381646798351629,6.7171830985915495,0.9041666666666667,False,-0.8653949649137521,Sin dato,Sin dato,Sin dato,Sin dato,Sin dato,Sin dato,6.0,2.0,12.0,4.0,3.0,4.0,3.943661971830986,292.57,1,1,Bajo,Descendente,Bajo valor / Descendente
2440,88,697,137,2433.69,727,8,610,17.764160583941607,False,119,7.797574717350475,20.736478873239435,75.24083333333333,False,2.6284286157392,Sin dato,Sin dato,Sin dato,Sin dato,Sin dato,Sin dato,6.0,2.0,12.0,4.0,3.0,4.0,5.306569343065694,312.31,1,1,Alto,Ascendente,Alto valor / Ascendente
2441,35,702,99,1223.56,611,3,668,12.359191919191918,False,110,7.110336874783452,12.83507042253521,14.353333333333333,False,0.11829018936525887,Sin dato,Sin dato,Sin dato,Sin dato,Sin dato,Sin dato,6.0,2.0,12.0,4.0,3.0,4.0,6.171717171717172,444.26,1,3,Bajo,Ascendente,Bajo valor / Ascendente
2442,78,691,36,624.33,185,14,614,17.3425,False,61,6.438279510393448,6.42112676056338,8.883333333333335,False,0.38345397382466934,Sin dato,Sin dato,Sin dato,Sin dato,Sin dato,Sin dato,6.0,2.0,12.0,4.0,3.0,4.0,5.138888888888889,197.51,0,0,Bajo,Ascendente,Bajo valor / Ascendente
2443,41,453,153,4029.19,974,252,413,26.334575163398693,False,137,8.301568800231356,44.89915492957747,0.0,False,-1.0,Sin dato,Sin dato,Sin dato,Sin dato,Sin dato,Sin dato,6.0,2.0,12.0,4.0,3.0,4.0,6.366013071895424,804.89,1,6,Alto,Descendente,Alto valor / Descendente
2444,30,696,4,46.97,12,9,667,11.7425,False,8,3.8705758155139725,0.0,2.7591666666666668,True,,Sin dato,Sin dato,Sin dato,Sin dato,Sin dato,Sin dato,6.0,2.0,12.0,4.0,3.0,4.0,3.0,3.96,0,0,Bajo,Sin tendencia disponible,Sin tendencia disponible
2445,31,692,215,6443.39,2523,13,662,29.969255813953488,False,180,8.770965263880788,66.58140845070422,63.98500000000001,False,-0.03899599769846486,45-54,U,35-49K,Unknown,Unknown,None/Unknown,3.0,3.0,3.0,5.0,6.0,3.0,11.734883720930233,2216.9,1,9,Alto,Descendente,Alto valor / Descendente
2446,73,700,189,6449.3,1490,5,628,34.12328042328043,False,149,8.771881920336092,72.63760563380282,48.79416666666666,False,-0.32825199508008446,35-44,U,125-149K,Homeowner,2 Adults No Kids,None/Unknown,2.0,3.0,7.0,0.0,2.0,3.0,7.883597883597884,1043.8700000000001,1,5,Alto,Descendente,Alto valor / Descendente
2447,85,689,131,7469.18,1844,16,605,57.01664122137405,False,154,8.918674374222093,84.79859154929578,45.31916666666667,False,-0.4655669883346898,35-44,A,25-34K,Homeowner,2 Adults No Kids,None/Unknown,2.0,0.0,2.0,0.0,2.0,3.0,14.076335877862595,976.99,1,3,Alto,Descendente,Alto valor / Descendente
2448,9,705,205,9300.73,2924,0,697,45.36941463414634,False,181,9.137955683346869,86.58859154929577,86.8725,False,0.003278820519243572,45-54,A,50-74K,Homeowner,2 Adults No Kids,None/Unknown,3.0,0.0,4.0,0.0,2.0,3.0,14.263414634146342,2776.0699999999997,1,10,Alto,Ascendente,Alto valor / Ascendente
2449,32,703,286,10689.630000000001,3651,2,672,37.37632867132867,False,193,9.277122935865362,113.2612676056338,84.32083333333334,False,-0.255519251056492,35-44,A,175-199K,Homeowner,2 Adults Kids,3+,2.0,0.0,9.0,0.0,1.0,2.0,12.765734265734265,1396.89,0,0,Alto,Descendente,Alto valor / Descendente
2450,96,698,84,3060.77,1005,7,603,36.437738095238096,False,162,8.026748459092031,36.08028169014084,41.4225,False,0.14806476168169577,Sin dato,Sin dato,Sin dato,Sin dato,Sin dato,Sin dato,6.0,2.0,12.0,4.0,3.0,4.0,11.964285714285714,847.66,1,1,Alto,Ascendente,Alto valor / Ascendente
2451,26,704,191,8134.79,2654,1,679,42.59052356020943,False,187,9.004028126185842,86.82816901408451,70.09833333333333,False,-0.19267751319318285,Sin dato,Sin dato,Sin dato,Sin dato,Sin dato,Sin dato,6.0,2.0,12.0,4.0,3.0,4.0,13.895287958115183,2041.0500000000002,1,9,Alto,Descendente,Alto valor / Descendente
2452,38,705,145,3059.57,1137,0,668,21.10048275862069,False,132,8.026356452109288,31.419295774647885,38.45,False,0.2237702676654251,Sin dato,Sin dato,Sin dato,Sin dato,Sin dato,Sin dato,6.0,2.0,12.0,4.0,3.0,4.0,7.841379310344828,439.93,1,7,Alto,Ascendente,Alto valor / Ascendente
2453,102,705,110,4551.68,1342,0,604,41.37890909090909,False,192,8.42347134953512,44.830704225352115,100.33166666666666,False,1.238012281991509,45-54,B,50-74K,Homeowner,Single Female,None/Unknown,3.0,1.0,4.0,0.0,4.0,3.0,12.2,667.4,1,5,Alto,Ascendente,Alto valor / Ascendente
2454,85,704,30,392.87,158,1,620,13.095666666666666,False,54,5.976020905614129,4.112957746478873,6.1241666666666665,False,0.48899333378992305,Sin dato,Sin dato,Sin dato,Sin dato,Sin dato,Sin dato,6.0,2.0,12.0,4.0,3.0,4.0,5.266666666666667,44.68,0,0,Bajo,Ascendente,Bajo valor / Ascendente
2455,81,697,107,5318.0,1196,8,617,49.700934579439256,False,153,8.579040594742317,59.64985915492958,70.87833333333333,False,0.18823974335362378,45-54,B,25-34K,Homeowner,2 Adults No Kids,None/Unknown,3.0,1.0,2.0,0.0,2.0,3.0,11.177570093457945,783.2,1,7,Alto,Ascendente,Alto valor / Ascendente
2456,78,702,76,1271.24,588,3,625,16.72684210526316,False,106,7.14853440534766,14.158169014084507,10.929166666666667,False,-0.22806637950187184,Sin dato,Sin dato,Sin dato,Sin dato,Sin dato,Sin dato,6.0,2.0,12.0,4.0,3.0,4.0,7.7368421052631575,214.74,1,1,Bajo,Descendente,Bajo valor / Descendente
2457,65,679,77,1540.47,728,26,615,20.006103896103898,False,113,7.340491785573414,17.037746478873242,6.23,False,-0.6343413134051981,Sin dato,Sin dato,Sin dato,Sin dato,Sin dato,Sin dato,6.0,2.0,12.0,4.0,3.0,4.0,9.454545454545455,383.2,1,1,Bajo,Descendente,Bajo valor / Descendente
2458,17,698,54,1090.35,376,7,682,20.191666666666666,False,97,6.9951707409850865,8.72830985915493,31.141666666666666,False,2.5678919709756713,Sin dato,Sin dato,Sin dato,Sin dato,Sin dato,Sin dato,6.0,2.0,12.0,4.0,3.0,4.0,6.962962962962963,131.85,0,0,Bajo,Ascendente,Bajo valor / Ascendente
2459,35,704,971,20671.5,6646,1,670,21.28887744593203,False,234,9.936559593596321,225.5794366197183,92.54,False,-0.5897675719617834,Sin dato,Sin dato,Sin dato,Sin dato,Sin dato,Sin dato,6.0,2.0,12.0,4.0,3.0,4.0,6.844490216271884,4253.990000000001,1,15,Alto,Descendente,Alto valor / Descendente
2460,86,705,30,920.08,193,0,620,30.669333333333334,False,61,6.825546894589419,10.667746478873239,13.555833333333334,False,0.2707307358850118,Sin dato,Sin dato,Sin dato,Sin dato,Sin dato,Sin dato,6.0,2.0,12.0,4.0,3.0,4.0,6.433333333333334,92.76,0,0,Bajo,Ascendente,Bajo valor / Ascendente
2461,28,698,22,1051.1,406,7,671,47.777272727272724,False,89,6.958543445814242,6.876197183098591,25.1525,False,2.657908482005695,Sin dato,Sin dato,Sin dato,Sin dato,Sin dato,Sin dato,6.0,2.0,12.0,4.0,3.0,4.0,18.454545454545453,160.2,0,0,Bajo,Ascendente,Bajo valor / Ascendente
2462,54,705,186,11471.0,2875,0,652,61.67204301075269,False,180,9.347664562839402,117.8361971830986,167.2875,False,0.41966139436816663,Sin dato,Sin dato,Sin dato,Sin dato,Sin dato,Sin dato,6.0,2.0,12.0,4.0,3.0,4.0,15.456989247311828,2351.7000000000003,1,9,Alto,Ascendente,Alto valor / Ascendente
2463,97,495,12,158.42,61,210,399,13.201666666666666,False,32,5.071542228999777,2.146056338028169,0.0,False,-1.0,Sin dato,Sin dato,Sin dato,Sin dato,Sin dato,Sin dato,6.0,2.0,12.0,4.0,3.0,4.0,5.083333333333333,22.87,0,0,Bajo,Descendente,Bajo valor / Descendente
2464,114,695,51,1121.48,379,10,582,21.989803921568626,False,96,7.02329580208574,13.407464788732396,9.178333333333333,False,-0.31543110662898893,Sin dato,Sin dato,Sin dato,Sin dato,Sin dato,Sin dato,6.0,2.0,12.0,4.0,3.0,4.0,7.431372549019608,169.98,0,0,Bajo,Descendente,Bajo valor / Descendente
2465,32,686,165,2089.29,652,19,655,12.662363636363636,False,118,7.645058091313997,21.37169014084507,18.745,False,-0.12290511997574784,65+,A,15-24K,Homeowner,Single Female,None/Unknown,5.0,0.0,1.0,0.0,4.0,3.0,3.9515151515151516,479.32,0,0,Bajo,Descendente,Bajo valor / Descendente
2466,113,705,98,2551.34,745,0,593,26.034081632653063,False,113,7.844765864430633,30.39056338028169,32.30083333333334,False,0.06285733927167295,Sin dato,Sin dato,Sin dato,Sin dato,Sin dato,Sin dato,6.0,2.0,12.0,4.0,3.0,4.0,7.6020408163265305,342.39,1,4,Alto,Ascendente,Alto valor / Ascendente
2467,87,705,392,12757.2,4505,0,619,32.54387755102041,False,188,9.45392948111734,144.23704225352114,165.625,False,0.14828339109232347,35-44,A,75-99K,Homeowner,2 Adults Kids,1,2.0,0.0,5.0,0.0,1.0,0.0,11.49234693877551,5113.639999999999,1,12,Alto,Ascendente,Alto valor / Ascendente
2468,75,662,90,2506.89,1032,43,588,27.854333333333333,False,140,7.827197041141826,34.407042253521126,3.6483333333333334,False,-0.8939655054784614,Sin dato,Sin dato,Sin dato,Sin dato,Sin dato,Sin dato,6.0,2.0,12.0,4.0,3.0,4.0,11.466666666666667,669.7600000000001,1,2,Alto,Descendente,Alto valor / Descendente
2469,23,693,37,660.92,206,12,671,17.862702702702702,False,74,6.495144702713102,3.8188732394366194,9.519166666666667,False,1.492663691573849,Sin dato,Sin dato,Sin dato,Sin dato,Sin dato,Sin dato,6.0,2.0,12.0,4.0,3.0,4.0,5.5675675675675675,140.67,0,0,Bajo,Ascendente,Bajo valor / Ascendente
2470,79,690,91,1042.06,358,15,612,11.45120879120879,False,81,6.949913979712446,10.009014084507042,17.195,False,0.7179514240684455,Sin dato,Sin dato,Sin dato,Sin dato,Sin dato,Sin dato,6.0,2.0,12.0,4.0,3.0,4.0,3.934065934065934,230.25000000000003,1,2,Bajo,Ascendente,Bajo valor / Ascendente
2471,10,693,50,934.57,394,12,684,18.6914,False,102,6.841155969210895,9.325352112676057,17.0275,False,0.8259364144389063,Sin dato,Sin dato,Sin dato,Sin dato,Sin dato,Sin dato,6.0,2.0,12.0,4.0,3.0,4.0,7.88,197.17,0,0,Bajo,Ascendente,Bajo valor / Ascendente
2472,100,694,41,1195.77,340,11,595,29.16512195121951,False,116,7.087381540061115,12.399154929577465,25.133333333333336,False,1.027019863537573,Sin dato,Sin dato,Sin dato,Sin dato,Sin dato,Sin dato,6.0,2.0,12.0,4.0,3.0,4.0,8.292682926829269,215.89000000000001,1,1,Bajo,Ascendente,Bajo valor / Ascendente
2473,4,603,9,330.68,104,102,600,36.742222222222225,False,62,5.804170648687469,2.220281690140845,0.0,False,-1.0,Sin dato,Sin dato,Sin dato,Sin dato,Sin dato,Sin dato,6.0,2.0,12.0,4.0,3.0,4.0,11.555555555555555,53.36,0,0,Bajo,Descendente,Bajo valor / Descendente
2474,118,690,49,511.41,280,15,573,10.436938775510205,False,51,6.239125085835267,6.514225352112676,3.2983333333333333,False,-0.4936722088891771,Sin dato,Sin dato,Sin dato,Sin dato,Sin dato,Sin dato,6.0,2.0,12.0,4.0,3.0,4.0,5.714285714285714,361.46,1,2,Bajo,Descendente,Bajo valor / Descendente
2475,88,685,124,5079.02,1634,20,598,40.95983870967742,False,160,8.533070477572652,59.47197183098592,59.432500000000005,False,-0.000663704763280637,Sin dato,Sin dato,Sin dato,Sin dato,Sin dato,Sin dato,6.0,2.0,12.0,4.0,3.0,4.0,13.17741935483871,827.5999999999999,1,3,Alto,Descendente,Alto valor / Descendente
2476,113,481,14,403.26,63,224,369,28.804285714285715,False,34,6.002058235318851,5.467323943661972,0.0,False,-1.0,Sin dato,Sin dato,Sin dato,Sin dato,Sin dato,Sin dato,6.0,2.0,12.0,4.0,3.0,4.0,4.5,42.589999999999996,0,0,Bajo,Descendente,Bajo valor / Descendente
2477,19,690,40,1871.22,525,15,672,46.7805,False,116,7.534880171499964,15.530985915492959,37.748333333333335,False,1.4305175176082947,Sin dato,Sin dato,Sin dato,Sin dato,Sin dato,Sin dato,6.0,2.0,12.0,4.0,3.0,4.0,13.125,373.22999999999996,1,1,Bajo,Ascendente,Bajo valor / Ascendente
2478,10,700,145,3276.13,1519,5,691,22.594,False,129,8.094723318342236,30.935774647887325,31.305833333333336,False,0.011962159980089053,Sin dato,Sin dato,Sin dato,Sin dato,Sin dato,Sin dato,6.0,2.0,12.0,4.0,3.0,4.0,10.475862068965517,608.6,1,5,Alto,Ascendente,Alto valor / Ascendente
2479,111,704,135,14184.93,4542,1,594,105.07355555555556,False,197,9.560005907307449,165.9381690140845,172.50666666666666,False,0.03958400705279948,25-34,U,150-174K,Homeowner,2 Adults No Kids,None/Unknown,1.0,3.0,8.0,0.0,2.0,3.0,33.644444444444446,1852.71,1,11,Alto,Ascendente,Alto valor / Ascendente
2480,64,687,29,1716.05,561,18,624,59.17413793103448,False,109,7.448362981032595,18.359718309859154,10.403333333333334,False,-0.4333609504375265,Sin dato,Sin dato,Sin dato,Sin dato,Sin dato,Sin dato,6.0,2.0,12.0,4.0,3.0,4.0,19.344827586206897,242.64000000000001,0,0,Bajo,Descendente,Bajo valor / Descendente
2481,116,705,147,5392.72,1493,0,590,36.68517006802721,False,147,8.592990592823222,58.63267605633803,89.49166666666667,False,0.5263104583641612,Sin dato,Sin dato,Sin dato,Sin dato,Sin dato,Sin dato,6.0,2.0,12.0,4.0,3.0,4.0,10.156462585034014,1169.3500000000001,1,4,Alto,Ascendente,Alto valor / Ascendente
2482,10,682,71,2728.77,1025,23,673,38.43338028169014,False,120,7.911972635545603,19.81394366197183,30.386666666666667,False,0.5336001345853563,Sin dato,Sin dato,Sin dato,Sin dato,Sin dato,Sin dato,6.0,2.0,12.0,4.0,3.0,4.0,14.43661971830986,598.44,1,3,Alto,Ascendente,Alto valor / Ascendente
2483,1,705,82,1654.26,628,0,705,20.17390243902439,False,96,7.411713375170184,11.03225352112676,72.16416666666667,False,5.541199087609103,45-54,B,75-99K,Homeowner,Single Male,None/Unknown,3.0,1.0,5.0,0.0,5.0,3.0,7.658536585365853,264.85999999999996,1,1,Bajo,Ascendente,Bajo valor / Ascendente
2484,82,703,156,7797.17,2300,2,622,49.98185897435898,False,183,8.961644369766573,84.96577464788732,126.04416666666667,False,0.4834698699448717,Sin dato,Sin dato,Sin dato,Sin dato,Sin dato,Sin dato,6.0,2.0,12.0,4.0,3.0,4.0,14.743589743589743,1287.29,1,5,Alto,Ascendente,Alto valor / Ascendente
2485,63,702,81,1468.8500000000001,565,3,640,18.13395061728395,False,132,7.292915633749938,17.799014084507043,12.125833333333333,False,-0.31873567402319597,Sin dato,Sin dato,Sin dato,Sin dato,Sin dato,Sin dato,6.0,2.0,12.0,4.0,3.0,4.0,6.9753086419753085,242.75,1,3,Bajo,Descendente,Bajo valor / Descendente
2486,40,703,81,3210.83,1481,2,664,39.63987654320987,False,156,8.074596147140465,36.06887323943662,37.57416666666666,False,0.04173386335740039,35-44,B,25-34K,Unknown,Single Male,None/Unknown,2.0,1.0,2.0,5.0,5.0,3.0,18.28395061728395,835.18,1,4,Alto,Ascendente,Alto valor / Ascendente
2487,49,686,26,601.25,229,19,638,23.125,False,84,6.400672641494981,5.940985915492957,4.639166666666667,False,-0.21912511952458835,Sin dato,Sin dato,Sin dato,Sin dato,Sin dato,Sin dato,6.0,2.0,12.0,4.0,3.0,4.0,8.807692307692308,153.78,0,0,Bajo,Descendente,Bajo valor / Descendente
2488,62,704,119,6327.51,2001,1,643,53.17235294117647,False,166,8.752820100384529,71.24323943661973,60.37583333333333,False,-0.15253947166389578,45-54,B,35-49K,Homeowner,Single Female,None/Unknown,3.0,1.0,3.0,0.0,4.0,3.0,16.81512605042017,852.7299999999999,1,9,Alto,Descendente,Alto valor / Descendente
2489,69,702,139,9403.42,3257,3,634,67.65050359712231,False,198,9.148935070508672,122.27647887323943,37.6425,False,-0.6921525681237279,35-44,A,50-74K,Homeowner,2 Adults No Kids,None/Unknown,2.0,0.0,4.0,0.0,2.0,3.0,23.431654676258994,2178.04,1,16,Alto,Descendente,Alto valor / Descendente
2490,106,696,33,699.16,283,9,591,21.186666666666667,False,99,6.551308880353507,6.133098591549295,15.370833333333332,False,1.5062100509051939,Sin dato,Sin dato,Sin dato,Sin dato,Sin dato,Sin dato,6.0,2.0,12.0,4.0,3.0,4.0,8.575757575757576,143.76,0,0,Bajo,Ascendente,Bajo valor / Ascendente
2491,63,570,62,950.77,360,135,508,15.334999999999999,False,68,6.858323408963541,12.554084507042253,0.0,False,-1.0,Sin dato,Sin dato,Sin dato,Sin dato,Sin dato,Sin dato,6.0,2.0,12.0,4.0,3.0,4.0,5.806451612903226,179.88,0,0,Bajo,Descendente,Bajo valor / Descendente
2492,19,705,131,2816.25,1079,0,687,21.498091603053435,False,124,7.943516510832459,25.181971830985916,55.06333333333333,False,1.1866172237385715,Sin dato,Sin dato,Sin dato,Sin dato,Sin dato,Sin dato,6.0,2.0,12.0,4.0,3.0,4.0,8.236641221374045,412.82,1,1,Alto,Ascendente,Alto valor / Ascendente
2493,18,543,111,2588.73,837,162,526,23.32189189189189,False,107,7.859308902155229,31.031690140845072,0.0,False,-1.0,Sin dato,Sin dato,Sin dato,Sin dato,Sin dato,Sin dato,6.0,2.0,12.0,4.0,3.0,4.0,7.54054054054054,421.75,1,2,Alto,Descendente,Alto valor / Descendente
2494,114,702,35,2120.93,617,3,589,60.59799999999999,False,136,7.660081330882413,19.22830985915493,45.97416666666667,False,1.3909624404548264,35-44,U,50-74K,Homeowner,2 Adults No Kids,None/Unknown,2.0,3.0,4.0,0.0,2.0,3.0,17.62857142857143,462.27,1,2,Bajo,Ascendente,Bajo valor / Ascendente
2495,70,644,20,209.0,66,61,575,10.45,False,36,5.3471075307174685,2.5819718309859154,0.20750000000000002,False,-0.9196350643683177,Sin dato,Sin dato,Sin dato,Sin dato,Sin dato,Sin dato,6.0,2.0,12.0,4.0,3.0,4.0,3.3,33.58,0,0,Bajo,Descendente,Bajo valor / Descendente
2496,117,683,63,4339.66,1489,22,567,68.88349206349206,False,139,8.375781689265132,54.9387323943662,27.396666666666665,False,-0.5013232837262166,45-54,A,75-99K,Homeowner,Unknown,1,3.0,0.0,5.0,0.0,6.0,0.0,23.634920634920636,1179.09,1,5,Alto,Descendente,Alto valor / Descendente
2497,78,700,221,7111.9800000000005,1962,5,623,32.18090497737557,False,178,8.869676562976434,77.94661971830986,91.56,False,0.17465004038516788,45-54,U,35-49K,Unknown,Single Male,None/Unknown,3.0,3.0,3.0,5.0,5.0,3.0,8.877828054298643,1358.62,1,3,Alto,Ascendente,Alto valor / Ascendente
2498,105,704,168,2564.41,848,1,600,15.264345238095236,False,133,7.849873588885751,32.98140845070422,15.236666666666666,False,-0.5380225593021535,25-34,U,50-74K,Homeowner,2 Adults No Kids,None/Unknown,1.0,3.0,4.0,0.0,2.0,3.0,5.0476190476190474,275.3,1,6,Alto,Descendente,Alto valor / Descendente
2499,70,704,89,3384.69,1162,1,635,38.03022471910113,False,143,8.127313005046403,31.95985915492958,58.01916666666667,False,0.8153761687562892,25-34,U,Under 15K,Unknown,2 Adults Kids,1,1.0,3.0,0.0,5.0,1.0,0.0,13.0561797752809,501.72,1,2,Alto,Ascendente,Alto valor / Ascendente
2500,79,704,111,5427.09,1476,1,626,48.89270270270271,False,172,8.599342601510006,59.30943661971831,89.92916666666667,False,0.5162707958815507,Sin dato,Sin dato,Sin dato,Sin dato,Sin dato,Sin dato,6.0,2.0,12.0,4.0,3.0,4.0,13.297297297297296,1052.4099999999999,1,8,Alto,Ascendente,Alto valor / Ascendente
